No,No_norm,SMILES,label,scaffold_group,scaffold_group_type,canonical_smiles,standardized_smiles
2828,2828,COC=C(C(=O)OC)c1ccccc1CCl,0,c1ccccc1,murcko,COC=C(C(=O)OC)c1ccccc1CCl,COC=C(C(=O)OC)c1ccccc1CCl
7934,7934,CC(C)CCCCCCCOC(=O)C(C)(C)C,0,ACY_**(*)*********(*)*(*)(*)*,acyclic_anonymous_graph,CC(C)CCCCCCCOC(=O)C(C)(C)C,CC(C)CCCCCCCOC(=O)C(C)(C)C
3706,3706,CC(C)CP(=S)(S)CC(C)C,0,ACY_**(*)**(*)(*)**(*)*,acyclic_anonymous_graph,CC(C)CP(=S)(S)CC(C)C,CC(C)CP(=S)(S)CC(C)C
8212,8212,CCCCCCCCCCCC(=O)OCCC(C)C,0,ACY_************(*)****(*)*,acyclic_anonymous_graph,CCCCCCCCCCCC(=O)OCCC(C)C,CCCCCCCCCCCC(=O)OCCC(C)C
7962,7962,COc1ccc(S(=O)(=O)CCOS(=O)(=O)O)cc1N=Nc1c(S(=O)(=O)O)cc2c(N=Nc3ccc(S(=O)(=O)CCOS(=O)(=O)O)cc3S(=O)(=O)O)c(NCS(=O)(=O)O)ccc2c1O,1,c1ccc(N=Nc2ccc3c(N=Nc4ccccc4)cccc3c2)cc1,murcko,COc1ccc(S(=O)(=O)CCOS(=O)(=O)O)cc1N=Nc1c(S(=O)(=O)O)cc2c(N=Nc3ccc(S(=O)(=O)CCOS(=O)(=O)O)cc3S(=O)(=O)O)c(NCS(=O)(=O)O)ccc2c1O,COc1ccc(S(=O)(=O)CCOS(=O)(=O)O)cc1N=Nc1c(S(=O)(=O)O)cc2c(N=Nc3ccc(S(=O)(=O)CCOS(=O)(=O)O)cc3S(=O)(=O)O)c(NCS(=O)(=O)O)ccc2c1O
9411,9411,O=S(=O)(O)OO,1,ACY_***(*)(*)*,acyclic_anonymous_graph,O=S(=O)(O)OO,O=S(=O)(O)OO
10933,10933,CCC(=O)Nc1cccc(Nc2cc(S(=O)(=O)O)c(N)c3c2C(=O)c2ccccc2C3=O)c1,1,O=C1c2ccccc2C(=O)c2c(Nc3ccccc3)cccc21,murcko,CCC(=O)Nc1cccc(Nc2cc(S(=O)(=O)O)c(N)c3c2C(=O)c2ccccc2C3=O)c1,CCC(=O)Nc1cccc(Nc2cc(S(=O)(=O)O)c(N)c3c2C(=O)c2ccccc2C3=O)c1
11602,11602,Nc1ccc(Cl)c(Cl)c1,1,c1ccccc1,murcko,Nc1ccc(Cl)c(Cl)c1,Nc1ccc(Cl)c(Cl)c1
2308,2308,CCc1cc(Cc2cc(CC)c(N)c(CC)c2Cl)c(Cl)c(CC)c1N,0,c1ccc(Cc2ccccc2)cc1,murcko,CCc1cc(Cc2cc(CC)c(N)c(CC)c2Cl)c(Cl)c(CC)c1N,CCc1cc(Cc2cc(CC)c(N)c(CC)c2Cl)c(Cl)c(CC)c1N
3365,3365,NCCO,0,ACY_****,acyclic_anonymous_graph,NCCO,NCCO
6265,6265,CCC(=O)OC,0,ACY_***(*)**,acyclic_anonymous_graph,CCC(=O)OC,CCC(=O)OC
2339,2339,CC=CC,0,ACY_****,acyclic_anonymous_graph,CC=CC,CC=CC
5953,5953,CC(COCC(C)OC(=O)c1ccccc1)OC(=O)c1ccccc1,0,O=C(OCCOCCOC(=O)c1ccccc1)c1ccccc1,murcko,CC(COCC(C)OC(=O)c1ccccc1)OC(=O)c1ccccc1,CC(COCC(C)OC(=O)c1ccccc1)OC(=O)c1ccccc1
7214,7214,c1cc(N(CC2CO2)CC2CO2)ccc1OCC1CO1,1,c1cc(N(CC2CO2)CC2CO2)ccc1OCC1CO1,murcko,c1cc(N(CC2CO2)CC2CO2)ccc1OCC1CO1,c1cc(N(CC2CO2)CC2CO2)ccc1OCC1CO1
10701,10701,O=C(Nc1cc(S(=O)(=O)O)cc2cc(S(=O)(=O)O)c(N=Nc3ccc4cc(S(=O)(=O)CCOS(=O)(=O)O)ccc4c3S(=O)(=O)O)c(O)c12)c1ccccc1,1,O=C(Nc1cccc2ccc(N=Nc3ccc4ccccc4c3)cc12)c1ccccc1,murcko,O=C(Nc1cc(S(=O)(=O)O)cc2cc(S(=O)(=O)O)c(N=Nc3ccc4cc(S(=O)(=O)CCOS(=O)(=O)O)ccc4c3S(=O)(=O)O)c(O)c12)c1ccccc1,O=C(Nc1cc(S(=O)(=O)O)cc2cc(S(=O)(=O)O)c(N=Nc3ccc4cc(S(=O)(=O)CCOS(=O)(=O)O)ccc4c3S(=O)(=O)O)c(O)c12)c1ccccc1
9449,9449,c1ccccc1,1,c1ccccc1,murcko,c1ccccc1,c1ccccc1
10710,10710,Nc1c(N)n2n(c1=O)CCC2,0,O=c1ccn2n1CCC2,murcko,Nc1c(N)n2n(c1=O)CCC2,Nc1c(N)n2n(c1=O)CCC2
6583,6583,SCCSCCS,0,ACY_*******,acyclic_anonymous_graph,SCCSCCS,SCCSCCS
7631,7631,CC1=CC(=O)NS(=O)(=O)O1,0,O=C1C=COS(=O)(=O)N1,murcko,CC1=CC(=O)NS(=O)(=O)O1,CC1=CC(=O)NS(=O)(=O)O1
9693,9693,O=S(=O)(O)C(O)CCCC(O)S(=O)(=O)O,1,ACY_**(****(*)*(*)(*)*)*(*)(*)*,acyclic_anonymous_graph,O=S(=O)(O)C(O)CCCC(O)S(=O)(=O)O,O=S(=O)(O)C(O)CCCC(O)S(=O)(=O)O
2161,2161,CCCCCCCCCCCC[n+]1ccccc1,0,c1cc[nH+]cc1,murcko,CCCCCCCCCCCC[n+]1ccccc1,CCCCCCCCCCCC[n+]1ccccc1
11804,11804,CCCC(C)COC(=O)c1ccccc1O,0,c1ccccc1,murcko,CCCC(C)COC(=O)c1ccccc1O,CCCC(C)COC(=O)c1ccccc1O
3649,3649,Nc1ccc([N+](=O)[O-])c(C(=O)O)c1,0,c1ccccc1,murcko,Nc1ccc([N+](=O)[O-])c(C(=O)O)c1,Nc1ccc([N+](=O)[O-])c(C(=O)O)c1
6066,6066,C=C(C)C(=O)OCC(O)COC(=O)C(=C)C,1,ACY_**(***(*)*(*)*)***(*)*(*)*,acyclic_anonymous_graph,C=C(C)C(=O)OCC(O)COC(=O)C(=C)C,C=C(C)C(=O)OCC(O)COC(=O)C(=C)C
6892,6892,CN(C)c1ccc(C(=C2C=CC(=[N+](C)C)C=C2)c2ccccc2)cc1,0,[N+]=C1C=CC(=C(c2ccccc2)c2ccccc2)C=C1,murcko,CN(C)c1ccc(C(=C2C=CC(=[N+](C)C)C=C2)c2ccccc2)cc1,CN(C)c1ccc(C(=C2C=CC(=[N+](C)C)C=C2)c2ccccc2)cc1
11255,11255,CC(O)S(=O)(=O)O,1,ACY_**(*)*(*)(*)*,acyclic_anonymous_graph,CC(O)S(=O)(=O)O,CC(O)S(=O)(=O)O
7673,7673,CNc1ccc(C(O)(c2ccc(N(C)C)cc2)c2ccc(N(C)C)cc2)cc1,0,c1ccc(C(c2ccccc2)c2ccccc2)cc1,murcko,CNc1ccc(C(O)(c2ccc(N(C)C)cc2)c2ccc(N(C)C)cc2)cc1,CNc1ccc(C(O)(c2ccc(N(C)C)cc2)c2ccc(N(C)C)cc2)cc1
7908,7908,Nc1cccc(S(=O)(=O)c2cccc(N)c2)c1,1,O=S(=O)(c1ccccc1)c1ccccc1,murcko,Nc1cccc(S(=O)(=O)c2cccc(N)c2)c1,Nc1cccc(S(=O)(=O)c2cccc(N)c2)c1
2464,2464,C=CCOC(=O)c1cccc(C(=O)OCC=C)c1,1,c1ccccc1,murcko,C=CCOC(=O)c1cccc(C(=O)OCC=C)c1,C=CCOC(=O)c1cccc(C(=O)OCC=C)c1
8353,8353,O=C1C=C(N(O)O)C=CC1=NN=C1C(=O)C=Cc2ccccc21,0,O=C1C=CC=CC1=NN=C1C(=O)C=Cc2ccccc21,murcko,O=C1C=C(N(O)O)C=CC1=NN=C1C(=O)C=Cc2ccccc21,O=C1C=C(N(O)O)C=CC1=NN=C1C(=O)C=Cc2ccccc21
7740,7740,COC(=O)c1ccc2c(c1)C(C)(C)C(=CC=C1C(=O)N(c3ccccc3)N=C1C)N2C,0,O=C1C(=CC=C2Cc3ccccc3N2)C=NN1c1ccccc1,murcko,COC(=O)c1ccc2c(c1)C(C)(C)C(=CC=C1C(=O)N(c3ccccc3)N=C1C)N2C,COC(=O)c1ccc2c(c1)C(C)(C)C(=CC=C1C(=O)N(c3ccccc3)N=C1C)N2C
8513,8513,CCC=CCCOC(=O)c1ccccc1O,0,c1ccccc1,murcko,CCC=CCCOC(=O)c1ccccc1O,CCC=CCCOC(=O)c1ccccc1O
9533,9533,Cc1cc2[nH]c(=O)[nH]c2cc1N=NC1C(=O)NC(=O)NC1=O,0,O=C1NC(=O)C(N=Nc2ccc3[nH]c(=O)[nH]c3c2)C(=O)N1,murcko,Cc1cc2[nH]c(=O)[nH]c2cc1N=NC1C(=O)NC(=O)NC1=O,Cc1cc2[nH]c(=O)[nH]c2cc1N=NC1C(=O)NC(=O)NC1=O
3907,3907,C=C(C)C(=O)NC(C)C,0,ACY_**(*)**(*)*(*)*,acyclic_anonymous_graph,C=C(C)C(=O)NC(C)C,C=C(C)C(=O)NC(C)C
2900,2900,Nc1c(N=Nc2ccc([N+](=O)[O-])cc2)c(S(=O)(=O)O)cc2cc(S(=O)(=O)O)c(N=Nc3ccc(NS(=O)(=O)c4ccc(N=Nc5ccc(O)cc5O)cc4)cc3)c(O)c12,0,O=S(=O)(Nc1ccc(N=Nc2ccc3ccc(N=Nc4ccccc4)cc3c2)cc1)c1ccc(N=Nc2ccccc2)cc1,murcko,Nc1c(N=Nc2ccc([N+](=O)[O-])cc2)c(S(=O)(=O)O)cc2cc(S(=O)(=O)O)c(N=Nc3ccc(NS(=O)(=O)c4ccc(N=Nc5ccc(O)cc5O)cc4)cc3)c(O)c12,Nc1c(N=Nc2ccc([N+](=O)[O-])cc2)c(S(=O)(=O)O)cc2cc(S(=O)(=O)O)c(N=Nc3ccc(NS(=O)(=O)c4ccc(N=Nc5ccc(O)cc5O)cc4)cc3)c(O)c12
8201,8201,CC(C)(C)C(NC(=O)OCc1ccccc1)C(=O)O,0,c1ccccc1,murcko,CC(C)(C)C(NC(=O)OCc1ccccc1)C(=O)O,CC(C)(C)C(NC(=O)OCc1ccccc1)C(=O)O
6398,6398,CN(C1CCCCC1)S(=O)(=O)c1ccccc1N=Nc1c(N)ccc2cc(S(=O)(=O)O)cc(O)c12,0,O=S(=O)(NC1CCCCC1)c1ccccc1N=Nc1cccc2ccccc12,murcko,CN(C1CCCCC1)S(=O)(=O)c1ccccc1N=Nc1c(N)ccc2cc(S(=O)(=O)O)cc(O)c12,CN(C1CCCCC1)S(=O)(=O)c1ccccc1N=Nc1c(N)ccc2cc(S(=O)(=O)O)cc(O)c12
11811,11811,O=C(Cl)c1cccc(C(=O)Cl)c1,1,c1ccccc1,murcko,O=C(Cl)c1cccc(C(=O)Cl)c1,O=C(Cl)c1cccc(C(=O)Cl)c1
6819,6819,Nc1ccc(O)cc1F,1,c1ccccc1,murcko,Nc1ccc(O)cc1F,Nc1ccc(O)cc1F
6691,6691,CC(C)CCCCCCCO,0,ACY_*********(*)*,acyclic_anonymous_graph,CC(C)CCCCCCCO,CC(C)CCCCCCCO
9879,9879,CCCCCCCCCC(=O)OOC(=O)CCCCCCCCC,0,ACY_**********(*)***(*)*********,acyclic_anonymous_graph,CCCCCCCCCC(=O)OOC(=O)CCCCCCCCC,CCCCCCCCCC(=O)OOC(=O)CCCCCCCCC
7210,7210,COc1ccc(Cl)c(S(N)(=O)=O)c1,1,c1ccccc1,murcko,COc1ccc(Cl)c(S(N)(=O)=O)c1,COc1ccc(Cl)c(S(N)(=O)=O)c1
11597,11597,Cc1ccc(N)c(C)c1,0,c1ccccc1,murcko,Cc1ccc(N)c(C)c1,Cc1ccc(N)c(C)c1
1898,1898,Cc1ccc(NCCO)c([N+](=O)[O-])c1,0,c1ccccc1,murcko,Cc1ccc(NCCO)c([N+](=O)[O-])c1,Cc1ccc(NCCO)c([N+](=O)[O-])c1
9716,9716,[Sb],1,ACY_[*],acyclic_anonymous_graph,[Sb],[Sb]
8747,8747,CC(=O)C1(O)CCC2C3CCC4=CC(=O)CCC4(C)C3CCC21C,0,O=C1C=C2CCC3C4CCCC4CCC3C2CC1,murcko,CC(=O)C1(O)CCC2C3CCC4=CC(=O)CCC4(C)C3CCC21C,CC(=O)C1(O)CCC2C3CCC4=CC(=O)CCC4(C)C3CCC21C
4673,4673,Cc1cc(Cl)ccc1OC(C)C(=O)O,1,c1ccccc1,murcko,Cc1cc(Cl)ccc1OC(C)C(=O)O,Cc1cc(Cl)ccc1OC(C)C(=O)O
8090,8090,O=[N+]([O-])c1ccc(Nc2ccc(O)cc2)c([N+](=O)[O-])c1,0,c1ccc(Nc2ccccc2)cc1,murcko,O=[N+]([O-])c1ccc(Nc2ccc(O)cc2)c([N+](=O)[O-])c1,O=[N+]([O-])c1ccc(Nc2ccc(O)cc2)c([N+](=O)[O-])c1
8865,8865,O=C(O)CSSCC(=O)O,0,ACY_**(*)*****(*)*,acyclic_anonymous_graph,O=C(O)CSSCC(=O)O,O=C(O)CSSCC(=O)O
8581,8581,Nc1nc(N)nc(NC2CC2)n1,0,c1ncnc(NC2CC2)n1,murcko,Nc1nc(N)nc(NC2CC2)n1,Nc1nc(N)nc(NC2CC2)n1
9215,9215,CCC(=O)OC1CC2CC1C1CC=CC21,0,C1=CC2C3CCC(C3)C2C1,murcko,CCC(=O)OC1CC2CC1C1CC=CC21,CCC(=O)OC1CC2CC1C1CC=CC21
7724,7724,C=C(C)C(=O)Nc1ccc(S(N)(=O)=O)cc1,0,c1ccccc1,murcko,C=C(C)C(=O)Nc1ccc(S(N)(=O)=O)cc1,C=C(C)C(=O)Nc1ccc(S(N)(=O)=O)cc1
6005,6005,CC(C)(N=NC(C)(C)C1=NCCN1)C1=NCCN1,1,C1CNC(CN=NCC2=NCCN2)=N1,murcko,CC(C)(N=NC(C)(C)C1=NCCN1)C1=NCCN1,CC(C)(N=NC(C)(C)C1=NCCN1)C1=NCCN1
10661,10661,C=CS(=O)(=O)c1ccc(Nc2nc(Cl)nc(Nc3ccc4c(O)c(N=Nc5cc([N+](=O)[O-])ccc5O)c(S(=O)(=O)O)cc4c3)n2)cc1,0,c1ccc(N=Nc2ccc3cc(Nc4ncnc(Nc5ccccc5)n4)ccc3c2)cc1,murcko,C=CS(=O)(=O)c1ccc(Nc2nc(Cl)nc(Nc3ccc4c(O)c(N=Nc5cc([N+](=O)[O-])ccc5O)c(S(=O)(=O)O)cc4c3)n2)cc1,C=CS(=O)(=O)c1ccc(Nc2nc(Cl)nc(Nc3ccc4c(O)c(N=Nc5cc([N+](=O)[O-])ccc5O)c(S(=O)(=O)O)cc4c3)n2)cc1
2146,2146,COc1ccc(CCC(C)=O)cc1,0,c1ccccc1,murcko,COc1ccc(CCC(C)=O)cc1,COc1ccc(CCC(C)=O)cc1
2392,2392,Cn1cc(C(=O)Nc2cccc3c2C2CCC3C2=C(Cl)Cl)c(C(F)F)n1,0,C=C1C2CCC1c1c(NC(=O)c3cn[nH]c3)cccc12,murcko,Cn1cc(C(=O)Nc2cccc3c2C2CCC3C2=C(Cl)Cl)c(C(F)F)n1,Cn1cc(C(=O)Nc2cccc3c2C2CCC3C2=C(Cl)Cl)c(C(F)F)n1
10469,10469,Nc1cc(O)ccc1N=Nc1cc(S(=O)(=O)[O-])c([N+](N=Nc2ccc([N+](=O)[O-])cc2)=Nc2cc([N+](=O)[O-])cc([N+](=O)[O-])c2O)c2cc(S(=O)(=O)O)cc(O)c12,0,c1ccc(N=Nc2ccc([N+](N=Nc3ccccc3)=Nc3ccccc3)c3ccccc23)cc1,murcko,Nc1cc(O)ccc1N=Nc1cc(S(=O)(=O)[O-])c([N+](N=Nc2ccc([N+](=O)[O-])cc2)=Nc2cc([N+](=O)[O-])cc([N+](=O)[O-])c2O)c2cc(S(=O)(=O)O)cc(O)c12,Nc1cc(O)ccc1N=Nc1cc(S(=O)(=O)[O-])c([N+](N=Nc2ccc([N+](=O)[O-])cc2)=Nc2cc([N+](=O)[O-])cc([N+](=O)[O-])c2O)c2cc(S(=O)(=O)O)cc(O)c12
7915,7915,OCCc1ccccc1,0,c1ccccc1,murcko,OCCc1ccccc1,OCCc1ccccc1
7239,7239,CC1(C)C2CCC1(C)C(O)C2,1,C1CC2CCC1C2,murcko,CC1(C)C2CCC1(C)C(O)C2,CC1(C)C2CCC1(C)C(O)C2
8642,8642,CC(O)CN(CCO)CCO,0,ACY_****(***)**(*)*,acyclic_anonymous_graph,CC(O)CN(CCO)CCO,CC(O)CN(CCO)CCO
9645,9645,Nc1ccc(C(=O)NCCC(=O)O)cc1,0,c1ccccc1,murcko,Nc1ccc(C(=O)NCCC(=O)O)cc1,Nc1ccc(C(=O)NCCC(=O)O)cc1
5804,5804,CC(C)Sc1ncccc1CCC(F)(F)F,0,c1ccncc1,murcko,CC(C)Sc1ncccc1CCC(F)(F)F,CC(C)Sc1ncccc1CCC(F)(F)F
6288,6288,C=CC(=O)OCCCS(=O)(=O)O,0,ACY_***(*)*****(*)(*)*,acyclic_anonymous_graph,C=CC(=O)OCCCS(=O)(=O)O,C=CC(=O)OCCCS(=O)(=O)O
11157,11157,Cc1cc(-c2ccc(N=C=O)c(C)c2)ccc1N=C=O,1,c1ccc(-c2ccccc2)cc1,murcko,Cc1cc(-c2ccc(N=C=O)c(C)c2)ccc1N=C=O,Cc1cc(-c2ccc(N=C=O)c(C)c2)ccc1N=C=O
6296,6296,CCCCCCCCCCCCCCCCCCc1ccccc1S(=O)(=O)O,0,c1ccccc1,murcko,CCCCCCCCCCCCCCCCCCc1ccccc1S(=O)(=O)O,CCCCCCCCCCCCCCCCCCc1ccccc1S(=O)(=O)O
4955,4955,Nc1ccc2cc(S(=O)(=O)O)cc(O)c2c1N=Nc1ccc(Nc2nc(NCCS(=O)(=O)O)nc(N(CCO)CCO)n2)cc1S(=O)(=O)O,0,c1ccc2c(N=Nc3ccc(Nc4ncncn4)cc3)cccc2c1,murcko,Nc1ccc2cc(S(=O)(=O)O)cc(O)c2c1N=Nc1ccc(Nc2nc(NCCS(=O)(=O)O)nc(N(CCO)CCO)n2)cc1S(=O)(=O)O,Nc1ccc2cc(S(=O)(=O)O)cc(O)c2c1N=Nc1ccc(Nc2nc(NCCS(=O)(=O)O)nc(N(CCO)CCO)n2)cc1S(=O)(=O)O
10871,10871,CCC(C)c1cc([N+](=O)[O-])cc([N+](=O)[O-])c1O,1,c1ccccc1,murcko,CCC(C)c1cc([N+](=O)[O-])cc([N+](=O)[O-])c1O,CCC(C)c1cc([N+](=O)[O-])cc([N+](=O)[O-])c1O
7490,7490,O=C(O)c1ccccc1O,0,c1ccccc1,murcko,O=C(O)c1ccccc1O,O=C(O)c1ccccc1O
6321,6321,CCCCCCC(O)CCCCCCCCCCC(=O)O,0,ACY_*******(*)***********(*)*,acyclic_anonymous_graph,CCCCCCC(O)CCCCCCCCCCC(=O)O,CCCCCCC(O)CCCCCCCCCCC(=O)O
11758,11758,O=Cc1ccco1,1,c1ccoc1,murcko,O=Cc1ccco1,O=Cc1ccco1
6899,6899,CCOC(=O)c1ccnc(C(=O)OCC)c1,1,c1ccncc1,murcko,CCOC(=O)c1ccnc(C(=O)OCC)c1,CCOC(=O)c1ccnc(C(=O)OCC)c1
7105,7105,CC1=NN(c2ccccc2)C(=O)C1=CC1C(=O)N(c2ccccc2)N=C1C,0,O=C1C(=CC2C=NN(c3ccccc3)C2=O)C=NN1c1ccccc1,murcko,CC1=NN(c2ccccc2)C(=O)C1=CC1C(=O)N(c2ccccc2)N=C1C,CC1=NN(c2ccccc2)C(=O)C1=CC1C(=O)N(c2ccccc2)N=C1C
8804,8804,CC(=O)C(N=Nc1ccccc1C(F)(F)F)C(=O)Nc1ccc2[nH]c(=O)[nH]c2c1,0,O=C(CN=Nc1ccccc1)Nc1ccc2[nH]c(=O)[nH]c2c1,murcko,CC(=O)C(N=Nc1ccccc1C(F)(F)F)C(=O)Nc1ccc2[nH]c(=O)[nH]c2c1,CC(=O)C(N=Nc1ccccc1C(F)(F)F)C(=O)Nc1ccc2[nH]c(=O)[nH]c2c1
3221,3221,CC(=O)C(N=Nc1ccc(S(=O)(=O)O)cc1[N+](=O)[O-])C(=O)Nc1ccccc1,0,O=C(CN=Nc1ccccc1)Nc1ccccc1,murcko,CC(=O)C(N=Nc1ccc(S(=O)(=O)O)cc1[N+](=O)[O-])C(=O)Nc1ccccc1,CC(=O)C(N=Nc1ccc(S(=O)(=O)O)cc1[N+](=O)[O-])C(=O)Nc1ccccc1
6188,6188,CC(C)(C)OOC1(OOC(C)(C)C)CCCCC1,0,C1CCCCC1,murcko,CC(C)(C)OOC1(OOC(C)(C)C)CCCCC1,CC(C)(C)OOC1(OOC(C)(C)C)CCCCC1
5975,5975,CCCn1c(=O)c(C)cn2nc(N)nc12,0,O=c1ccn2ncnc2[nH]1,murcko,CCCn1c(=O)c(C)cn2nc(N)nc12,CCCn1c(=O)c(C)cn2nc(N)nc12
6062,6062,CNC(=O)c1cc(Oc2ccc(N)cc2)ccn1,0,c1ccc(Oc2ccncc2)cc1,murcko,CNC(=O)c1cc(Oc2ccc(N)cc2)ccn1,CNC(=O)c1cc(Oc2ccc(N)cc2)ccn1
4942,4942,CCS(=O)c1c(C#N)nn(-c2c(Cl)cc(C(F)(F)F)cc2Cl)c1N,0,c1ccc(-n2cccn2)cc1,murcko,CCS(=O)c1c(C#N)nn(-c2c(Cl)cc(C(F)(F)F)cc2Cl)c1N,CC[S+]([O-])c1c(C#N)nn(-c2c(Cl)cc(C(F)(F)F)cc2Cl)c1N
9338,9338,OCCN(CCO)C(CO)(CO)CO,0,ACY_****(***)*(**)(**)**,acyclic_anonymous_graph,OCCN(CCO)C(CO)(CO)CO,OCCN(CCO)C(CO)(CO)CO
1936,1936,CN(C)C(=O)Nc1ccccc1,0,c1ccccc1,murcko,CN(C)C(=O)Nc1ccccc1,CN(C)C(=O)Nc1ccccc1
11470,11470,CC(=CC#N)CCc1ccccc1,1,c1ccccc1,murcko,CC(=CC#N)CCc1ccccc1,CC(=CC#N)CCc1ccccc1
2945,2945,CCCCN(C)C(=NC1CCCCC1)NC1CCCCC1,1,C(=NC1CCCCC1)NC1CCCCC1,murcko,CCCCN(C)C(=NC1CCCCC1)NC1CCCCC1,CCCCN(C)C(=NC1CCCCC1)NC1CCCCC1
5954,5954,Cc1ccccc1OP(=S)(S)Oc1ccccc1C,0,S=[PH](Oc1ccccc1)Oc1ccccc1,murcko,Cc1ccccc1OP(=S)(S)Oc1ccccc1C,Cc1ccccc1OP(=S)(S)Oc1ccccc1C
8320,8320,Cc1ccc(N2C(=O)C=CC2=O)cc1N1C(=O)C=CC1=O,0,O=C1C=CC(=O)N1c1cccc(N2C(=O)C=CC2=O)c1,murcko,Cc1ccc(N2C(=O)C=CC2=O)cc1N1C(=O)C=CC1=O,Cc1ccc(N2C(=O)C=CC2=O)cc1N1C(=O)C=CC1=O
3013,3013,[Fe+3],0,ACY_[*],acyclic_anonymous_graph,[Fe+3],[Fe+3]
9661,9661,CCB(CC)OC,1,ACY_***(**)**,acyclic_anonymous_graph,CCB(CC)OC,CCB(CC)OC
10246,10246,CS(=O)(=O)OCCOCCOCCOS(C)(=O)=O,1,ACY_**(*)(*)***********(*)(*)*,acyclic_anonymous_graph,CS(=O)(=O)OCCOCCOCCOS(C)(=O)=O,CS(=O)(=O)OCCOCCOCCOS(C)(=O)=O
4384,4384,C=C(Br)C(F)(F)F,0,ACY_**(*)*(*)(*)*,acyclic_anonymous_graph,C=C(Br)C(F)(F)F,C=C(Br)C(F)(F)F
7226,7226,CCCCC(CC)COC(=O)CCS,0,ACY_*****(**)***(*)***,acyclic_anonymous_graph,CCCCC(CC)COC(=O)CCS,CCCCC(CC)COC(=O)CCS
10144,10144,CC(=O)OO,1,ACY_***(*)*,acyclic_anonymous_graph,CC(=O)OO,CC(=O)OO
7591,7591,CC(CCO)CCc1ccccc1,0,c1ccccc1,murcko,CC(CCO)CCc1ccccc1,CC(CCO)CCc1ccccc1
10019,10019,[Se],1,ACY_[*],acyclic_anonymous_graph,[Se],[Se]
12,12,CCOC=CC(=O)C(F)(F)F,0,ACY_******(*)*(*)(*)*,acyclic_anonymous_graph,CCOC=CC(=O)C(F)(F)F,CCOC=CC(=O)C(F)(F)F
7608,7608,Cc1ccc(NCCO)cc1O,0,c1ccccc1,murcko,Cc1ccc(NCCO)cc1O,Cc1ccc(NCCO)cc1O
5694,5694,C=CC(=O)OCCCCO,1,ACY_*******(*)**,acyclic_anonymous_graph,C=CC(=O)OCCCCO,C=CC(=O)OCCCCO
5503,5503,CCCCCCCCCCCCCC(=O)OCC(CCCCCCCC)CCCCCCCCCC,0,ACY_**************(*)***(********)**********,acyclic_anonymous_graph,CCCCCCCCCCCCCC(=O)OCC(CCCCCCCC)CCCCCCCCCC,CCCCCCCCCCCCCC(=O)OCC(CCCCCCCC)CCCCCCCCCC
4365,4365,Nc1cc(Cl)nc(C(=O)O)c1Cl,1,c1ccncc1,murcko,Nc1cc(Cl)nc(C(=O)O)c1Cl,Nc1cc(Cl)nc(C(=O)O)c1Cl
5801,5801,CC1(C)CCCC(C)(C)N1[O],1,C1CCNCC1,murcko,CC1(C)CCCC(C)(C)N1[O],CC1(C)CCCC(C)(C)N1[O]
10956,10956,CCN(CC)c1ccc(C(=O)c2ccc(N(CC)CC)cc2)cc1,1,O=C(c1ccccc1)c1ccccc1,murcko,CCN(CC)c1ccc(C(=O)c2ccc(N(CC)CC)cc2)cc1,CCN(CC)c1ccc(C(=O)c2ccc(N(CC)CC)cc2)cc1
7347,7347,O=[N+]([O-])c1ccc(N=Nc2c(O)ccc3ccccc23)c(O)c1,0,c1ccc(N=Nc2cccc3ccccc23)cc1,murcko,O=[N+]([O-])c1ccc(N=Nc2c(O)ccc3ccccc23)c(O)c1,O=[N+]([O-])c1ccc(N=Nc2c(O)ccc3ccccc23)c(O)c1
6344,6344,CC(=O)C(N=Nc1ccccc1C(=O)O)C(=O)Nc1ccc2[nH]c(=O)[nH]c2c1,0,O=C(CN=Nc1ccccc1)Nc1ccc2[nH]c(=O)[nH]c2c1,murcko,CC(=O)C(N=Nc1ccccc1C(=O)O)C(=O)Nc1ccc2[nH]c(=O)[nH]c2c1,CC(=O)C(N=Nc1ccccc1C(=O)O)C(=O)Nc1ccc2[nH]c(=O)[nH]c2c1
8475,8475,CC(=O)C(N=Nc1ccc(Cl)cc1[N+](=O)[O-])C(=O)Nc1ccccc1Cl,0,O=C(CN=Nc1ccccc1)Nc1ccccc1,murcko,CC(=O)C(N=Nc1ccc(Cl)cc1[N+](=O)[O-])C(=O)Nc1ccccc1Cl,CC(=O)C(N=Nc1ccc(Cl)cc1[N+](=O)[O-])C(=O)Nc1ccccc1Cl
6012,6012,C=C(C)C(=O)OC(C)CO,1,ACY_***(*)**(*)*(*)*,acyclic_anonymous_graph,C=C(C)C(=O)OC(C)CO,C=C(C)C(=O)OC(C)CO
2808,2808,O=Cc1cc(O)c(O)c([N+](=O)[O-])c1,1,c1ccccc1,murcko,O=Cc1cc(O)c(O)c([N+](=O)[O-])c1,O=Cc1cc(O)c(O)c([N+](=O)[O-])c1
6070,6070,C=CC1CCC(C=C)C(C=C)C1,0,C1CCCCC1,murcko,C=CC1CCC(C=C)C(C=C)C1,C=CC1CCC(C=C)C(C=C)C1
5297,5297,CNC(=N[N+](=O)[O-])NCc1cnc(Cl)s1,0,c1cscn1,murcko,CNC(=N[N+](=O)[O-])NCc1cnc(Cl)s1,CNC(=N[N+](=O)[O-])NCc1cnc(Cl)s1
4705,4705,Cc1ccc(S(C)(=O)=O)cc1[N+](=O)[O-],0,c1ccccc1,murcko,Cc1ccc(S(C)(=O)=O)cc1[N+](=O)[O-],Cc1ccc(S(C)(=O)=O)cc1[N+](=O)[O-]
6655,6655,CCC=CCCOC(C)=O,0,ACY_********(*)*,acyclic_anonymous_graph,CCC=CCCOC(C)=O,CCC=CCCOC(C)=O
2963,2963,CCO[Si](CCCNC(=O)OCCN(CC)c1ccc(N=O)cc1)(OCC)OCC,1,c1ccccc1,murcko,CCO[Si](CCCNC(=O)OCCN(CC)c1ccc(N=O)cc1)(OCC)OCC,CCO[Si](CCCNC(=O)OCCN(CC)c1ccc(N=O)cc1)(OCC)OCC
6258,6258,CCCCCCCCCCCCCCCCCCNC(=O)C=CC(=O)O,0,ACY_********************(*)***(*)*,acyclic_anonymous_graph,CCCCCCCCCCCCCCCCCCNC(=O)C=CC(=O)O,CCCCCCCCCCCCCCCCCCNC(=O)C=CC(=O)O
9690,9690,O=C(Nc1ccc(Cc2ccc(NC(=O)N3CC3)cc2)cc1)N1CC1,0,O=C(Nc1ccc(Cc2ccc(NC(=O)N3CC3)cc2)cc1)N1CC1,murcko,O=C(Nc1ccc(Cc2ccc(NC(=O)N3CC3)cc2)cc1)N1CC1,O=C(Nc1ccc(Cc2ccc(NC(=O)N3CC3)cc2)cc1)N1CC1
8521,8521,Cc1ccc(S(=O)(=O)O)cc1,0,c1ccccc1,murcko,Cc1ccc(S(=O)(=O)O)cc1,Cc1ccc(S(=O)(=O)O)cc1
3796,3796,Nc1nc(N)nc(N)n1,0,c1ncncn1,murcko,Nc1nc(N)nc(N)n1,Nc1nc(N)nc(N)n1
8871,8871,Nc1nc(Cl)nc(Nc2ccc(S(=O)(=O)O)c(N=Nc3c(S(=O)(=O)O)cc4cc(S(=O)(=O)O)c(N=Nc5cc(S(=O)(=O)O)ccc5S(=O)(=O)O)c(N)c4c3O)c2)n1,0,c1ccc(N=Nc2ccc3ccc(N=Nc4cccc(Nc5ncncn5)c4)cc3c2)cc1,murcko,Nc1nc(Cl)nc(Nc2ccc(S(=O)(=O)O)c(N=Nc3c(S(=O)(=O)O)cc4cc(S(=O)(=O)O)c(N=Nc5cc(S(=O)(=O)O)ccc5S(=O)(=O)O)c(N)c4c3O)c2)n1,Nc1nc(Cl)nc(Nc2ccc(S(=O)(=O)O)c(N=Nc3c(S(=O)(=O)O)cc4cc(S(=O)(=O)O)c(N=Nc5cc(S(=O)(=O)O)ccc5S(=O)(=O)O)c(N)c4c3O)c2)n1
3381,3381,O=C1CCC(O)C2C3CCC(C3=C(Cl)Cl)C12,1,C=C1C2CCC1C1C(=O)CCCC21,murcko,O=C1CCC(O)C2C3CCC(C3=C(Cl)Cl)C12,O=C1CCC(O)C2C3CCC(C3=C(Cl)Cl)C12
4694,4694,CCO[Si](CCCc1c(O)c(C(=O)c2ccccc2)cc(C(=O)c2ccccc2)c1O)(OCC)OCC,0,O=C(c1ccccc1)c1cccc(C(=O)c2ccccc2)c1,murcko,CCO[Si](CCCc1c(O)c(C(=O)c2ccccc2)cc(C(=O)c2ccccc2)c1O)(OCC)OCC,CCO[Si](CCCc1c(O)c(C(=O)c2ccccc2)cc(C(=O)c2ccccc2)c1O)(OCC)OCC
6213,6213,CC(O)C#CC(C)O,0,ACY_**(*)***(*)*,acyclic_anonymous_graph,CC(O)C#CC(C)O,CC(O)C#CC(C)O
8501,8501,CC1=NN(c2cccc(S(=O)(=O)O)c2)C(=O)C1N=Nc1cc(Cl)c(Cl)cc1S(=O)(=O)O,1,O=C1C(N=Nc2ccccc2)C=NN1c1ccccc1,murcko,CC1=NN(c2cccc(S(=O)(=O)O)c2)C(=O)C1N=Nc1cc(Cl)c(Cl)cc1S(=O)(=O)O,CC1=NN(c2cccc(S(=O)(=O)O)c2)C(=O)C1N=Nc1cc(Cl)c(Cl)cc1S(=O)(=O)O
3455,3455,O=S(=O)(O)OCCS(=O)(=O)c1ccc(N=Nc2c(S(=O)(=O)O)cc3cc(Nc4nc(Cl)nc(Cl)n4)ccc3c2O)cc1,1,c1ccc(N=Nc2ccc3cc(Nc4ncncn4)ccc3c2)cc1,murcko,O=S(=O)(O)OCCS(=O)(=O)c1ccc(N=Nc2c(S(=O)(=O)O)cc3cc(Nc4nc(Cl)nc(Cl)n4)ccc3c2O)cc1,O=S(=O)(O)OCCS(=O)(=O)c1ccc(N=Nc2c(S(=O)(=O)O)cc3cc(Nc4nc(Cl)nc(Cl)n4)ccc3c2O)cc1
4411,4411,CN1COCN=C1N[N+](=O)[O-],0,C1=NCOCN1,murcko,CN1COCN=C1N[N+](=O)[O-],CN1COCN=C1N[N+](=O)[O-]
2438,2438,CCOC(=O)CC(C)C,0,ACY_****(*)**(*)*,acyclic_anonymous_graph,CCOC(=O)CC(C)C,CCOC(=O)CC(C)C
11143,11143,N#Cc1ccccc1C#N,1,c1ccccc1,murcko,N#Cc1ccccc1C#N,N#Cc1ccccc1C#N
8728,8728,CC(=O)Nc1ccc(Nc2ccc(O)c3c2C(=O)c2ccccc2C3=O)cc1,0,O=C1c2ccccc2C(=O)c2c(Nc3ccccc3)cccc21,murcko,CC(=O)Nc1ccc(Nc2ccc(O)c3c2C(=O)c2ccccc2C3=O)cc1,CC(=O)Nc1ccc(Nc2ccc(O)c3c2C(=O)c2ccccc2C3=O)cc1
10326,10326,CC1=CCCCCCCCCCCCCC1=O,0,O=C1C=CCCCCCCCCCCCC1,murcko,CC1=CCCCCCCCCCCCCC1=O,CC1=CCCCCCCCCCCCCC1=O
9384,9384,ClCc1ccc(Cl)nc1,1,c1ccncc1,murcko,ClCc1ccc(Cl)nc1,ClCc1ccc(Cl)nc1
11515,11515,OCCNc1ccc2c(c1)OCO2,0,c1ccc2c(c1)OCO2,murcko,OCCNc1ccc2c(c1)OCO2,OCCNc1ccc2c(c1)OCO2
5751,5751,CC(C)COC(=S)S,0,ACY_**(*)***(*)*,acyclic_anonymous_graph,CC(C)COC(=S)S,CC(C)COC(=S)S
7123,7123,CNC(C)C,0,ACY_***(*)*,acyclic_anonymous_graph,CNC(C)C,CNC(C)C
10761,10761,C=CC(=O)OC1CC(C)CC(C)(C)C1,0,C1CCCCC1,murcko,C=CC(=O)OC1CC(C)CC(C)(C)C1,C=CC(=O)OC1CC(C)CC(C)(C)C1
11361,11361,CCC(C)c1cc(S(=O)(=O)O)cc(-n2nc3ccccc3n2)c1O,1,c1ccc(-n2nc3ccccc3n2)cc1,murcko,CCC(C)c1cc(S(=O)(=O)O)cc(-n2nc3ccccc3n2)c1O,CCC(C)c1cc(S(=O)(=O)O)cc(-n2nc3ccccc3n2)c1O
6608,6608,CC(O)C(O)C(O)C(O)C=O,0,ACY_***(*)*(*)*(*)*(*)*,acyclic_anonymous_graph,CC(O)C(O)C(O)C(O)C=O,CC(O)C(O)C(O)C(O)C=O
1944,1944,Nc1ccc(Cc2ccc(N)cc2)cc1,1,c1ccc(Cc2ccccc2)cc1,murcko,Nc1ccc(Cc2ccc(N)cc2)cc1,Nc1ccc(Cc2ccc(N)cc2)cc1
6774,6774,CCOC(C)OC1CCCCCCCCCCC1,0,C1CCCCCCCCCCC1,murcko,CCOC(C)OC1CCCCCCCCCCC1,CCOC(C)OC1CCCCCCCCCCC1
11294,11294,Oc1ccc(-c2ccc(O)cc2)cc1,1,c1ccc(-c2ccccc2)cc1,murcko,Oc1ccc(-c2ccc(O)cc2)cc1,Oc1ccc(-c2ccc(O)cc2)cc1
11521,11521,COc1cc(N=Nc2c(C)cc(C)cc2S(=O)(=O)O)c(C)cc1N=Nc1c(S(=O)(=O)O)cc2cc(Nc3ccccc3)ccc2c1O,0,c1ccc(N=Nc2ccc(N=Nc3ccc4cc(Nc5ccccc5)ccc4c3)cc2)cc1,murcko,COc1cc(N=Nc2c(C)cc(C)cc2S(=O)(=O)O)c(C)cc1N=Nc1c(S(=O)(=O)O)cc2cc(Nc3ccccc3)ccc2c1O,COc1cc(N=Nc2c(C)cc(C)cc2S(=O)(=O)O)c(C)cc1N=Nc1c(S(=O)(=O)O)cc2cc(Nc3ccccc3)ccc2c1O
11527,11527,Fc1cccc(C(F)(F)F)n1,1,c1ccncc1,murcko,Fc1cccc(C(F)(F)F)n1,Fc1cccc(C(F)(F)F)n1
10523,10523,Nc1nc(NC2CC2)c2ncn(C3C=CC(CO)C3)c2n1,1,C1=CC(n2cnc3c(NC4CC4)ncnc32)CC1,murcko,Nc1nc(NC2CC2)c2ncn(C3C=CC(CO)C3)c2n1,Nc1nc(NC2CC2)c2ncn(C3C=CC(CO)C3)c2n1
6578,6578,COCCc1ccccc1,0,c1ccccc1,murcko,COCCc1ccccc1,COCCc1ccccc1
7572,7572,O=S(=O)(Nc1ccc(O)cc1)c1ccccc1,0,O=S(=O)(Nc1ccccc1)c1ccccc1,murcko,O=S(=O)(Nc1ccc(O)cc1)c1ccccc1,O=S(=O)(Nc1ccc(O)cc1)c1ccccc1
2319,2319,CN1C(C)(C)CC(OC(=O)CCCCCCCCC(=O)OC2CC(C)(C)N(C)C(C)(C)C2)CC1(C)C,1,O=C(CCCCCCCCC(=O)OC1CCNCC1)OC1CCNCC1,murcko,CN1C(C)(C)CC(OC(=O)CCCCCCCCC(=O)OC2CC(C)(C)N(C)C(C)(C)C2)CC1(C)C,CN1C(C)(C)CC(OC(=O)CCCCCCCCC(=O)OC2CC(C)(C)N(C)C(C)(C)C2)CC1(C)C
5224,5224,CC(O)CN(CCCN(CCCN(C)C)CCCN(C)C)CC(C)O,0,ACY_**(*)****(****(*)*)****(**(*)*)**(*)*,acyclic_anonymous_graph,CC(O)CN(CCCN(CCCN(C)C)CCCN(C)C)CC(C)O,CC(O)CN(CCCN(CCCN(C)C)CCCN(C)C)CC(C)O
10887,10887,O=C1C=CCCCCCCCCCCCCC1,0,O=C1C=CCCCCCCCCCCCCC1,murcko,O=C1C=CCCCCCCCCCCCCC1,O=C1C=CCCCCCCCCCCCCC1
4385,4385,CC(C=O)=Cc1ccccc1,0,c1ccccc1,murcko,CC(C=O)=Cc1ccccc1,CC(C=O)=Cc1ccccc1
6294,6294,C=CC(=O)OCCOC,1,ACY_******(*)**,acyclic_anonymous_graph,C=CC(=O)OCCOC,C=CC(=O)OCCOC
3648,3648,Clc1cc2c3nc4nc(nc5[nH]c(nc6nc(nc([nH]3)c2c(Cl)c1Cl)-c1c(Cl)c(Cl)c(Cl)c(Cl)c1-6)c1c(Cl)c(Cl)c(Cl)c(Cl)c51)-c1c(Cl)c(Cl)c(Cl)c(Cl)c1-4,0,c1ccc2c(c1)-c1nc-2nc2[nH]c(nc3nc(nc4[nH]c(n1)c1ccccc41)-c1ccccc1-3)c1ccccc21,murcko,Clc1cc2c3nc4nc(nc5[nH]c(nc6nc(nc([nH]3)c2c(Cl)c1Cl)-c1c(Cl)c(Cl)c(Cl)c(Cl)c1-6)c1c(Cl)c(Cl)c(Cl)c(Cl)c51)-c1c(Cl)c(Cl)c(Cl)c(Cl)c1-4,Clc1cc2c3nc4nc(nc5[nH]c(nc6nc(nc([nH]3)c2c(Cl)c1Cl)-c1c(Cl)c(Cl)c(Cl)c(Cl)c1-6)c1c(Cl)c(Cl)c(Cl)c(Cl)c51)-c1c(Cl)c(Cl)c(Cl)c(Cl)c1-4
9905,9905,FC1(F)COC1(F)F,1,C1COC1,murcko,FC1(F)COC1(F)F,FC1(F)COC1(F)F
5278,5278,c1ccc(N(CC2CO2)CC2CO2)cc1,1,c1ccc(N(CC2CO2)CC2CO2)cc1,murcko,c1ccc(N(CC2CO2)CC2CO2)cc1,c1ccc(N(CC2CO2)CC2CO2)cc1
7592,7592,Cc1ccc2nc(-c3ccc(N=NC4C(=O)NC(=NC#N)NC4=O)cc3)sc2c1S(=O)(=O)O,1,N=C1NC(=O)C(N=Nc2ccc(-c3nc4ccccc4s3)cc2)C(=O)N1,murcko,Cc1ccc2nc(-c3ccc(N=NC4C(=O)NC(=NC#N)NC4=O)cc3)sc2c1S(=O)(=O)O,Cc1ccc2nc(-c3ccc(N=NC4C(=O)NC(=NC#N)NC4=O)cc3)sc2c1S(=O)(=O)O
8278,8278,CC=Cc1ccc(OC)c(OC)c1,1,c1ccccc1,murcko,CC=Cc1ccc(OC)c(OC)c1,CC=Cc1ccc(OC)c(OC)c1
5378,5378,CN(C)C(=O)Nc1cccc(C(F)(F)F)c1,1,c1ccccc1,murcko,CN(C)C(=O)Nc1cccc(C(F)(F)F)c1,CN(C)C(=O)Nc1cccc(C(F)(F)F)c1
3536,3536,O=C(C=Cc1ccc2c(c1)OCO2)N(c1ccccc1)c1ccccc1,0,O=C(C=Cc1ccc2c(c1)OCO2)N(c1ccccc1)c1ccccc1,murcko,O=C(C=Cc1ccc2c(c1)OCO2)N(c1ccccc1)c1ccccc1,O=C(C=Cc1ccc2c(c1)OCO2)N(c1ccccc1)c1ccccc1
2033,2033,CC(C)(C)OC(=O)NC(CO)c1ccccc1,0,c1ccccc1,murcko,CC(C)(C)OC(=O)NC(CO)c1ccccc1,CC(C)(C)OC(=O)NC(CO)c1ccccc1
7267,7267,CC1(C)COCN1,1,C1COCN1,murcko,CC1(C)COCN1,CC1(C)COCN1
7697,7697,CC(C)C(=O)C(C)C,1,ACY_**(*)*(*)*(*)*,acyclic_anonymous_graph,CC(C)C(=O)C(C)C,CC(C)C(=O)C(C)C
6346,6346,COC(=O)c1cc(F)ccc1N,0,c1ccccc1,murcko,COC(=O)c1cc(F)ccc1N,COC(=O)c1cc(F)ccc1N
6728,6728,C=C(COC(C)=O)COC(C)=O,1,ACY_**(*)***(*)***(*)*,acyclic_anonymous_graph,C=C(COC(C)=O)COC(C)=O,C=C(COC(C)=O)COC(C)=O
10302,10302,CCC[CH2][Sn](=[O])[CH2]CCC,0,ACY_*****(*)****,acyclic_anonymous_graph,CCC[CH2][Sn](=[O])[CH2]CCC,CCC[CH2][Sn+2][CH2]CCC
10837,10837,OC(CN(Cc1ccccc1)CC(O)C1CCc2cc(F)ccc2O1)C1CCc2cc(F)ccc2O1,0,c1ccc(CN(CCC2CCc3ccccc3O2)CCC2CCc3ccccc3O2)cc1,murcko,OC(CN(Cc1ccccc1)CC(O)C1CCc2cc(F)ccc2O1)C1CCc2cc(F)ccc2O1,OC(CN(Cc1ccccc1)CC(O)C1CCc2cc(F)ccc2O1)C1CCc2cc(F)ccc2O1
10573,10573,CC(c1ccccc1)c1ccc(O)cc1O,0,c1ccc(Cc2ccccc2)cc1,murcko,CC(c1ccccc1)c1ccc(O)cc1O,CC(c1ccccc1)c1ccc(O)cc1O
7402,7402,CC(=O)C(N=Nc1ccc([N+](=O)[O-])cc1)C(=O)Nc1ccc2[nH]c(=O)[nH]c2c1,0,O=C(CN=Nc1ccccc1)Nc1ccc2[nH]c(=O)[nH]c2c1,murcko,CC(=O)C(N=Nc1ccc([N+](=O)[O-])cc1)C(=O)Nc1ccc2[nH]c(=O)[nH]c2c1,CC(=O)C(N=Nc1ccc([N+](=O)[O-])cc1)C(=O)Nc1ccc2[nH]c(=O)[nH]c2c1
2820,2820,CCCC(C)=NO[Si](ON=C(C)CCC)(ON=C(C)CCC)ON=C(C)CCC,1,ACY_****(*)***(***(*)***)(***(*)***)***(*)***,acyclic_anonymous_graph,CCCC(C)=NO[Si](ON=C(C)CCC)(ON=C(C)CCC)ON=C(C)CCC,CCCC(C)=NO[Si](ON=C(C)CCC)(ON=C(C)CCC)ON=C(C)CCC
6361,6361,Cc1cc(O)ccc1C(C)C,1,c1ccccc1,murcko,Cc1cc(O)ccc1C(C)C,Cc1cc(O)ccc1C(C)C
2533,2533,CC=CC=CC(=O)O,1,ACY_******(*)*,acyclic_anonymous_graph,CC=CC=CC(=O)O,CC=CC=CC(=O)O
5887,5887,CCN(CCCl)c1ccc(C=O)cc1,1,c1ccccc1,murcko,CCN(CCCl)c1ccc(C=O)cc1,CCN(CCCl)c1ccc(C=O)cc1
9701,9701,Cc1[nH]n2c(=O)c3ccccc3nc2c1N=Nc1ccc(Cl)cc1[N+](=O)[O-],0,O=c1c2ccccc2nc2c(N=Nc3ccccc3)c[nH]n12,murcko,Cc1[nH]n2c(=O)c3ccccc3nc2c1N=Nc1ccc(Cl)cc1[N+](=O)[O-],Cc1[nH]n2c(=O)c3ccccc3nc2c1N=Nc1ccc(Cl)cc1[N+](=O)[O-]
5753,5753,Cc1cccc([N+](=O)[O-])c1[N+](=O)[O-],0,c1ccccc1,murcko,Cc1cccc([N+](=O)[O-])c1[N+](=O)[O-],Cc1cccc([N+](=O)[O-])c1[N+](=O)[O-]
2958,2958,CC1=CC(=O)N(Cc2cccc(CN3C(=O)C=C(C)C3=O)c2)C1=O,1,O=C1C=CC(=O)N1Cc1cccc(CN2C(=O)C=CC2=O)c1,murcko,CC1=CC(=O)N(Cc2cccc(CN3C(=O)C=C(C)C3=O)c2)C1=O,CC1=CC(=O)N(Cc2cccc(CN3C(=O)C=C(C)C3=O)c2)C1=O
9490,9490,CC(C)c1cc(C(C)C)cc(C(C)C)c1,1,c1ccccc1,murcko,CC(C)c1cc(C(C)C)cc(C(C)C)c1,CC(C)c1cc(C(C)C)cc(C(C)C)c1
5610,5610,CC(=O)OCc1cc(C(C)=O)ccc1OC(C)=O,1,c1ccccc1,murcko,CC(=O)OCc1cc(C(C)=O)ccc1OC(C)=O,CC(=O)OCc1cc(C(C)=O)ccc1OC(C)=O
4307,4307,Oc1ccc(C(c2ccc(O)cc2)(C(F)(F)F)C(F)(F)F)cc1,1,c1ccc(Cc2ccccc2)cc1,murcko,Oc1ccc(C(c2ccc(O)cc2)(C(F)(F)F)C(F)(F)F)cc1,Oc1ccc(C(c2ccc(O)cc2)(C(F)(F)F)C(F)(F)F)cc1
6018,6018,CCOC(=O)C=C(C)O,0,ACY_****(*)**(*)*,acyclic_anonymous_graph,CCOC(=O)C=C(C)O,CCOC(=O)C=C(C)O
7121,7121,CC(C)(O)C(=O)c1ccc(Cc2ccc(C(=O)C(C)(C)O)cc2)cc1,1,c1ccc(Cc2ccccc2)cc1,murcko,CC(C)(O)C(=O)c1ccc(Cc2ccc(C(=O)C(C)(C)O)cc2)cc1,CC(C)(O)C(=O)c1ccc(Cc2ccc(C(=O)C(C)(C)O)cc2)cc1
2919,2919,C=C(C)C(=O)OCCC(C)OC(=O)C(=C)C,0,ACY_**(****(*)*(*)*)**(*)*(*)*,acyclic_anonymous_graph,C=C(C)C(=O)OCCC(C)OC(=O)C(=C)C,C=C(C)C(=O)OCCC(C)OC(=O)C(=C)C
8480,8480,NC(=O)c1ccccc1O,1,c1ccccc1,murcko,NC(=O)c1ccccc1O,NC(=O)c1ccccc1O
10204,10204,Cc1c(CNC(=O)CCl)c(C)c(Nc2cc(S(=O)(=O)O)c(N)c3c2C(=O)c2ccccc2C3=O)c(C)c1CNC(=O)CCl,0,O=C1c2ccccc2C(=O)c2c(Nc3ccccc3)cccc21,murcko,Cc1c(CNC(=O)CCl)c(C)c(Nc2cc(S(=O)(=O)O)c(N)c3c2C(=O)c2ccccc2C3=O)c(C)c1CNC(=O)CCl,Cc1c(CNC(=O)CCl)c(C)c(Nc2cc(S(=O)(=O)O)c(N)c3c2C(=O)c2ccccc2C3=O)c(C)c1CNC(=O)CCl
3151,3151,O=CCc1ccccc1,0,c1ccccc1,murcko,O=CCc1ccccc1,O=CCc1ccccc1
10318,10318,COc1ccccc1N=NC(C(C)=O)C(=O)Nc1ccc2[nH]c(=O)[nH]c2c1,0,O=C(CN=Nc1ccccc1)Nc1ccc2[nH]c(=O)[nH]c2c1,murcko,COc1ccccc1N=NC(C(C)=O)C(=O)Nc1ccc2[nH]c(=O)[nH]c2c1,COc1ccccc1N=NC(C(C)=O)C(=O)Nc1ccc2[nH]c(=O)[nH]c2c1
3121,3121,O=[Si](O)O,1,ACY_**(*)*,acyclic_anonymous_graph,O=[Si](O)O,O=[Si](O)O
1876,1876,[Cl][Sb]([Cl])[Cl],1,ACY_**(*)*,acyclic_anonymous_graph,[Cl][Sb]([Cl])[Cl],[Cl][Sb]([Cl])[Cl]
10269,10269,COc1ccc([N+](=O)[O-])cc1N=NC(C(C)=O)C(=O)Nc1ccccc1OC,0,O=C(CN=Nc1ccccc1)Nc1ccccc1,murcko,COc1ccc([N+](=O)[O-])cc1N=NC(C(C)=O)C(=O)Nc1ccccc1OC,COc1ccc([N+](=O)[O-])cc1N=NC(C(C)=O)C(=O)Nc1ccccc1OC
5979,5979,NC(=O)CCN(CCO)c1nc(Nc2ccccc2)nc(Nc2ccc(C=Cc3ccc(Nc4nc(Nc5ccccc5)nc(N(CCO)CCC(N)=O)n4)cc3S(=O)(=O)O)c(S(=O)(=O)O)c2)n1,0,C(=Cc1ccc(Nc2ncnc(Nc3ccccc3)n2)cc1)c1ccc(Nc2ncnc(Nc3ccccc3)n2)cc1,murcko,NC(=O)CCN(CCO)c1nc(Nc2ccccc2)nc(Nc2ccc(C=Cc3ccc(Nc4nc(Nc5ccccc5)nc(N(CCO)CCC(N)=O)n4)cc3S(=O)(=O)O)c(S(=O)(=O)O)c2)n1,NC(=O)CCN(CCO)c1nc(Nc2ccccc2)nc(Nc2ccc(C=Cc3ccc(Nc4nc(Nc5ccccc5)nc(N(CCO)CCC(N)=O)n4)cc3S(=O)(=O)O)c(S(=O)(=O)O)c2)n1
3029,3029,[O]=[Ti]([OH])[OH],0,ACY_**(*)*,acyclic_anonymous_graph,[O]=[Ti]([OH])[OH],O
8717,8717,CCCCCCCCCCCCCCCCCC(=O)OCC[N+](C)(C)CCOC(=O)CCCCCCCCCCCCCCCCC,0,ACY_******************(*)****(*)(*)****(*)*****************,acyclic_anonymous_graph,CCCCCCCCCCCCCCCCCC(=O)OCC[N+](C)(C)CCOC(=O)CCCCCCCCCCCCCCCCC,CCCCCCCCCCCCCCCCCC(=O)OCC[N+](C)(C)CCOC(=O)CCCCCCCCCCCCCCCCC
4646,4646,Cc1cc(CC(C)C)ccc1CCC=O,0,c1ccccc1,murcko,Cc1cc(CC(C)C)ccc1CCC=O,Cc1cc(CC(C)C)ccc1CCC=O
2530,2530,CCCCCCCCCC(C)C=O,0,ACY_**********(*)**,acyclic_anonymous_graph,CCCCCCCCCC(C)C=O,CCCCCCCCCC(C)C=O
10877,10877,CC(C)C1C2CCC1c1c(NC(=O)c3cn(C)nc3C(F)F)cccc12,0,O=C(Nc1cccc2c1C1CCC2C1)c1cn[nH]c1,murcko,CC(C)C1C2CCC1c1c(NC(=O)c3cn(C)nc3C(F)F)cccc12,CC(C)C1C2CCC1c1c(NC(=O)c3cn(C)nc3C(F)F)cccc12
11467,11467,Nc1ccc(N)c(CCO)c1,1,c1ccccc1,murcko,Nc1ccc(N)c(CCO)c1,Nc1ccc(N)c(CCO)c1
2793,2793,CC(=O)CO,0,ACY_***(*)*,acyclic_anonymous_graph,CC(=O)CO,CC(=O)CO
10195,10195,COS(=O)(=O)c1ccc(C)cc1,1,c1ccccc1,murcko,COS(=O)(=O)c1ccc(C)cc1,COS(=O)(=O)c1ccc(C)cc1
6951,6951,CN=C(N)N[N+](=O)[O-],0,ACY_***(*)**(*)*,acyclic_anonymous_graph,CN=C(N)N[N+](=O)[O-],CN=C(N)N[N+](=O)[O-]
2769,2769,O=C1OC(=O)C2C1C1(Cl)C(Cl)=C(Cl)C2(Cl)C1(Cl)Cl,1,O=C1OC(=O)C2C3C=CC(C3)C12,murcko,O=C1OC(=O)C2C1C1(Cl)C(Cl)=C(Cl)C2(Cl)C1(Cl)Cl,O=C1OC(=O)C2C1C1(Cl)C(Cl)=C(Cl)C2(Cl)C1(Cl)Cl
4621,4621,CCCCCCCCC=CCCCCCCCCNC(=O)CCCCCCCCCCCCCCC,0,ACY_********************(*)***************,acyclic_anonymous_graph,CCCCCCCCC=CCCCCCCCCNC(=O)CCCCCCCCCCCCCCC,CCCCCCCCC=CCCCCCCCCNC(=O)CCCCCCCCCCCCCCC
7742,7742,O=C1C=CC(N(O)O)=CC1=NN=C1C(=O)C=Cc2ccccc21,0,O=C1C=CC=CC1=NN=C1C(=O)C=Cc2ccccc21,murcko,O=C1C=CC(N(O)O)=CC1=NN=C1C(=O)C=Cc2ccccc21,O=C1C=CC(N(O)O)=CC1=NN=C1C(=O)C=Cc2ccccc21
9775,9775,C=CF,1,ACY_***,acyclic_anonymous_graph,C=CF,C=CF
4401,4401,FC1CC(F)(F)C(F)(F)C1(F)F,1,C1CCCC1,murcko,FC1CC(F)(F)C(F)(F)C1(F)F,FC1CC(F)(F)C(F)(F)C1(F)F
6647,6647,C[N+](C)(C)CC(O)CC(=O)O,0,ACY_**(*)**(*)**(*)(*)*,acyclic_anonymous_graph,C[N+](C)(C)CC(O)CC(=O)O,C[N+](C)(C)CC(O)CC(=O)O
7746,7746,CC1(C)OCC2OC2CO1,1,C1OCC2OC2CO1,murcko,CC1(C)OCC2OC2CO1,CC1(C)OCC2OC2CO1
8035,8035,C=C(CC(=O)OC)C(=O)OC,1,ACY_***(*)**(*)*(*)**,acyclic_anonymous_graph,C=C(CC(=O)OC)C(=O)OC,C=C(CC(=O)OC)C(=O)OC
7459,7459,CC(=O)CC(=O)Nc1ccc(NC(=O)CC(C)=O)c(Cl)c1,0,c1ccccc1,murcko,CC(=O)CC(=O)Nc1ccc(NC(=O)CC(C)=O)c(Cl)c1,CC(=O)CC(=O)Nc1ccc(NC(=O)CC(C)=O)c(Cl)c1
4398,4398,CCO[Si](CCl)(OCC)OCC,0,ACY_****(**)(***)***,acyclic_anonymous_graph,CCO[Si](CCl)(OCC)OCC,CCO[Si](CCl)(OCC)OCC
5099,5099,COC1(OC)CCC2=C(CCC3C2CCC2(C)C(=O)CCC32)C1,1,O=C1CCC2C1CCC1C3=C(CCCC3)CCC12,murcko,COC1(OC)CCC2=C(CCC3C2CCC2(C)C(=O)CCC32)C1,COC1(OC)CCC2=C(CCC3C2CCC2(C)C(=O)CCC32)C1
4564,4564,C#CC(C)(O)CCCC(C)CCCC(C)C,0,ACY_***(*)(*)****(*)****(*)*,acyclic_anonymous_graph,C#CC(C)(O)CCCC(C)CCCC(C)C,C#CC(C)(O)CCCC(C)CCCC(C)C
9335,9335,C=CC(=O)OCC1COC(C)(CC)O1,1,C1COCO1,murcko,C=CC(=O)OCC1COC(C)(CC)O1,C=CC(=O)OCC1COC(C)(CC)O1
10809,10809,Cc1cccc(C)c1N,1,c1ccccc1,murcko,Cc1cccc(C)c1N,Cc1cccc(C)c1N
6422,6422,C[N+](C)(C)CC(O)CCl,1,ACY_***(*)**(*)(*)*,acyclic_anonymous_graph,C[N+](C)(C)CC(O)CCl,C[N+](C)(C)CC(O)CCl
10197,10197,CC(C=O)Cc1ccc(C(C)(C)C)cc1,0,c1ccccc1,murcko,CC(C=O)Cc1ccc(C(C)(C)C)cc1,CC(C=O)Cc1ccc(C(C)(C)C)cc1
8352,8352,NCCCCCCCCCCN,1,ACY_************,acyclic_anonymous_graph,NCCCCCCCCCCN,NCCCCCCCCCCN
3674,3674,[O]=[Cr](=[O])=[O],1,ACY_**(*)*,acyclic_anonymous_graph,[O]=[Cr](=[O])=[O],[Cr+6]
6937,6937,CC1=CCC(C(C)C)C=C1,0,C1=CCCC=C1,murcko,CC1=CCC(C(C)C)C=C1,CC1=CCC(C(C)C)C=C1
9440,9440,CCCCCCCCCCCCCCCCCC(=O)OCC(COCC(COC(=O)CCCCCCCCCCCCCCCCC)(COC(=O)CCCCCCCCCCCCCCCCC)COC(=O)CCCCCCCCCCCCCCCCC)(COC(=O)CCCCCCCCCCCCCCCCC)COC(=O)CCCCCCCCCCCCCCCCC,0,ACY_******************(*)***(****(***(*)*****************)(***(*)*****************)***(*)*****************)(***(*)*****************)***(*)*****************,acyclic_anonymous_graph,CCCCCCCCCCCCCCCCCC(=O)OCC(COCC(COC(=O)CCCCCCCCCCCCCCCCC)(COC(=O)CCCCCCCCCCCCCCCCC)COC(=O)CCCCCCCCCCCCCCCCC)(COC(=O)CCCCCCCCCCCCCCCCC)COC(=O)CCCCCCCCCCCCCCCCC,CCCCCCCCCCCCCCCCCC(=O)OCC(COCC(COC(=O)CCCCCCCCCCCCCCCCC)(COC(=O)CCCCCCCCCCCCCCCCC)COC(=O)CCCCCCCCCCCCCCCCC)(COC(=O)CCCCCCCCCCCCCCCCC)COC(=O)CCCCCCCCCCCCCCCCC
6215,6215,CCCc1ccc(-c2ccc(-c3cc(F)c(C(F)(F)Oc4cc(F)c(F)c(F)c4)c(F)c3)c(F)c2)cc1,0,c1ccc(OCc2ccc(-c3ccc(-c4ccccc4)cc3)cc2)cc1,murcko,CCCc1ccc(-c2ccc(-c3cc(F)c(C(F)(F)Oc4cc(F)c(F)c(F)c4)c(F)c3)c(F)c2)cc1,CCCc1ccc(-c2ccc(-c3cc(F)c(C(F)(F)Oc4cc(F)c(F)c(F)c4)c(F)c3)c(F)c2)cc1
2301,2301,COC(=O)Nc1nc2ccccc2[nH]1,1,c1ccc2[nH]cnc2c1,murcko,COC(=O)Nc1nc2ccccc2[nH]1,COC(=O)Nc1nc2ccccc2[nH]1
11071,11071,Nc1ccc(Nc2ccccc2)c(S(=O)(=O)O)c1,0,c1ccc(Nc2ccccc2)cc1,murcko,Nc1ccc(Nc2ccccc2)c(S(=O)(=O)O)c1,Nc1ccc(Nc2ccccc2)c(S(=O)(=O)O)c1
2939,2939,O=C(c1cc(Cl)c(F)c(Cl)c1)C(F)(F)F,1,c1ccccc1,murcko,O=C(c1cc(Cl)c(F)c(Cl)c1)C(F)(F)F,O=C(c1cc(Cl)c(F)c(Cl)c1)C(F)(F)F
10910,10910,CNC(=O)c1cc(C#N)cc(C)c1N,0,c1ccccc1,murcko,CNC(=O)c1cc(C#N)cc(C)c1N,CNC(=O)c1cc(C#N)cc(C)c1N
7163,7163,Cc1cc(C)cc(N2C(=O)c3ccc4c5ccc6c7c(ccc(c8ccc(c3c48)C2=O)c75)C(=O)N(c2cc(C)cc(C)c2)C6=O)c1,0,O=C1c2ccc3c4ccc5c6c(ccc(c7ccc(c2c37)C(=O)N1c1ccccc1)c64)C(=O)N(c1ccccc1)C5=O,murcko,Cc1cc(C)cc(N2C(=O)c3ccc4c5ccc6c7c(ccc(c8ccc(c3c48)C2=O)c75)C(=O)N(c2cc(C)cc(C)c2)C6=O)c1,Cc1cc(C)cc(N2C(=O)c3ccc4c5ccc6c7c(ccc(c8ccc(c3c48)C2=O)c75)C(=O)N(c2cc(C)cc(C)c2)C6=O)c1
11586,11586,Cc1ccccc1C,0,c1ccccc1,murcko,Cc1ccccc1C,Cc1ccccc1C
5585,5585,CS(=O)(=O)O,1,ACY_**(*)(*)*,acyclic_anonymous_graph,CS(=O)(=O)O,CS(=O)(=O)O
2101,2101,Nc1cc(Cl)c(OC(F)(F)C(F)C(F)(F)F)cc1Cl,0,c1ccccc1,murcko,Nc1cc(Cl)c(OC(F)(F)C(F)C(F)(F)F)cc1Cl,Nc1cc(Cl)c(OC(F)(F)C(F)C(F)(F)F)cc1Cl
11771,11771,O=[N+]([O-])c1ccc(S(=O)(=O)Cl)cc1,0,c1ccccc1,murcko,O=[N+]([O-])c1ccc(S(=O)(=O)Cl)cc1,O=[N+]([O-])c1ccc(S(=O)(=O)Cl)cc1
5018,5018,O=C(O)CC(O)(CC(=O)O)C(=O)O,1,ACY_**(*)**(*)(**(*)*)*(*)*,acyclic_anonymous_graph,O=C(O)CC(O)(CC(=O)O)C(=O)O,O=C(O)CC(O)(CC(=O)O)C(=O)O
9372,9372,C=C(Br)C(=O)Nc1ccc(N=Nc2c(NC)ccc3cc(S(=O)(=O)O)cc(O)c23)c(S(=O)(=O)O)c1,1,c1ccc(N=Nc2cccc3ccccc23)cc1,murcko,C=C(Br)C(=O)Nc1ccc(N=Nc2c(NC)ccc3cc(S(=O)(=O)O)cc(O)c23)c(S(=O)(=O)O)c1,C=C(Br)C(=O)Nc1ccc(N=Nc2c(NC)ccc3cc(S(=O)(=O)O)cc(O)c23)c(S(=O)(=O)O)c1
5288,5288,Cc1ccc(S(=O)(=O)Oc2cccc(NC(=O)Nc3ccccc3)c2)cc1,1,O=C(Nc1ccccc1)Nc1cccc(OS(=O)(=O)c2ccccc2)c1,murcko,Cc1ccc(S(=O)(=O)Oc2cccc(NC(=O)Nc3ccccc3)c2)cc1,Cc1ccc(S(=O)(=O)Oc2cccc(NC(=O)Nc3ccccc3)c2)cc1
1877,1877,[Cl][Pt-2]([Cl])([Cl])[Cl],1,ACY_**(*)(*)*,acyclic_anonymous_graph,[Cl][Pt-2]([Cl])([Cl])[Cl],[Pt+4]
5444,5444,CCOP(=O)(NC(C)C)Oc1ccc(SC)c(C)c1,1,c1ccccc1,murcko,CCOP(=O)(NC(C)C)Oc1ccc(SC)c(C)c1,CCOP(=O)(NC(C)C)Oc1ccc(SC)c(C)c1
5820,5820,Cc1cc(Nc2cc(S(=O)(=O)O)c(N)c3c2C(=O)c2ccccc2C3=O)cc(S(=O)(=O)NCCO)c1C,0,O=C1c2ccccc2C(=O)c2c(Nc3ccccc3)cccc21,murcko,Cc1cc(Nc2cc(S(=O)(=O)O)c(N)c3c2C(=O)c2ccccc2C3=O)cc(S(=O)(=O)NCCO)c1C,Cc1cc(Nc2cc(S(=O)(=O)O)c(N)c3c2C(=O)c2ccccc2C3=O)cc(S(=O)(=O)NCCO)c1C
3680,3680,Cc1cccc(S(=O)(=O)O)c1N=Nc1c(N)nc(N)[nH]c1=O,0,O=c1[nH]cncc1N=Nc1ccccc1,murcko,Cc1cccc(S(=O)(=O)O)c1N=Nc1c(N)nc(N)[nH]c1=O,Cc1cccc(S(=O)(=O)O)c1N=Nc1c(N)nc(N)[nH]c1=O
8861,8861,O=S(=O)(O)c1ccc(N=Nc2ccc(N=Nc3c(S(=O)(=O)O)cc4cc(Nc5nc(NCCO)nc(NCCO)n5)ccc4c3O)cc2)cc1,0,c1ccc(N=Nc2ccc(N=Nc3ccc4cc(Nc5ncncn5)ccc4c3)cc2)cc1,murcko,O=S(=O)(O)c1ccc(N=Nc2ccc(N=Nc3c(S(=O)(=O)O)cc4cc(Nc5nc(NCCO)nc(NCCO)n5)ccc4c3O)cc2)cc1,O=S(=O)(O)c1ccc(N=Nc2ccc(N=Nc3c(S(=O)(=O)O)cc4cc(Nc5nc(NCCO)nc(NCCO)n5)ccc4c3O)cc2)cc1
8167,8167,O=S(=O)(O)c1ccc2c(N=Nc3ccc(N=Nc4ccc(Nc5ccccc5)c(S(=O)(=O)O)c4)c4ccccc34)c(O)ccc2c1,1,c1ccc(Nc2ccc(N=Nc3ccc(N=Nc4cccc5ccccc45)c4ccccc34)cc2)cc1,murcko,O=S(=O)(O)c1ccc2c(N=Nc3ccc(N=Nc4ccc(Nc5ccccc5)c(S(=O)(=O)O)c4)c4ccccc34)c(O)ccc2c1,O=S(=O)(O)c1ccc2c(N=Nc3ccc(N=Nc4ccc(Nc5ccccc5)c(S(=O)(=O)O)c4)c4ccccc34)c(O)ccc2c1
7353,7353,CCOC(=O)C(C#N)=C(c1ccccc1)c1ccccc1,0,C=C(c1ccccc1)c1ccccc1,murcko,CCOC(=O)C(C#N)=C(c1ccccc1)c1ccccc1,CCOC(=O)C(C#N)=C(c1ccccc1)c1ccccc1
8241,8241,C=C(C)C(=O)O,1,ACY_**(*)*(*)*,acyclic_anonymous_graph,C=C(C)C(=O)O,C=C(C)C(=O)O
3718,3718,Fc1ccc(C2(Cn3cncn3)OC2c2ccccc2Cl)cc1,0,c1ccc(C2OC2(Cn2cncn2)c2ccccc2)cc1,murcko,Fc1ccc(C2(Cn3cncn3)OC2c2ccccc2Cl)cc1,Fc1ccc(C2(Cn3cncn3)OC2c2ccccc2Cl)cc1
7735,7735,C=CC(=O)OCCOC(=O)C1CCCCC1C(=O)O,1,C1CCCCC1,murcko,C=CC(=O)OCCOC(=O)C1CCCCC1C(=O)O,C=CC(=O)OCCOC(=O)C1CCCCC1C(=O)O
10545,10545,O=C1c2ccccc2C(=O)C1(C1(S(=O)(=O)O)C=Cc2ccccc2N1)S(=O)(=O)O,0,O=C1c2ccccc2C(=O)C1C1C=Cc2ccccc2N1,murcko,O=C1c2ccccc2C(=O)C1(C1(S(=O)(=O)O)C=Cc2ccccc2N1)S(=O)(=O)O,O=C1c2ccccc2C(=O)C1(C1(S(=O)(=O)O)C=Cc2ccccc2N1)S(=O)(=O)O
7774,7774,Cc1ncc(CO)c(CO)c1O,0,c1ccncc1,murcko,Cc1ncc(CO)c(CO)c1O,Cc1ncc(CO)c(CO)c1O
3670,3670,OB(O)O,0,ACY_**(*)*,acyclic_anonymous_graph,OB(O)O,OB(O)O
10095,10095,C=C(C)C=O,1,ACY_***(*)*,acyclic_anonymous_graph,C=C(C)C=O,C=C(C)C=O
6081,6081,C1CCCC1,0,C1CCCC1,murcko,C1CCCC1,C1CCCC1
7653,7653,Sc1nnc(S)s1,0,c1nncs1,murcko,Sc1nnc(S)s1,Sc1nnc(S)s1
8649,8649,CCOc1ccc(Nc2ccc(S(=O)(=O)N(C)C)cc2[N+](=O)[O-])cc1,0,c1ccc(Nc2ccccc2)cc1,murcko,CCOc1ccc(Nc2ccc(S(=O)(=O)N(C)C)cc2[N+](=O)[O-])cc1,CCOc1ccc(Nc2ccc(S(=O)(=O)N(C)C)cc2[N+](=O)[O-])cc1
5719,5719,CC(=O)C(N=Nc1ccc(C)cc1[N+](=O)[O-])C(=O)Nc1ccccc1,0,O=C(CN=Nc1ccccc1)Nc1ccccc1,murcko,CC(=O)C(N=Nc1ccc(C)cc1[N+](=O)[O-])C(=O)Nc1ccccc1,CC(=O)C(N=Nc1ccc(C)cc1[N+](=O)[O-])C(=O)Nc1ccccc1
3222,3222,CC(=O)C(N=Nc1ccc(S(=O)(=O)O)cc1[N+](=O)[O-])C(=O)Nc1ccccc1C,0,O=C(CN=Nc1ccccc1)Nc1ccccc1,murcko,CC(=O)C(N=Nc1ccc(S(=O)(=O)O)cc1[N+](=O)[O-])C(=O)Nc1ccccc1C,CC(=O)C(N=Nc1ccc(S(=O)(=O)O)cc1[N+](=O)[O-])C(=O)Nc1ccccc1C
8019,8019,CC(C)COC(=O)C(C)O,0,ACY_**(*)***(*)*(*)*,acyclic_anonymous_graph,CC(C)COC(=O)C(C)O,CC(C)COC(=O)C(C)O
4455,4455,Cc1cc(CC(C)C[Si](C)(O[Si](C)(C)C)O[Si](C)(C)C)c(O)c(-n2nc3ccccc3n2)c1,0,c1ccc(-n2nc3ccccc3n2)cc1,murcko,Cc1cc(CC(C)C[Si](C)(O[Si](C)(C)C)O[Si](C)(C)C)c(O)c(-n2nc3ccccc3n2)c1,Cc1cc(CC(C)C[Si](C)(O[Si](C)(C)C)O[Si](C)(C)C)c(O)c(-n2nc3ccccc3n2)c1
6041,6041,Nc1c(OCCOC(=O)Oc2ccccc2)cc(O)c2c1C(=O)c1ccccc1C2=O,1,O=C(OCCOc1ccc2c(c1)C(=O)c1ccccc1C2=O)Oc1ccccc1,murcko,Nc1c(OCCOC(=O)Oc2ccccc2)cc(O)c2c1C(=O)c1ccccc1C2=O,Nc1c(OCCOC(=O)Oc2ccccc2)cc(O)c2c1C(=O)c1ccccc1C2=O
3265,3265,CCCCCCC(C)O,0,ACY_*******(*)*,acyclic_anonymous_graph,CCCCCCC(C)O,CCCCCCC(C)O
6695,6695,CCCCCCCCC=CCCCCCCCCO,0,ACY_*******************,acyclic_anonymous_graph,CCCCCCCCC=CCCCCCCCCO,CCCCCCCCC=CCCCCCCCCO
8506,8506,Cc1ccccc1NC(=O)c1cc2ccccc2c(N=Nc2cc(Cl)c(Cl)cc2Cl)c1O,0,O=C(Nc1ccccc1)c1cc(N=Nc2ccccc2)c2ccccc2c1,murcko,Cc1ccccc1NC(=O)c1cc2ccccc2c(N=Nc2cc(Cl)c(Cl)cc2Cl)c1O,Cc1ccccc1NC(=O)c1cc2ccccc2c(N=Nc2cc(Cl)c(Cl)cc2Cl)c1O
6207,6207,CCCCCCOC(=O)c1ccccc1C(=O)c1ccc(N(CC)CC)cc1O,0,O=C(c1ccccc1)c1ccccc1,murcko,CCCCCCOC(=O)c1ccccc1C(=O)c1ccc(N(CC)CC)cc1O,CCCCCCOC(=O)c1ccccc1C(=O)c1ccc(N(CC)CC)cc1O
6222,6222,C=CS(=O)(=O)O,0,ACY_***(*)(*)*,acyclic_anonymous_graph,C=CS(=O)(=O)O,C=CS(=O)(=O)O
2287,2287,CCCCCC(=O)OC,0,ACY_******(*)**,acyclic_anonymous_graph,CCCCCC(=O)OC,CCCCCC(=O)OC
3124,3124,CC1(C)OC(c2ccco2)CN1C(=O)C(Cl)Cl,1,c1coc(C2CNCO2)c1,murcko,CC1(C)OC(c2ccco2)CN1C(=O)C(Cl)Cl,CC1(C)OC(c2ccco2)CN1C(=O)C(Cl)Cl
2090,2090,CC(=O)OCC=Cc1ccccc1,0,c1ccccc1,murcko,CC(=O)OCC=Cc1ccccc1,CC(=O)OCC=Cc1ccccc1
6427,6427,O=C1Cc2ccccc2N1c1ccccc1,0,O=C1Cc2ccccc2N1c1ccccc1,murcko,O=C1Cc2ccccc2N1c1ccccc1,O=C1Cc2ccccc2N1c1ccccc1
3957,3957,[F][Al-]([F])([F])[F],1,ACY_**(*)(*)*,acyclic_anonymous_graph,[F][Al-]([F])([F])[F],[Al+3]
2819,2819,CCCC(C)=NO[Si](ON=C(C)CCC)(ON=C(C)CCC)c1ccccc1,1,c1ccccc1,murcko,CCCC(C)=NO[Si](ON=C(C)CCC)(ON=C(C)CCC)c1ccccc1,CCCC(C)=NO[Si](ON=C(C)CCC)(ON=C(C)CCC)c1ccccc1
6874,6874,CC(=O)NC1CC(C)(C)NC(C)(C)C1,0,C1CCNCC1,murcko,CC(=O)NC1CC(C)(C)NC(C)(C)C1,CC(=O)NC1CC(C)(C)NC(C)(C)C1
3768,3768,CCC(C)(C#N)N=NC(C)(C#N)CC,0,ACY_***(*)(**)***(*)(**)**,acyclic_anonymous_graph,CCC(C)(C#N)N=NC(C)(C#N)CC,CCC(C)(C#N)N=NC(C)(C#N)CC
10979,10979,CN(C)c1nc(N)nc(C(Cc2c[nH]c3ccccc23)NC(=O)c2ccccc2)n1,1,O=C(NC(Cc1c[nH]c2ccccc12)c1ncncn1)c1ccccc1,murcko,CN(C)c1nc(N)nc(C(Cc2c[nH]c3ccccc23)NC(=O)c2ccccc2)n1,CN(C)c1nc(N)nc(C(Cc2c[nH]c3ccccc23)NC(=O)c2ccccc2)n1
6158,6158,C1C[O][Sb]2[O]CC[O][Sb]([O]1)[O]CC[O]2,1,C1C[O][Sb]2[O]CC[O][Sb]([O]1)[O]CC[O]2,murcko,C1C[O][Sb]2[O]CC[O][Sb]([O]1)[O]CC[O]2,C1C[O][Sb]2[O]CC[O][Sb]([O]1)[O]CC[O]2
5465,5465,N#Cc1ccccc1NC(=O)c1snc(Cl)c1Cl,0,O=C(Nc1ccccc1)c1ccns1,murcko,N#Cc1ccccc1NC(=O)c1snc(Cl)c1Cl,N#Cc1ccccc1NC(=O)c1snc(Cl)c1Cl
4678,4678,CCCCC(CC)C1OCCN1CCCC,0,C1COCN1,murcko,CCCCC(CC)C1OCCN1CCCC,CCCCC(CC)C1OCCN1CCCC
9737,9737,O=[Se]=O,1,ACY_***,acyclic_anonymous_graph,O=[Se]=O,O=[Se]=O
10361,10361,Cc1cccc([N+](=O)[O-])c1C,1,c1ccccc1,murcko,Cc1cccc([N+](=O)[O-])c1C,Cc1cccc([N+](=O)[O-])c1C
3096,3096,CCOc1cccc(F)c1F,1,c1ccccc1,murcko,CCOc1cccc(F)c1F,CCOc1cccc(F)c1F
11016,11016,CC(CNC(=S)S)NC(=S)S,1,ACY_**(*)***(*)**(*)*,acyclic_anonymous_graph,CC(CNC(=S)S)NC(=S)S,CC(CNC(=S)S)NC(=S)S
4452,4452,CCN(c1ccccc1)c1nc(Cl)nc(Nc2cc(S(=O)(=O)O)cc3cc(S(=O)(=O)O)c(N=Nc4cc(NC(=O)C(Br)CBr)ccc4S(=O)(=O)O)c(O)c23)n1,1,c1ccc(N=Nc2ccc3cccc(Nc4ncnc(Nc5ccccc5)n4)c3c2)cc1,murcko,CCN(c1ccccc1)c1nc(Cl)nc(Nc2cc(S(=O)(=O)O)cc3cc(S(=O)(=O)O)c(N=Nc4cc(NC(=O)C(Br)CBr)ccc4S(=O)(=O)O)c(O)c23)n1,CCN(c1ccccc1)c1nc(Cl)nc(Nc2cc(S(=O)(=O)O)cc3cc(S(=O)(=O)O)c(N=Nc4cc(NC(=O)C(Br)CBr)ccc4S(=O)(=O)O)c(O)c23)n1
3736,3736,O=[Se](=O)(O)O,1,ACY_**(*)(*)*,acyclic_anonymous_graph,O=[Se](=O)(O)O,O=[Se](=O)(O)O
10189,10189,Nc1ccc(S(=O)(=O)c2ccc(N)cc2)cc1,1,O=S(=O)(c1ccccc1)c1ccccc1,murcko,Nc1ccc(S(=O)(=O)c2ccc(N)cc2)cc1,Nc1ccc(S(=O)(=O)c2ccc(N)cc2)cc1
4521,4521,CC1=NN(c2ccc(C)cc2)C(=O)C1N=Nc1ccc(-c2ccc(N=NC3C(=O)N(c4ccc(C)cc4)N=C3C)c(Cl)c2)cc1Cl,0,O=C1C(N=Nc2ccc(-c3ccc(N=NC4C=NN(c5ccccc5)C4=O)cc3)cc2)C=NN1c1ccccc1,murcko,CC1=NN(c2ccc(C)cc2)C(=O)C1N=Nc1ccc(-c2ccc(N=NC3C(=O)N(c4ccc(C)cc4)N=C3C)c(Cl)c2)cc1Cl,CC1=NN(c2ccc(C)cc2)C(=O)C1N=Nc1ccc(-c2ccc(N=NC3C(=O)N(c4ccc(C)cc4)N=C3C)c(Cl)c2)cc1Cl
9382,9382,C=C(Br)C(=O)Nc1ccc(S(=O)(=O)O)c(N=NC2C(=O)N(c3cc(Cl)c(S(=O)(=O)O)cc3Cl)N=C2C)c1,0,O=C1C(N=Nc2ccccc2)C=NN1c1ccccc1,murcko,C=C(Br)C(=O)Nc1ccc(S(=O)(=O)O)c(N=NC2C(=O)N(c3cc(Cl)c(S(=O)(=O)O)cc3Cl)N=C2C)c1,C=C(Br)C(=O)Nc1ccc(S(=O)(=O)O)c(N=NC2C(=O)N(c3cc(Cl)c(S(=O)(=O)O)cc3Cl)N=C2C)c1
2282,2282,O=C1C=CC(=O)C=C1,1,O=C1C=CC(=O)C=C1,murcko,O=C1C=CC(=O)C=C1,O=C1C=CC(=O)C=C1
7540,7540,CCCCCCCCCCCCCCCC(=O)NCCO,0,ACY_****************(*)****,acyclic_anonymous_graph,CCCCCCCCCCCCCCCC(=O)NCCO,CCCCCCCCCCCCCCCC(=O)NCCO
6599,6599,O=[p+]1oc2ccccc2c2ccccc21,0,O=[p+]1oc2ccccc2c2ccccc21,murcko,O=[p+]1oc2ccccc2c2ccccc21,O=[p+]1oc2ccccc2c2ccccc21
7761,7761,CCCCCCCCCCCCCNc1ccc2ccccc2c1N=Nc1ccc(N=Nc2ccccc2C)cc1C,0,c1ccc(N=Nc2ccc(N=Nc3cccc4ccccc34)cc2)cc1,murcko,CCCCCCCCCCCCCNc1ccc2ccccc2c1N=Nc1ccc(N=Nc2ccccc2C)cc1C,CCCCCCCCCCCCCNc1ccc2ccccc2c1N=Nc1ccc(N=Nc2ccccc2C)cc1C
8209,8209,C=C(C)C(=O)NCCC[N+](C)(C)CC(=O)NCCC[N+](C)(C)CC(O)C[N+](C)(C)C,0,ACY_**(*****(*)(*)**(*)**(*)(*)*)**(*)(*)*****(*)*(*)*,acyclic_anonymous_graph,C=C(C)C(=O)NCCC[N+](C)(C)CC(=O)NCCC[N+](C)(C)CC(O)C[N+](C)(C)C,C=C(C)C(=O)NCCC[N+](C)(C)CC(=O)NCCC[N+](C)(C)CC(O)C[N+](C)(C)C
8504,8504,COc1ccc(N=NC(C(C)=O)C(=O)Nc2ccccc2OC)c([N+](=O)[O-])c1,0,O=C(CN=Nc1ccccc1)Nc1ccccc1,murcko,COc1ccc(N=NC(C(C)=O)C(=O)Nc2ccccc2OC)c([N+](=O)[O-])c1,COc1ccc(N=NC(C(C)=O)C(=O)Nc2ccccc2OC)c([N+](=O)[O-])c1
7137,7137,COc1cc(N=Nc2cc(S(=O)(=O)O)ccc2O)c(N=Nc2c(S(=O)(=O)O)cc3c(S(=O)(=O)O)c(Nc4nc(F)nc(N(C)CCS(=O)(=O)CCOS(=O)(=O)O)n4)ccc3c2O)cc1OC,1,c1ccc(N=Nc2ccccc2N=Nc2ccc3cc(Nc4ncncn4)ccc3c2)cc1,murcko,COc1cc(N=Nc2cc(S(=O)(=O)O)ccc2O)c(N=Nc2c(S(=O)(=O)O)cc3c(S(=O)(=O)O)c(Nc4nc(F)nc(N(C)CCS(=O)(=O)CCOS(=O)(=O)O)n4)ccc3c2O)cc1OC,COc1cc(N=Nc2cc(S(=O)(=O)O)ccc2O)c(N=Nc2c(S(=O)(=O)O)cc3c(S(=O)(=O)O)c(Nc4nc(F)nc(N(C)CCS(=O)(=O)CCOS(=O)(=O)O)n4)ccc3c2O)cc1OC
5756,5756,O=C(OC1COC2OCCC12)ON1C(=O)CCC1=O,1,O=C(OC1COC2OCCC12)ON1C(=O)CCC1=O,murcko,O=C(OC1COC2OCCC12)ON1C(=O)CCC1=O,O=C(OC1COC2OCCC12)ON1C(=O)CCC1=O
7264,7264,C=CC(=O)N1CCOCC1,1,C1COCCN1,murcko,C=CC(=O)N1CCOCC1,C=CC(=O)N1CCOCC1
2795,2795,CC1=C(C=O)C(C)(C)CC=C1,0,C1=CCCC=C1,murcko,CC1=C(C=O)C(C)(C)CC=C1,CC1=C(C=O)C(C)(C)CC=C1
2167,2167,CCc1ccc(C)nc1,1,c1ccncc1,murcko,CCc1ccc(C)nc1,CCc1ccc(C)nc1
3041,3041,O=C(Cl)c1ccc2c(c1)C(=O)OC2=O,0,O=C1OC(=O)c2ccccc21,murcko,O=C(Cl)c1ccc2c(c1)C(=O)OC2=O,O=C(Cl)c1ccc2c(c1)C(=O)OC2=O
5449,5449,CC1=C(C(=O)O)N2C(=O)C(N)C2SC1,0,O=C1CC2SCC=CN12,murcko,CC1=C(C(=O)O)N2C(=O)C(N)C2SC1,CC1=C(C(=O)O)N2C(=O)C(N)C2SC1
9313,9313,O=C1c2ccccc2C2=Nc3cccc4cccc(c34)N12,0,O=C1c2ccccc2C2=Nc3cccc4cccc(c34)N12,murcko,O=C1c2ccccc2C2=Nc3cccc4cccc(c34)N12,O=C1c2ccccc2C2=Nc3cccc4cccc(c34)N12
11560,11560,O=C1CCCCCCCCCCCN1,0,O=C1CCCCCCCCCCCN1,murcko,O=C1CCCCCCCCCCCN1,O=C1CCCCCCCCCCCN1
7535,7535,Cc1ccc(NC(=O)Nc2ccc(C)c(NC(=O)Nc3ccc(C)cc3)c2)cc1,0,O=C(Nc1ccccc1)Nc1cccc(NC(=O)Nc2ccccc2)c1,murcko,Cc1ccc(NC(=O)Nc2ccc(C)c(NC(=O)Nc3ccc(C)cc3)c2)cc1,Cc1ccc(NC(=O)Nc2ccc(C)c(NC(=O)Nc3ccc(C)cc3)c2)cc1
9582,9582,CCCCOCCCN1C(C(C(=O)Nc2cc(C(C)(C)C)ccc2SCC(CC)CCCC)N2C(=O)OC(C)(C)C2=O)=Nc2ccccc2S1(=O)=O,0,O=C(Nc1ccccc1)C(C1=Nc2ccccc2S(=O)(=O)N1)N1C(=O)COC1=O,murcko,CCCCOCCCN1C(C(C(=O)Nc2cc(C(C)(C)C)ccc2SCC(CC)CCCC)N2C(=O)OC(C)(C)C2=O)=Nc2ccccc2S1(=O)=O,CCCCOCCCN1C(C(C(=O)Nc2cc(C(C)(C)C)ccc2SCC(CC)CCCC)N2C(=O)OC(C)(C)C2=O)=Nc2ccccc2S1(=O)=O
9475,9475,Cc1ccc2c(c1)NCCO2,1,c1ccc2c(c1)NCCO2,murcko,Cc1ccc2c(c1)NCCO2,Cc1ccc2c(c1)NCCO2
2202,2202,O=C(Nc1ccccc1)c1cc2ccccc2c(N=Nc2cc(Cl)ccc2O)c1O,0,O=C(Nc1ccccc1)c1cc(N=Nc2ccccc2)c2ccccc2c1,murcko,O=C(Nc1ccccc1)c1cc2ccccc2c(N=Nc2cc(Cl)ccc2O)c1O,O=C(Nc1ccccc1)c1cc2ccccc2c(N=Nc2cc(Cl)ccc2O)c1O
6057,6057,Cc1cc(O)ccc1N,1,c1ccccc1,murcko,Cc1cc(O)ccc1N,Cc1cc(O)ccc1N
10392,10392,COc1ccc(NCCO)cc1N,1,c1ccccc1,murcko,COc1ccc(NCCO)cc1N,COc1ccc(NCCO)cc1N
10136,10136,NC(=O)CCl,1,ACY_***(*)*,acyclic_anonymous_graph,NC(=O)CCl,NC(=O)CCl
3438,3438,O=C1OC(=O)c2ccc3c4ccc5c6c(ccc(c7ccc1c2c73)c64)C(=O)OC5=O,0,O=C1OC(=O)c2ccc3c4ccc5c6c(ccc(c7ccc1c2c73)c64)C(=O)OC5=O,murcko,O=C1OC(=O)c2ccc3c4ccc5c6c(ccc(c7ccc1c2c73)c64)C(=O)OC5=O,O=C1OC(=O)c2ccc3c4ccc5c6c(ccc(c7ccc1c2c73)c64)C(=O)OC5=O
11379,11379,CCC=CCCO,0,ACY_*******,acyclic_anonymous_graph,CCC=CCCO,CCC=CCCO
4558,4558,COc1cc([N+](=O)[O-])ccc1N=NC(C(C)=O)C(=O)Nc1cc(Cl)ccc1OC,0,O=C(CN=Nc1ccccc1)Nc1ccccc1,murcko,COc1cc([N+](=O)[O-])ccc1N=NC(C(C)=O)C(=O)Nc1cc(Cl)ccc1OC,COc1cc([N+](=O)[O-])ccc1N=NC(C(C)=O)C(=O)Nc1cc(Cl)ccc1OC
3446,3446,CCCCCCC(O)CCCCCCCCCCC(=O)NCc1cccc(CNC(=O)CCCCCCCCCCC(O)CCCCCC)c1,0,c1ccccc1,murcko,CCCCCCC(O)CCCCCCCCCCC(=O)NCc1cccc(CNC(=O)CCCCCCCCCCC(O)CCCCCC)c1,CCCCCCC(O)CCCCCCCCCCC(=O)NCc1cccc(CNC(=O)CCCCCCCCCCC(O)CCCCCC)c1
8512,8512,CC1=CCCC2(C)C(OC=O)C(C)CCC12C,0,C1=CC2CCCCC2CC1,murcko,CC1=CCCC2(C)C(OC=O)C(C)CCC12C,CC1=CCCC2(C)C(OC=O)C(C)CCC12C
10676,10676,CC1CCC(C)C2(C1)OC(=O)C(C=CC=CC=C1C(=O)OC3(CCC4(CC3)OC(=O)C(=CC=CC=CC3=C(O)OC5(CC(C)CCC5C)OC3=O)C(=O)O4)OC1=O)=C(O)O2,0,O=C1OC2(CCCCC2)OC=C1C=CC=CC=C1C(=O)OC2(CCC3(CC2)OC(=O)C(=CC=CC=CC2=COC4(CCCCC4)OC2=O)C(=O)O3)OC1=O,murcko,CC1CCC(C)C2(C1)OC(=O)C(C=CC=CC=C1C(=O)OC3(CCC4(CC3)OC(=O)C(=CC=CC=CC3=C(O)OC5(CC(C)CCC5C)OC3=O)C(=O)O4)OC1=O)=C(O)O2,CC1CCC(C)C2(C1)OC(=O)C(C=CC=CC=C1C(=O)OC3(CCC4(CC3)OC(=O)C(=CC=CC=CC3=C(O)OC5(CC(C)CCC5C)OC3=O)C(=O)O4)OC1=O)=C(O)O2
10445,10445,O=[N+]([O-])c1cc(N=Nc2c(O)ccc3ccccc23)c(O)c(S(=O)(=O)O)c1,0,c1ccc(N=Nc2cccc3ccccc23)cc1,murcko,O=[N+]([O-])c1cc(N=Nc2c(O)ccc3ccccc23)c(O)c(S(=O)(=O)O)c1,O=[N+]([O-])c1cc(N=Nc2c(O)ccc3ccccc23)c(O)c(S(=O)(=O)O)c1
5832,5832,COC(=O)C(C)(C)N=NC(C)(C)C(=O)OC,1,ACY_***(*)*(*)(*)***(*)(*)*(*)**,acyclic_anonymous_graph,COC(=O)C(C)(C)N=NC(C)(C)C(=O)OC,COC(=O)C(C)(C)N=NC(C)(C)C(=O)OC
9487,9487,c1cc(OCC2CO2)cc(N(CC2CO2)CC2CO2)c1,1,c1cc(OCC2CO2)cc(N(CC2CO2)CC2CO2)c1,murcko,c1cc(OCC2CO2)cc(N(CC2CO2)CC2CO2)c1,c1cc(OCC2CO2)cc(N(CC2CO2)CC2CO2)c1
1953,1953,O=[Se](O)O,1,ACY_**(*)*,acyclic_anonymous_graph,O=[Se](O)O,O=[Se](O)O
2073,2073,C=CC(=O)OCC(CC)CCCC,0,ACY_*****(**)***(*)**,acyclic_anonymous_graph,C=CC(=O)OCC(CC)CCCC,C=CC(=O)OCC(CC)CCCC
7800,7800,OCC(O)C(O)C(OC1OC(CO)C(O)C(O)C1O)C(O)CO,1,C1CCOCC1,murcko,OCC(O)C(O)C(OC1OC(CO)C(O)C(O)C1O)C(O)CO,OCC(O)C(O)C(OC1OC(CO)C(O)C(O)C1O)C(O)CO
9961,9961,[Cl][Ni][Cl],1,ACY_***,acyclic_anonymous_graph,[Cl][Ni][Cl],[Ni+2]
8263,8263,O=C(O)c1cc(C(=O)O)cc(S(=O)(=O)O)c1,1,c1ccccc1,murcko,O=C(O)c1cc(C(=O)O)cc(S(=O)(=O)O)c1,O=C(O)c1cc(C(=O)O)cc(S(=O)(=O)O)c1
8306,8306,Nc1c(Oc2ccccc2)c(Oc2ccccc2)c(N)c2c1C(=O)c1ccccc1C2=O,0,O=C1c2ccccc2C(=O)c2cc(Oc3ccccc3)c(Oc3ccccc3)cc21,murcko,Nc1c(Oc2ccccc2)c(Oc2ccccc2)c(N)c2c1C(=O)c1ccccc1C2=O,Nc1c(Oc2ccccc2)c(Oc2ccccc2)c(N)c2c1C(=O)c1ccccc1C2=O
10078,10078,C#CC1(O)CCCCC1,1,C1CCCCC1,murcko,C#CC1(O)CCCCC1,C#CC1(O)CCCCC1
11827,11827,O=P1(c2cc(O)ccc2O)Oc2ccccc2-c2ccccc21,1,O=P1(c2ccccc2)Oc2ccccc2-c2ccccc21,murcko,O=P1(c2cc(O)ccc2O)Oc2ccccc2-c2ccccc21,O=P1(c2cc(O)ccc2O)Oc2ccccc2-c2ccccc21
6939,6939,CCCCCCCCC=CCCCCCCCC(=O)OCC(C)(C)COC(=O)CCCCCCCC=CCCCCCCCC,0,ACY_******************(*)***(*)(*)***(*)*****************,acyclic_anonymous_graph,CCCCCCCCC=CCCCCCCCC(=O)OCC(C)(C)COC(=O)CCCCCCCC=CCCCCCCCC,CCCCCCCCC=CCCCCCCCC(=O)OCC(C)(C)COC(=O)CCCCCCCC=CCCCCCCCC
6356,6356,C=CS(=O)(=O)CCOCCNc1nc(F)nc(Nc2ccc(N=Nc3ccc(N=Nc4cc(S(=O)(=O)O)c5cc(S(=O)(=O)O)cc(S(=O)(=O)O)c5c4)cc3)cc2)n1,1,c1ccc2cc(N=Nc3ccc(N=Nc4ccc(Nc5ncncn5)cc4)cc3)ccc2c1,murcko,C=CS(=O)(=O)CCOCCNc1nc(F)nc(Nc2ccc(N=Nc3ccc(N=Nc4cc(S(=O)(=O)O)c5cc(S(=O)(=O)O)cc(S(=O)(=O)O)c5c4)cc3)cc2)n1,C=CS(=O)(=O)CCOCCNc1nc(F)nc(Nc2ccc(N=Nc3ccc(N=Nc4cc(S(=O)(=O)O)c5cc(S(=O)(=O)O)cc(S(=O)(=O)O)c5c4)cc3)cc2)n1
6706,6706,Nc1c(I)c(C(=O)Cl)c(I)c(C(=O)Cl)c1I,1,c1ccccc1,murcko,Nc1c(I)c(C(=O)Cl)c(I)c(C(=O)Cl)c1I,Nc1c(I)c(C(=O)Cl)c(I)c(C(=O)Cl)c1I
4343,4343,O=C1CCC(C(=O)O)N1,0,O=C1CCCN1,murcko,O=C1CCC(C(=O)O)N1,O=C1CCC(C(=O)O)N1
3795,3795,COc1ccccc1NC(=O)C(N=Nc1ccc(Cl)cc1[N+](=O)[O-])C(C)=O,0,O=C(CN=Nc1ccccc1)Nc1ccccc1,murcko,COc1ccccc1NC(=O)C(N=Nc1ccc(Cl)cc1[N+](=O)[O-])C(C)=O,COc1ccccc1NC(=O)C(N=Nc1ccc(Cl)cc1[N+](=O)[O-])C(C)=O
6133,6133,C1CCCCCCCCCCC1,0,C1CCCCCCCCCCC1,murcko,C1CCCCCCCCCCC1,C1CCCCCCCCCCC1
9373,9373,C=C(Br)C(=O)Nc1ccc(N=Nc2c(N)ccc3cc(S(=O)(=O)O)cc(O)c23)c(S(=O)(=O)O)c1,1,c1ccc(N=Nc2cccc3ccccc23)cc1,murcko,C=C(Br)C(=O)Nc1ccc(N=Nc2c(N)ccc3cc(S(=O)(=O)O)cc(O)c23)c(S(=O)(=O)O)c1,C=C(Br)C(=O)Nc1ccc(N=Nc2c(N)ccc3cc(S(=O)(=O)O)cc(O)c23)c(S(=O)(=O)O)c1
10572,10572,c1cc[n+]2c(c1)-c1cccc[n+]1CC2,1,c1cc[n+]2c(c1)-c1cccc[n+]1CC2,murcko,c1cc[n+]2c(c1)-c1cccc[n+]1CC2,c1cc[n+]2c(c1)-c1cccc[n+]1CC2
8863,8863,O=S(=O)(O)c1cc(Nc2nc(Cl)nc(Nc3ccc(Nc4nc(Cl)nc(Nc5cc(S(=O)(=O)O)cc6cc(S(=O)(=O)O)c(N=Nc7ccccc7S(=O)(=O)O)c(O)c56)n4)cc3)n2)c2c(O)c(N=Nc3ccccc3S(=O)(=O)O)c(S(=O)(=O)O)cc2c1,0,c1ccc(N=Nc2ccc3cccc(Nc4ncnc(Nc5ccc(Nc6ncnc(Nc7cccc8ccc(N=Nc9ccccc9)cc78)n6)cc5)n4)c3c2)cc1,murcko,O=S(=O)(O)c1cc(Nc2nc(Cl)nc(Nc3ccc(Nc4nc(Cl)nc(Nc5cc(S(=O)(=O)O)cc6cc(S(=O)(=O)O)c(N=Nc7ccccc7S(=O)(=O)O)c(O)c56)n4)cc3)n2)c2c(O)c(N=Nc3ccccc3S(=O)(=O)O)c(S(=O)(=O)O)cc2c1,O=S(=O)(O)c1cc(Nc2nc(Cl)nc(Nc3ccc(Nc4nc(Cl)nc(Nc5cc(S(=O)(=O)O)cc6cc(S(=O)(=O)O)c(N=Nc7ccccc7S(=O)(=O)O)c(O)c56)n4)cc3)n2)c2c(O)c(N=Nc3ccccc3S(=O)(=O)O)c(S(=O)(=O)O)cc2c1
3853,3853,C=CC(=O)OCCN=C=O,1,ACY_*******(*)**,acyclic_anonymous_graph,C=CC(=O)OCCN=C=O,C=CC(=O)OCCN=C=O
9401,9401,CC(=O)Nc1cccc(Nc2cc(S(=O)(=O)O)c(N)c3c2C(=O)c2ccccc2C3=O)c1,0,O=C1c2ccccc2C(=O)c2c(Nc3ccccc3)cccc21,murcko,CC(=O)Nc1cccc(Nc2cc(S(=O)(=O)O)c(N)c3c2C(=O)c2ccccc2C3=O)c1,CC(=O)Nc1cccc(Nc2cc(S(=O)(=O)O)c(N)c3c2C(=O)c2ccccc2C3=O)c1
10733,10733,Nc1nc(C2CC2)nc(C(=O)O)c1Cl,0,c1cnc(C2CC2)nc1,murcko,Nc1nc(C2CC2)nc(C(=O)O)c1Cl,Nc1nc(C2CC2)nc(C(=O)O)c1Cl
8354,8354,O=C(NC(=O)c1ccccc1Cl)Nc1ccc(OC(F)(F)F)cc1,0,O=C(NC(=O)c1ccccc1)Nc1ccccc1,murcko,O=C(NC(=O)c1ccccc1Cl)Nc1ccc(OC(F)(F)F)cc1,O=C(NC(=O)c1ccccc1Cl)Nc1ccc(OC(F)(F)F)cc1
8579,8579,CC1CN(CN2COC(C)C2)CO1,1,C1CN(CN2CCOC2)CO1,murcko,CC1CN(CN2COC(C)C2)CO1,CC1CN(CN2COC(C)C2)CO1
11778,11778,NC(=O)c1cccnc1,0,c1ccncc1,murcko,NC(=O)c1cccnc1,NC(=O)c1cccnc1
3432,3432,O=C1CCC(=O)N1Br,1,O=C1CCC(=O)N1,murcko,O=C1CCC(=O)N1Br,O=C1CCC(=O)N1Br
5631,5631,NC(=Nc1ccccc1)Nc1ccccc1,1,C(=Nc1ccccc1)Nc1ccccc1,murcko,NC(=Nc1ccccc1)Nc1ccccc1,NC(=Nc1ccccc1)Nc1ccccc1
9188,9188,Nc1ccc(N=Nc2ccc(N=Nc3c(S(=O)(=O)O)cc4cc(S(=O)(=O)O)c(N=Nc5ccccc5)c(O)c4c3N)cc2)c(N)c1,0,c1ccc(N=Nc2ccc(N=Nc3ccc4ccc(N=Nc5ccccc5)cc4c3)cc2)cc1,murcko,Nc1ccc(N=Nc2ccc(N=Nc3c(S(=O)(=O)O)cc4cc(S(=O)(=O)O)c(N=Nc5ccccc5)c(O)c4c3N)cc2)c(N)c1,Nc1ccc(N=Nc2ccc(N=Nc3c(S(=O)(=O)O)cc4cc(S(=O)(=O)O)c(N=Nc5ccccc5)c(O)c4c3N)cc2)c(N)c1
