feature,importance
LogP,236
FractionCSP3,188
MW,153
TPSA,142
NumValenceElectrons,128
HeteroatomCount,81
RotatableBonds,58
HeavyAtomCount,55
HBA,49
RingCount,47
fg_fg_alcohol_present,30
fg_fg_alkene_present,27
bb_n_genotox_alerts,25
fg_fg_ester_present,23
fg_fg_ether_present,17
HBD,16
AromaticRingCount,11
fg_met_metal_sulfide_present,0
fg_fg_carboxylic_acid_present,0
fg_fg_ketone_present,0
fg_fg_aldehyde_present,0
fg_met_organocobalt_present,0
fg_met_chromate_present,0
fg_met_arsenite_present,0
fg_met_arsenate_present,0
fg_met_edta_like_present,0
fg_met_hydroxamic_acid_present,0
fg_met_dithiocarbamate_present,0
fg_met_has_chromium_present,0
fg_met_metal_oxide_present,0
fg_met_metal_halide_present,0
fg_met_has_manganese_present,0
fg_met_has_vanadium_present,0
fg_met_has_mercury_present,0
fg_met_has_lead_present,0
fg_fg_amide_present,0
fg_met_has_beryllium_present,0
fg_met_has_arsenic_present,0
fg_met_has_cadmium_present,0
fg_met_has_nickel_present,0
fg_met_has_cobalt_present,0
fg_fg_halide_Br_present,0
fg_fg_primary_amine_present,0
fg_fg_phenol_present,0
FormalCharge,0
bb_any_genotox_alert,0
fg_fg_sulfonamide_present,0
fg_fg_anhydride_present,0
fg_fg_lactone_present,0
fg_fg_lactam_present,0
fg_fg_guanidine_present,0
fg_fg_thiourea_present,0
fg_fg_urea_present,0
fg_fg_nitrile_present,0
fg_fg_sulfonic_acid_present,0
fg_fg_alkyne_present,0
fg_fg_secondary_amine_present,0
fg_fg_cyano_present,0
fg_fg_phosphate_present,0
fg_fg_sulfone_present,0
fg_fg_sulfoxide_present,0
fg_fg_sulfide_present,0
fg_fg_halide_I_present,0
fg_bb_sa2_alkyl_ester_sulfo_present,0
fg_fg_halide_Cl_present,0
fg_fg_halide_F_present,0
fg_fg_nitro_present,0
fg_fg_tertiary_amine_present,0
fg_met_organoplatinum_present,0
fg_bb_sa1_acyl_halide_present,0
fg_met_organoselenium_present,0
fg_bb_sa20_nhydroxylamine_present,0
fg_bb_sa16_carbamate_present,0
fg_bb_sa17_epoxide_present,0
fg_bb_sa18_isocyanate_present,0
fg_bb_sa18b_isothiocyanate_present,0
fg_bb_sa19_nitrogen_mustard_present,0
fg_bb_sa19b_sulfur_mustard_present,0
fg_bb_sa21_propiolactone_present,0
fg_met_organocopper_present,0
fg_bb_sa21b_propiosultone_present,0
fg_bb_sa21c_butyrolactone_present,0
fg_bb_sa22_aromatic_amine_pri_present,0
fg_bb_sa23_aromatic_amine_sec_present,0
fg_bb_sa24_aliphatic_nnitro_present,0
fg_bb_sa25_aromatic_nitrile_present,0
fg_bb_sa15b_azetidine_present,0
fg_bb_sa15_aziridine_present,0
fg_bb_sa14b_triazene_present,0
fg_bb_sa14_azide_present,0
fg_bb_sa13_ring_noxide_present,0
fg_bb_sa12b_aromatic_nitro_alt_present,0
fg_bb_sa12_aromatic_nitro_present,0
fg_bb_sa11_aromatic_noxide_present,0
fg_bb_sa10_azo_present,0
fg_bb_sa9_ab_unsat_alkoxy_present,0
fg_bb_sa8_ab_unsat_aldehyde_present,0
fg_bb_sa7_aliphatic_halide_present,0
fg_bb_sa6_hydrazine_present,0
fg_bb_sa5_aromatic_nitroso_present,0
fg_bb_sa4_aromatic_nnitroso_present,0
fg_bb_sa3_aliphatic_nnitroso_present,0
fg_bb_sa2b_alkyl_ester_phospho_present,0
fg_bb_sa26_sulfonyl_halide_present,0
fg_bb_sa27_thiocarbonyl_present,0
fg_bb_sa28_alpha_halo_carbonyl_present,0
fg_iss_nitrosamine_any_present,0
fg_met_organochromium_present,0
fg_met_organocadmium_present,0
fg_met_organomercury_present,0
fg_met_organolead_present,0
fg_met_organoantimony_present,0
fg_met_organoarsenic_present,0
fg_met_organotin_present,0
fg_mn_steroid_like_present,0
fg_mn_heavy_metal_org_present,0
fg_mn_disulfide_present,0
fg_mn_thiol_present,0
fg_mn_aneuploidogen_colchicine_present,0
fg_iss_aminoazo_dye_present,0
fg_iss_dioxolane_present,0
fg_iss_alkyl_nitrite_present,0
fg_bb_sa29_coumarin_present,0
fg_iss_michael_acceptor_enone_present,0
fg_iss_aldehyde_present,0
fg_iss_haloalkene_present,0
fg_iss_aromatic_diazo_present,0
fg_kz_bay_region_pah_present,0
fg_kz_quinone_present,0
fg_kz_aromatic_n_acylhydroxamic_present,0
fg_kz_aromatic_hydroxylamine_present,0
fg_kz_diazonium_present,0
fg_kz_unsat_aldehyde_present,0
fg_kz_polycyclic_aromatic_4_present,0
fg_kz_polycyclic_aromatic_3_present,0
fg_bb_sa31_biphenyl_present,0
fg_bb_sa30_phorbol_like_present,0
fg_met_organonickel_present,0
