valid_smiles,has_metal,metal_elements,has_salt,n_fragments,needs_charge_norm,sanitizable,smiles_raw,smiles_stripped,smiles_canonical,mw_raw,mw_after,mw_change,preprocessing_actions
True,False,[],False,1,False,True,CC1=CC(=CC(=C1OC2=NC(=NC(=C2)N)NC3=CC=C(C=C3)C#N)C)C#N,Cc1cc(C#N)cc(C)c1Oc1cc(N)nc(Nc2ccc(C#N)cc2)n1,Cc1cc(C#N)cc(C)c1Oc1cc(N)nc(Nc2ccc(C#N)cc2)n1,356.3890000000001,356.3890000000001,0.0,['none']
True,True,['Na'],True,4,True,True,CC1=NN(C(=O)C1N=NC2=C(C=CC(=C2)NC3=NC(=NC(=N3)NC4=CC=C(C=C4)S(=O)(=O)[O-])Cl)S(=O)(=O)[O-])C5=CC(=C(C=C5Cl)S(=O)(=O)[O-])Cl.[Na+].[Na+].[Na+],CC1=NN(c2cc(Cl)c(S(=O)(=O)[O-])cc2Cl)C(=O)C1N=Nc1cc(Nc2nc(Cl)nc(Nc3ccc(S(=O)(=O)[O-])cc3)n2)ccc1S(=O)(=O)[O-],CC1=NN(c2cc(Cl)c(S(=O)(=O)O)cc2Cl)C(=O)C1N=Nc1cc(Nc2nc(Cl)nc(Nc3ccc(S(=O)(=O)O)cc3)n2)ccc1S(=O)(=O)O,872.9780000000002,807.0320000000003,-65.94599999999991,"['salt_stripped', 'metal:Na', 'fragment_removed', 'charge_normalized']"
True,False,[],False,1,False,True,CC1=CN(C(=O)NC1=O)C2CC(C(O2)COP(=O)(O)OC3CC(OC3COP(=O)(O)OC4CC(OC4COP(=O)(O)OC5CC(OC5COP(=O)(O)OC6CC(OC6COP(=O)(O)OC7CC(OC7COP(=O)(O)OC8CC(OC8COP(=O)(O)OC9CC(OC9COP(=O)(O)OC1CC(OC1COP(=O)(O)OC1CC(OC1COP(=O)(O)OC1CC(OC1COP(=O)(O)OC1CC(OC1CO)N1C=NC2=C(N=CN=C21)N)N1C=CC(=NC1=O)N)N1C=NC2=C(N=CN=C21)N)N1C=CC(=NC1=O)N)N1C=CC(=NC1=O)N)N1C=CC(=NC1=O)N)N1C=NC2=C(N=CN=C21)N)N1C=NC2=C(N=CN=C21)N)N1C=C(C(=O)NC1=O)C)N1C=C(C(=O)NC1=O)C)N1C=CC(=NC1=O)N)OP(=O)(O)OCC1C(CC(O1)N1C=NC2=C1N=C(NC2=O)N)OP(=O)(O)OCC1C(CC(O1)N1C=NC2=C(N=CN=C21)N)OP(=O)(O)OCC1C(CC(O1)N1C=NC2=C(N=CN=C21)N)OP(=O)(O)OCC1C(CC(O1)N1C=NC2=C(N=CN=C21)N)OP(=O)(O)OCC1C(CC(O1)N1C=NC2=C(N=CN=C21)N)OP(=O)(O)OCC1C(CC(O1)N1C=C(C(=O)NC1=O)C)OP(=O)(O)OCC1C(CC(O1)N1C=NC2=C1N=C(NC2=O)N)OP(=O)(O)OCC1C(CC(O1)N1C=NC2=C1N=C(NC2=O)N)O,Cc1cn(C2CC(OP(=O)(O)OCC3OC(n4cnc5c(=O)[nH]c(N)nc54)CC3OP(=O)(O)OCC3OC(n4cnc5c(N)ncnc54)CC3OP(=O)(O)OCC3OC(n4cnc5c(N)ncnc54)CC3OP(=O)(O)OCC3OC(n4cnc5c(N)ncnc54)CC3OP(=O)(O)OCC3OC(n4cnc5c(N)ncnc54)CC3OP(=O)(O)OCC3OC(n4cc(C)c(=O)[nH]c4=O)CC3OP(=O)(O)OCC3OC(n4cnc5c(=O)[nH]c(N)nc54)CC3OP(=O)(O)OCC3OC(n4cnc5c(=O)[nH]c(N)nc54)CC3O)C(COP(=O)(O)OC3CC(n4ccc(N)nc4=O)OC3COP(=O)(O)OC3CC(n4cc(C)c(=O)[nH]c4=O)OC3COP(=O)(O)OC3CC(n4cc(C)c(=O)[nH]c4=O)OC3COP(=O)(O)OC3CC(n4cnc5c(N)ncnc54)OC3COP(=O)(O)OC3CC(n4cnc5c(N)ncnc54)OC3COP(=O)(O)OC3CC(n4ccc(N)nc4=O)OC3COP(=O)(O)OC3CC(n4ccc(N)nc4=O)OC3COP(=O)(O)OC3CC(n4ccc(N)nc4=O)OC3COP(=O)(O)OC3CC(n4cnc5c(N)ncnc54)OC3COP(=O)(O)OC3CC(n4ccc(N)nc4=O)OC3COP(=O)(O)OC3CC(n4cnc5c(N)ncnc54)OC3CO)O2)c(=O)[nH]c1=O,Cc1cn(C2CC(OP(=O)(O)OCC3OC(n4cnc5c(=O)[nH]c(N)nc54)CC3OP(=O)(O)OCC3OC(n4cnc5c(N)ncnc54)CC3OP(=O)(O)OCC3OC(n4cnc5c(N)ncnc54)CC3OP(=O)(O)OCC3OC(n4cnc5c(N)ncnc54)CC3OP(=O)(O)OCC3OC(n4cnc5c(N)ncnc54)CC3OP(=O)(O)OCC3OC(n4cc(C)c(=O)[nH]c4=O)CC3OP(=O)(O)OCC3OC(n4cnc5c(=O)[nH]c(N)nc54)CC3OP(=O)(O)OCC3OC(n4cnc5c(=O)[nH]c(N)nc54)CC3O)C(COP(=O)(O)OC3CC(n4ccc(N)nc4=O)OC3COP(=O)(O)OC3CC(n4cc(C)c(=O)[nH]c4=O)OC3COP(=O)(O)OC3CC(n4cc(C)c(=O)[nH]c4=O)OC3COP(=O)(O)OC3CC(n4cnc5c(N)ncnc54)OC3COP(=O)(O)OC3CC(n4cnc5c(N)ncnc54)OC3COP(=O)(O)OC3CC(n4ccc(N)nc4=O)OC3COP(=O)(O)OC3CC(n4ccc(N)nc4=O)OC3COP(=O)(O)OC3CC(n4ccc(N)nc4=O)OC3COP(=O)(O)OC3CC(n4cnc5c(N)ncnc54)OC3COP(=O)(O)OC3CC(n4ccc(N)nc4=O)OC3COP(=O)(O)OC3CC(n4cnc5c(N)ncnc54)OC3CO)O2)c(=O)[nH]c1=O,6094.042999999986,6094.042999999986,0.0,['none']
True,True,['Na'],True,3,True,True,CC(=O)NC1=CC2=C(C(=C(C=C2C=C1)S(=O)(=O)[O-])N=NC3=CC=C(C=C3)S(=O)(=O)CCOS(=O)(=O)[O-])O.[Na+].[Na+],CC(=O)Nc1ccc2cc(S(=O)(=O)[O-])c(N=Nc3ccc(S(=O)(=O)CCOS(=O)(=O)[O-])cc3)c(O)c2c1,CC(=O)Nc1ccc2cc(S(=O)(=O)O)c(N=Nc3ccc(S(=O)(=O)CCOS(=O)(=O)O)cc3)c(O)c2c1,617.5470000000004,573.5830000000004,-43.96399999999994,"['salt_stripped', 'metal:Na', 'fragment_removed', 'charge_normalized']"
True,False,[],False,1,False,True,CCCCCCCCCCCC(=O)OC1(C(C(C(C(O1)CO)O)O)O)C2(C(C(C(O2)CO)O)O)CO,CCCCCCCCCCCC(=O)OC1(C2(CO)OC(CO)C(O)C2O)OC(CO)C(O)C(O)C1O,CCCCCCCCCCCC(=O)OC1(C2(CO)OC(CO)C(O)C2O)OC(CO)C(O)C(O)C1O,524.6040000000003,524.6040000000003,0.0,['none']
True,False,[],False,1,False,True,C1=CC(=CC=C1[N+](=O)[O-])Cl,O=[N+]([O-])c1ccc(Cl)cc1,O=[N+]([O-])c1ccc(Cl)cc1,157.55599999999998,157.55599999999998,0.0,['none']
True,False,[],False,1,False,True,C(C1C2C(C(C(O1)OC3C(OC(C(C3O)O)OC4C(OC(C(C4O)O)OC5C(OC(C(C5O)O)OC6C(OC(C(C6O)O)OC7C(OC(O2)C(C7O)O)CO)CO)CO)CO)CO)O)O)O,OCC1OC2OC3C(CO)OC(OC4C(CO)OC(OC5C(CO)OC(OC6C(CO)OC(OC7C(CO)OC(OC1C(O)C2O)C(O)C7O)C(O)C6O)C(O)C5O)C(O)C4O)C(O)C3O,OCC1OC2OC3C(CO)OC(OC4C(CO)OC(OC5C(CO)OC(OC6C(CO)OC(OC7C(CO)OC(OC1C(O)C2O)C(O)C7O)C(O)C6O)C(O)C5O)C(O)C4O)C(O)C3O,972.8460000000007,972.8460000000007,0.0,['none']
True,True,['Z49'],False,1,False,True,Cl[In](Cl)Cl,[Cl][In]([Cl])[Cl],[Cl][In]([Cl])[Cl],221.17700000000002,221.17700000000002,0.0,['metal:Z49']
True,True,['Fe'],True,5,True,True,[O-]S(=O)(=O)[O-].[O-]S(=O)(=O)[O-].[O-]S(=O)(=O)[O-].[Fe+3].[Fe+3],O=S(=O)([O-])[O-],O=S(=O)(O)O,399.879,98.07899999999998,-301.80000000000007,"['salt_stripped', 'metal:Fe', 'fragment_removed', 'charge_normalized']"
True,False,[],False,1,False,True,C1=CC(=CC=C1CC2=CC=C(C=C2)N)N,Nc1ccc(Cc2ccc(N)cc2)cc1,Nc1ccc(Cc2ccc(N)cc2)cc1,198.26899999999998,198.26899999999998,0.0,['none']
True,False,[],False,1,False,True,C1=CC(=CC=C1N)OC2=CC=C(C=C2)N,Nc1ccc(Oc2ccc(N)cc2)cc1,Nc1ccc(Oc2ccc(N)cc2)cc1,200.241,200.241,0.0,['none']
True,False,[],False,1,False,True,C1=CC(=CC=C1N=C=O)Cl,O=C=Nc1ccc(Cl)cc1,O=C=Nc1ccc(Cl)cc1,153.56799999999998,153.56799999999998,0.0,['none']
True,True,['Z45'],True,5,True,True,[O-]S(=O)(=O)[O-].[O-]S(=O)(=O)[O-].[O-]S(=O)(=O)[O-].[Rh+3].[Rh+3],O=S(=O)([O-])[O-],O=S(=O)(O)O,494.00100000000003,98.07899999999998,-395.922,"['salt_stripped', 'metal:Z45', 'fragment_removed', 'charge_normalized']"
True,False,[],False,1,False,True,[N+](=O)([N+](=O)[O-])[O-],O=[N+]([O-])[N+](=O)[O-],O=[N+]([O-])[N+](=O)[O-],92.00999999999999,92.00999999999999,0.0,['none']
True,True,"['Na', 'Cr']",True,3,False,True,[O-][Cr](=O)(=O)O[Cr](=O)(=O)[O-].[Na+].[Na+],[Cr+7],[Cr+7],261.965,51.996,-209.96899999999997,"['salt_stripped', 'metal:Na,Cr', 'fragment_removed']"
True,False,[],False,1,False,True,C1=CC(=O)C=CC1=O,O=C1C=CC(=O)C=C1,O=C1C=CC(=O)C=C1,108.09599999999998,108.09599999999998,0.0,['none']
True,False,[],False,1,False,True,CC(=C)C(=O)OCC1CO1,C=C(C)C(=O)OCC1CO1,C=C(C)C(=O)OCC1CO1,142.154,142.154,0.0,['none']
True,False,[],False,1,False,True,C=CC=C,C=CC=C,C=CC=C,54.09199999999999,54.09199999999999,0.0,['none']
True,False,[],False,1,False,True,COC(=O)NC1=NC2=CC=CC=C2N1,COC(=O)Nc1nc2ccccc2[nH]1,COC(=O)Nc1nc2ccccc2[nH]1,191.19000000000003,191.19000000000003,0.0,['none']
True,True,['Sn'],False,1,False,True,CCCC[Sn](CCCC)(OC)OC,CCC[CH2][Sn+2][CH2]CCC,CCC[CH2][Sn+2][CH2]CCC,295.011,232.94299999999996,-62.06800000000007,"['metal:Sn', 'fragment_removed']"
True,False,[],False,1,False,True,CCCCN(C1CC(N(C(C1)(C)C)C)(C)C)C2=NC(=NC(=N2)NCCCN(CCN(CCCNC3=NC(=NC(=N3)N(CCCC)C4CC(N(C(C4)(C)C)C)(C)C)N(CCCC)C5CC(N(C(C5)(C)C)C)(C)C)C6=NC(=NC(=N6)N(CCCC)C7CC(N(C(C7)(C)C)C)(C)C)N(CCCC)C8CC(N(C(C8)(C)C)C)(C)C)C9=NC(=NC(=N9)N(CCCC)C1CC(N(C(C1)(C)C)C)(C)C)N(CCCC)C1CC(N(C(C1)(C)C)C)(C)C)N(CCCC)C1CC(N(C(C1)(C)C)C)(C)C,CCCCN(c1nc(NCCCN(CCN(CCCNc2nc(N(CCCC)C3CC(C)(C)N(C)C(C)(C)C3)nc(N(CCCC)C3CC(C)(C)N(C)C(C)(C)C3)n2)c2nc(N(CCCC)C3CC(C)(C)N(C)C(C)(C)C3)nc(N(CCCC)C3CC(C)(C)N(C)C(C)(C)C3)n2)c2nc(N(CCCC)C3CC(C)(C)N(C)C(C)(C)C3)nc(N(CCCC)C3CC(C)(C)N(C)C(C)(C)C3)n2)nc(N(CCCC)C2CC(C)(C)N(C)C(C)(C)C2)n1)C1CC(C)(C)N(C)C(C)(C)C1,CCCCN(c1nc(NCCCN(CCN(CCCNc2nc(N(CCCC)C3CC(C)(C)N(C)C(C)(C)C3)nc(N(CCCC)C3CC(C)(C)N(C)C(C)(C)C3)n2)c2nc(N(CCCC)C3CC(C)(C)N(C)C(C)(C)C3)nc(N(CCCC)C3CC(C)(C)N(C)C(C)(C)C3)n2)c2nc(N(CCCC)C3CC(C)(C)N(C)C(C)(C)C3)nc(N(CCCC)C3CC(C)(C)N(C)C(C)(C)C3)n2)nc(N(CCCC)C2CC(C)(C)N(C)C(C)(C)C2)n1)C1CC(C)(C)N(C)C(C)(C)C1,2285.675999999996,2285.675999999996,0.0,['none']
True,False,[],False,1,False,True,CC(CCCC(C)(C)O)CC=O,CC(CC=O)CCCC(C)(C)O,CC(CC=O)CCCC(C)(C)O,172.268,172.268,0.0,['none']
True,False,[],False,1,False,True,CC(=CC=O)C,CC(C)=CC=O,CC(C)=CC=O,84.11800000000001,84.11800000000001,0.0,['none']
True,False,[],False,1,False,True,CC(COC)O,COCC(C)O,COCC(C)O,90.12199999999999,90.12199999999999,0.0,['none']
True,False,[],False,1,False,True,C1CCC(=O)CC1,O=C1CCCCC1,O=C1CCCCC1,98.145,98.145,0.0,['none']
True,False,[],False,1,False,True,C1=CC=C(C=C1)O,Oc1ccccc1,Oc1ccccc1,94.11299999999997,94.11299999999997,0.0,['none']
True,True,['Li'],True,4,True,True,[Li+].[Li+].[Li+].C1=CC=C(C=C1)N=NC2=C(C3=C(C(=C(C=C3C=C2S(=O)(=O)[O-])S(=O)(=O)[O-])N=NC4=CC(=C(C=C4)NC5=CC=C(C=C5)N=NC6=C(C=C(C=C6)O)N)S(=O)(=O)[O-])N)O,Nc1cc(O)ccc1N=Nc1ccc(Nc2ccc(N=Nc3c(S(=O)(=O)[O-])cc4cc(S(=O)(=O)[O-])c(N=Nc5ccccc5)c(O)c4c3N)cc2S(=O)(=O)[O-])cc1,Nc1cc(O)ccc1N=Nc1ccc(Nc2ccc(N=Nc3c(S(=O)(=O)O)cc4cc(S(=O)(=O)O)c(N=Nc5ccccc5)c(O)c4c3N)cc2S(=O)(=O)O)cc1,851.642,833.8430000000001,-17.798999999999978,"['salt_stripped', 'metal:Li', 'fragment_removed', 'charge_normalized']"
True,True,['Cr'],True,4,True,True,C1=CC=C(C=C1)NC(=O)C2=CC3=CC=CC=C3C(=C2[O-])N=NC4=C(C(=CC(=C4)[N+](=O)[O-])[N+](=O)[O-])[O-].C1=CC=C(C=C1)NC(=O)C2=CC3=CC=CC=C3C(=C2[O-])N=NC4=C(C(=CC(=C4)[N+](=O)[O-])[N+](=O)[O-])[O-].[NH4+].[Cr+3],O=C(Nc1ccccc1)c1cc2ccccc2c(N=Nc2cc([N+](=O)[O-])cc([N+](=O)[O-])c2[O-])c1[O-],O=C(Nc1ccccc1)c1cc2ccccc2c(N=Nc2cc([N+](=O)[O-])cc([N+](=O)[O-])c2O)c1O,1012.8049999999998,473.4010000000002,-539.4039999999997,"['salt_stripped', 'metal:Cr', 'fragment_removed', 'charge_normalized']"
True,False,[],False,1,False,True,C1=COC=C1,c1ccoc1,c1ccoc1,68.075,68.075,0.0,['none']
True,False,[],False,1,False,True,CC(C)(C)OOC(C)(C)C,CC(C)(C)OOC(C)(C)C,CC(C)(C)OOC(C)(C)C,146.23,146.23,0.0,['none']
True,False,[],False,1,False,True,C=CC(=O)NCNC(=O)C=C,C=CC(=O)NCNC(=O)C=C,C=CC(=O)NCNC(=O)C=C,154.16899999999998,154.16899999999998,0.0,['none']
True,False,[],False,1,False,True,CCCCCCC=C,C=CCCCCCC,C=CCCCCCC,112.216,112.216,0.0,['none']
True,False,[],False,1,False,True,CCOCCOCCOC(=O)C,CCOCCOCCOC(C)=O,CCOCCOCCOC(C)=O,176.212,176.212,0.0,['none']
True,False,[],False,1,False,True,CCCCCCCCCCCCN(C)C,CCCCCCCCCCCCN(C)C,CCCCCCCCCCCCN(C)C,213.40899999999996,213.40899999999996,0.0,['none']
True,False,[],False,1,False,True,CCCCCCCCCCC=C,C=CCCCCCCCCCC,C=CCCCCCCCCCC,168.32399999999998,168.32399999999998,0.0,['none']
True,False,[],False,1,False,True,CCCCCCCCCCCCCCCCN(C)C,CCCCCCCCCCCCCCCCN(C)C,CCCCCCCCCCCCCCCCN(C)C,269.51699999999994,269.51699999999994,0.0,['none']
True,False,[],False,1,False,True,C1COS(=O)(=O)C1,O=S1(=O)CCCO1,O=S1(=O)CCCO1,122.145,122.145,0.0,['none']
True,False,[],False,1,False,True,C1=CC=C(C=C1)C(=O)C2=C(C(=C(C=C2)O)O)O,O=C(c1ccccc1)c1ccc(O)c(O)c1O,O=C(c1ccccc1)c1ccc(O)c(O)c1O,230.219,230.219,0.0,['none']
True,False,[],False,1,False,True,COC(=O)C1=CC2=C(CC(=O)N2C(=O)CCl)C=C1,COC(=O)c1ccc2c(c1)N(C(=O)CCl)C(=O)C2,COC(=O)c1ccc2c(c1)N(C(=O)CCl)C(=O)C2,267.66799999999995,267.66799999999995,0.0,['none']
True,False,[],False,1,False,True,C1=C(C=C(C(=C1Br)O)Br)Br,Oc1c(Br)cc(Br)cc1Br,Oc1c(Br)cc(Br)cc1Br,330.801,330.801,0.0,['none']
True,False,[],False,1,False,True,C1=CC=C(C(=C1)O)O,Oc1ccccc1O,Oc1ccccc1O,110.11199999999997,110.11199999999997,0.0,['none']
True,True,['Al'],True,5,False,True,[O-2].[O-2].[O-2].[Al+3].[La+3],[La+3],[La+3],213.885,138.906,-74.97899999999998,"['salt_stripped', 'metal:Al', 'fragment_removed']"
True,True,['Na'],True,6,True,True,B([O-])([O-])[O-].B([O-])([O-])[O-].B([O-])([O-])[O-].B([O-])([O-])[O-].B([O-])([O-])[O-].[Na+],[O-]B([O-])[O-],OB(O)O,317.0350000000001,61.833000000000006,-255.20200000000008,"['salt_stripped', 'metal:Na', 'fragment_removed', 'charge_normalized']"
True,True,['Cu'],True,6,True,True,[N+](=O)([O-])[O-].[OH-].[OH-].[OH-].[Cu+2].[Cu+2],O=[N+]([O-])[O-],O=[N+]([O-])O,240.11699999999996,63.01200000000001,-177.10499999999996,"['salt_stripped', 'metal:Cu', 'fragment_removed', 'charge_normalized']"
True,True,['Ca'],True,3,True,True,CC(=O)C(C(=O)NC1=CC=CC=C1)N=NC2=C(C=C(C=C2)S(=O)(=O)[O-])[N+](=O)[O-].CC(=O)C(C(=O)NC1=CC=CC=C1)N=NC2=C(C=C(C=C2)S(=O)(=O)[O-])[N+](=O)[O-].[Ca+2],CC(=O)C(N=Nc1ccc(S(=O)(=O)[O-])cc1[N+](=O)[O-])C(=O)Nc1ccccc1,CC(=O)C(N=Nc1ccc(S(=O)(=O)O)cc1[N+](=O)[O-])C(=O)Nc1ccccc1,850.8140000000002,406.37600000000015,-444.43800000000005,"['salt_stripped', 'metal:Ca', 'fragment_removed', 'charge_normalized']"
True,False,[],False,1,False,True,C1=CC(=CC=C1N)O,Nc1ccc(O)cc1,Nc1ccc(O)cc1,109.12799999999999,109.12799999999999,0.0,['none']
True,False,[],False,1,False,True,C1=CC(=CC=C1O)O,Oc1ccc(O)cc1,Oc1ccc(O)cc1,110.11199999999997,110.11199999999997,0.0,['none']
True,False,[],False,1,False,True,CN(C)C=NC1=CC(=C(C=C1C#N)[N+](=O)[O-])OC,COc1cc(N=CN(C)C)c(C#N)cc1[N+](=O)[O-],COc1cc(N=CN(C)C)c(C#N)cc1[N+](=O)[O-],248.24199999999996,248.24199999999996,0.0,['none']
True,False,[],False,1,False,True,CCCCCCCCCCCCCOP(OCCCCCCCCCCCCC)OC1=C(C=C(C(=C1)C)C(CCC)C2=CC(=C(C=C2C)OP(OCCCCCCCCCCCCC)OCCCCCCCCCCCCC)C(C)(C)C)C(C)(C)C,CCCCCCCCCCCCCOP(OCCCCCCCCCCCCC)Oc1cc(C)c(C(CCC)c2cc(C(C)(C)C)c(OP(OCCCCCCCCCCCCC)OCCCCCCCCCCCCC)cc2C)cc1C(C)(C)C,CCCCCCCCCCCCCOP(OCCCCCCCCCCCCC)Oc1cc(C)c(C(CCC)c2cc(C(C)(C)C)c(OP(OCCCCCCCCCCCCC)OCCCCCCCCCCCCC)cc2C)cc1C(C)(C)C,1239.9519999999984,1239.9519999999984,0.0,['none']
True,True,['Cu'],False,1,False,True,O=[Cu],[Cu+2],[Cu+2],79.545,63.546,-15.999000000000002,"['metal:Cu', 'fragment_removed']"
True,True,['Al'],False,1,True,True,O[Al]=O,[OH-],O,59.98800000000001,18.015,-41.973000000000006,"['metal:Al', 'fragment_removed', 'charge_normalized']"
True,False,[],False,1,False,True,COC(C(C(F)(F)F)(C(F)(F)F)F)(C(C(F)(F)F)(F)F)F,COC(F)(C(F)(F)C(F)(F)F)C(F)(C(F)(F)F)C(F)(F)F,COC(F)(C(F)(F)C(F)(F)F)C(F)(C(F)(F)F)C(F)(F)F,350.0739999999999,350.0739999999999,0.0,['none']
True,False,[],False,1,False,True,C1C(O1)COCC(COCC2CO2)OCC3CO3,C(OCC1CO1)C(COCC1CO1)OCC1CO1,C(OCC1CO1)C(COCC1CO1)OCC1CO1,260.28599999999994,260.28599999999994,0.0,['none']
True,False,[],True,2,False,True,C1=CC=C(C=C1)NC2=CC=C(C=C2)C(=C3C=CC(=NC4=CC=CC=C4)C=C3)C5=CC=C(C=C5)NC6=CC=CC=C6.OS(=O)(=O)O,C1=CC(=C(c2ccc(Nc3ccccc3)cc2)c2ccc(Nc3ccccc3)cc2)C=CC1=Nc1ccccc1,C1=CC(=C(c2ccc(Nc3ccccc3)cc2)c2ccc(Nc3ccccc3)cc2)C=CC1=Nc1ccccc1,613.7390000000004,515.6600000000002,-98.07900000000018,"['salt_stripped', 'fragment_removed']"
True,False,[],False,1,False,True,CC1C(C(C(C(O1)OC2C(C(C(OC2OC3=CC(=C4C(=O)CC(OC4=C3)C5=CC(=C(C=C5)OC)O)O)CO)O)O)O)O)O,COc1ccc(C2CC(=O)c3c(O)cc(OC4OC(CO)C(O)C(O)C4OC4OC(C)C(O)C(O)C4O)cc3O2)cc1O,COc1ccc(C2CC(=O)c3c(O)cc(OC4OC(CO)C(O)C(O)C4OC4OC(C)C(O)C(O)C4O)cc3O2)cc1O,610.5650000000007,610.5650000000007,0.0,['none']
True,False,[],False,1,False,True,CC1=CC=C(C=C1)C(=O)C2=CC=CC=C2,Cc1ccc(C(=O)c2ccccc2)cc1,Cc1ccc(C(=O)c2ccccc2)cc1,196.24900000000002,196.24900000000002,0.0,['none']
True,False,[],False,1,False,True,CCOC(=O)NC1=CC(=CC=C1)OC(=O)NC2=CC=CC=C2,CCOC(=O)Nc1cccc(OC(=O)Nc2ccccc2)c1,CCOC(=O)Nc1cccc(OC(=O)Nc2ccccc2)c1,300.314,300.314,0.0,['none']
True,True,"['Z55', 'Al']",True,2,False,True,F[Al-](F)(F)F.[Cs+],[Cs+],[Cs+],235.87900000000002,132.905,-102.97400000000002,"['salt_stripped', 'metal:Z55,Al', 'fragment_removed']"
True,True,"['Cu', 'Na']",True,4,True,True,C(CN(CC(=O)[O-])CC(=O)[O-])N(CC(=O)[O-])CC(=O)[O-].[Na+].[Na+].[Cu+2],O=C([O-])CN(CCN(CC(=O)[O-])CC(=O)[O-])CC(=O)[O-],O=C(O)CN(CCN(CC(=O)O)CC(=O)O)CC(=O)O,397.738,292.24399999999997,-105.49400000000003,"['salt_stripped', 'metal:Cu,Na', 'fragment_removed', 'charge_normalized']"
True,False,[],False,1,False,True,CCOC(=O)C,CCOC(C)=O,CCOC(C)=O,88.106,88.106,0.0,['none']
True,False,[],False,1,False,True,CC(C)(C)OC(=O)NC(CC1=CC=CC=C1)CC(C(CC2=CC=CC=C2)N)O,CC(C)(C)OC(=O)NC(Cc1ccccc1)CC(O)C(N)Cc1ccccc1,CC(C)(C)OC(=O)NC(Cc1ccccc1)CC(O)C(N)Cc1ccccc1,384.5200000000001,384.5200000000001,0.0,['none']
True,True,['Na'],True,2,True,True,C(O)S(=O)[O-].[Na+],O=S([O-])CO,O=S(O)CO,118.08899999999998,96.10699999999999,-21.982,"['salt_stripped', 'metal:Na', 'fragment_removed', 'charge_normalized']"
True,False,[],False,1,False,True,CN(C)C(=O)NC1=CC=C(C=C1)Cl,CN(C)C(=O)Nc1ccc(Cl)cc1,CN(C)C(=O)Nc1ccc(Cl)cc1,198.653,198.653,0.0,['none']
True,False,[],False,1,False,True,CC1CC(C2=C(C1(C)C)C=C(C(=C2)C(=O)C)C)(C)C,CC(=O)c1cc2c(cc1C)C(C)(C)C(C)CC2(C)C,CC(=O)c1cc2c(cc1C)C(C)(C)C(C)CC2(C)C,258.405,258.405,0.0,['none']
True,True,['Al'],True,2,True,True,CC(C)(C)C1=CC2=C(C(=C1)C(C)(C)C)OP(=O)(OC3=C(C2)C=C(C=C3C(C)(C)C)C(C)(C)C)O[Al]OP4(=O)OC5=C(CC6=C(O4)C(=CC(=C6)C(C)(C)C)C(C)(C)C)C=C(C=C5C(C)(C)C)C(C)(C)C.O,CC(C)(C)c1cc2c(c(C(C)(C)C)c1)OP(=O)([O-])Oc1c(cc(C(C)(C)C)cc1C(C)(C)C)C2,CC(C)(C)c1cc2c(c(C(C)(C)C)c1)OP(=O)(O)Oc1c(cc(C(C)(C)C)cc1C(C)(C)C)C2,1016.2469999999996,486.6330000000003,-529.6139999999994,"['salt_stripped', 'metal:Al', 'fragment_removed', 'charge_normalized']"
True,True,"['Fe', 'Li']",True,3,True,True,[Li+].[O-]P(=O)([O-])[O-].[Fe+2],O=P([O-])([O-])[O-],O=P(O)(O)O,157.75599999999997,97.99399999999999,-59.761999999999986,"['salt_stripped', 'metal:Fe,Li', 'fragment_removed', 'charge_normalized']"
True,True,['Sn'],False,1,False,True,CCCC[Sn](CCCC)(OC(=O)C=CC(=O)OC)OC(=O)C=CC(=O)OC,CCC[CH2][Sn+2][CH2]CCC,CCC[CH2][Sn+2][CH2]CCC,491.1250000000003,232.94299999999996,-258.18200000000036,"['metal:Sn', 'fragment_removed']"
True,True,['Na'],True,2,True,True,CC(=C)CS(=O)(=O)[O-].[Na+],C=C(C)CS(=O)(=O)[O-],C=C(C)CS(=O)(=O)O,158.154,136.172,-21.982,"['salt_stripped', 'metal:Na', 'fragment_removed', 'charge_normalized']"
True,False,[],False,1,False,True,CCN(CC)CCCNC1=NC(=NC(=N1)NC2=C3C(=C(C=C2)C4=C5C(=C(C=C4)NC6=NC(=NC(=N6)NCCCN(CC)CC)NCCCN(CC)CC)C(=O)C7=CC=CC=C7C5=O)C(=O)C8=CC=CC=C8C3=O)NCCCN(CC)CC,CCN(CC)CCCNc1nc(NCCCN(CC)CC)nc(Nc2ccc(-c3ccc(Nc4nc(NCCCN(CC)CC)nc(NCCCN(CC)CC)n4)c4c3C(=O)c3ccccc3C4=O)c3c2C(=O)c2ccccc2C3=O)n1,CCN(CC)CCCNc1nc(NCCCN(CC)CC)nc(Nc2ccc(-c3ccc(Nc4nc(NCCCN(CC)CC)nc(NCCCN(CC)CC)n4)c4c3C(=O)c3ccccc3C4=O)c3c2C(=O)c2ccccc2C3=O)n1,1115.4459999999992,1115.4459999999992,0.0,['none']
True,False,[],False,1,False,True,CCCCC(=O)OCC(COC(=O)CCCC)(COC(=O)CCCC)COC(=O)CCCC,CCCCC(=O)OCC(COC(=O)CCCC)(COC(=O)CCCC)COC(=O)CCCC,CCCCC(=O)OCC(COC(=O)CCCC)(COC(=O)CCCC)COC(=O)CCCC,472.6190000000004,472.6190000000004,0.0,['none']
True,True,['Al'],True,5,True,True,C1=CC=C2C(=C1)C(=O)OC23C4=CC(=C(C(=C4OC5=C(C(=C(C=C35)Br)[O-])Br)Br)[O-])Br.C1=CC=C2C(=C1)C(=O)OC23C4=CC(=C(C(=C4OC5=C(C(=C(C=C35)Br)[O-])Br)Br)[O-])Br.C1=CC=C2C(=C1)C(=O)OC23C4=CC(=C(C(=C4OC5=C(C(=C(C=C35)Br)[O-])Br)Br)[O-])Br.[Al+3].[Al+3],O=C1OC2(c3ccccc31)c1cc(Br)c([O-])c(Br)c1Oc1c2cc(Br)c([O-])c1Br,O=C1OC2(c3ccccc31)c1cc(Br)c(O)c(Br)c1Oc1c2cc(Br)c(O)c1Br,1991.6009999999992,647.895,-1343.7059999999992,"['salt_stripped', 'metal:Al', 'fragment_removed', 'charge_normalized']"
True,True,['Al'],True,5,True,True,C1=C2C(=C3C=C(C(=O)C(=C3OC2=C(C(=C1Br)[O-])Br)Br)Br)C4=C(C(=C(C(=C4Cl)Cl)Cl)Cl)C(=O)[O-].C1=C2C(=C3C=C(C(=O)C(=C3OC2=C(C(=C1Br)[O-])Br)Br)Br)C4=C(C(=C(C(=C4Cl)Cl)Cl)Cl)C(=O)[O-].C1=C2C(=C3C=C(C(=O)C(=C3OC2=C(C(=C1Br)[O-])Br)Br)Br)C4=C(C(=C(C(=C4Cl)Cl)Cl)Cl)C(=O)[O-].[Al+3].[Al+3],O=C([O-])c1c(Cl)c(Cl)c(Cl)c(Cl)c1-c1c2cc(Br)c(=O)c(Br)c-2oc2c(Br)c([O-])c(Br)cc12,O=C(O)c1c(Cl)c(Cl)c(Cl)c(Cl)c1-c1c2cc(Br)c(=O)c(Br)c-2oc2c(Br)c(O)c(Br)cc12,2404.940999999998,785.6749999999997,-1619.2659999999983,"['salt_stripped', 'metal:Al', 'fragment_removed', 'charge_normalized']"
True,True,['Cu'],True,7,True,True,[H+].[H+].CCN(CC)CCCNC1=NC(=NC(=N1)NC2=CC3=CC(=C(C(=C3C=C2)[O-])N=NC4=C(C=C(C=C4)C5=CC(=C(C=C5)N=NC6=C(C=C7C=C(C=CC7=C6[O-])NC8=NC(=NC(=N8)NCCCN(CC)CC)NCCCN(CC)CC)S(=O)(=O)[O-])[O-])[O-])S(=O)(=O)[O-])NCCCN(CC)CC.CC(C(=O)O)O.CC(=O)O.[Cu+2].[Cu+2],CCN(CC)CCCNc1nc(NCCCN(CC)CC)nc(Nc2ccc3c([O-])c(N=Nc4ccc(-c5ccc(N=Nc6c(S(=O)(=O)[O-])cc7cc(Nc8nc(NCCCN(CC)CC)nc(NCCCN(CC)CC)n8)ccc7c6O)c(O)c5)cc4[O-])c(S(=O)(=O)[O-])cc3c2)n1,CCN(CC)CCCNc1nc(NCCCN(CC)CC)nc(Nc2ccc3c(O)c(N=Nc4ccc(-c5ccc(N=Nc6c(S(=O)(=O)O)cc7cc(Nc8nc(NCCCN(CC)CC)nc(NCCCN(CC)CC)n8)ccc7c6O)c(O)c5)cc4O)c(S(=O)(=O)O)cc3c2)n1,1660.899999999999,1387.7099999999994,-273.1899999999996,"['salt_stripped', 'metal:Cu', 'fragment_removed', 'charge_normalized']"
True,True,"['Li', 'Na']",True,3,False,True,[Li+].CC(CNC1=C(C2=C(C=C1)NC3=C(O2)C(=C4C(=C3Cl)OC5=C(N4)C=CC(=C5S(=O)(=O)O)NCC(C)NC6=NC(=NC(=N6)NC7=CC=CC=C7S(=O)(=O)O)F)Cl)S(=O)(=O)O)NC8=NC(=NC(=N8)NC9=CC=CC=C9S(=O)(=O)O)F.[Na+],CC(CNc1ccc2[nH]c3c(Cl)c4oc5c(S(=O)(=O)O)c(NCC(C)Nc6nc(F)nc(Nc7ccccc7S(=O)(=O)O)n6)ccc5[nH]c4c(Cl)c3oc2c1S(=O)(=O)O)Nc1nc(F)nc(Nc2ccccc2S(=O)(=O)O)n1,CC(CNc1ccc2[nH]c3c(Cl)c4oc5c(S(=O)(=O)O)c(NCC(C)Nc6nc(F)nc(Nc7ccccc7S(=O)(=O)O)n6)ccc5[nH]c4c(Cl)c3oc2c1S(=O)(=O)O)Nc1nc(F)nc(Nc2ccccc2S(=O)(=O)O)n1,1227.935,1198.0040000000001,-29.930999999999813,"['salt_stripped', 'metal:Li,Na', 'fragment_removed']"
True,False,[],False,1,False,True,CCOC(=O)CC(C(=O)OCC)NCCCC(C)CNC(CC(=O)OCC)C(=O)OCC,CCOC(=O)CC(NCCCC(C)CNC(CC(=O)OCC)C(=O)OCC)C(=O)OCC,CCOC(=O)CC(NCCCC(C)CNC(CC(=O)OCC)C(=O)OCC)C(=O)OCC,460.56800000000027,460.56800000000027,0.0,['none']
True,False,[],False,1,False,True,CCCCCCCCCCCCCOC(=O)CCCCC(=O)OCCCCCCCCCCCCC,CCCCCCCCCCCCCOC(=O)CCCCC(=O)OCCCCCCCCCCCCC,CCCCCCCCCCCCCOC(=O)CCCCC(=O)OCCCCCCCCCCCCC,510.8440000000006,510.8440000000006,0.0,['none']
True,True,['Z22'],True,9,False,True,[H+].[H+].[F-].[F-].[F-].[F-].[F-].[F-].[Ti+4],[Ti+4],[Ti+4],163.871,47.867,-116.00400000000002,"['salt_stripped', 'metal:Z22', 'fragment_removed']"
True,False,[],False,1,False,True,C(C1C2C(C(C(O1)OC3C(OC(C(C3O)O)OC4C(OC(C(C4O)O)OC5C(OC(C(C5O)O)OC6C(OC(C(C6O)O)OC7C(OC(C(C7O)O)OC8C(OC(C(C8O)O)OC9C(OC(O2)C(C9O)O)CO)CO)CO)CO)CO)CO)CO)O)O)O,OCC1OC2OC3C(CO)OC(OC4C(CO)OC(OC5C(CO)OC(OC6C(CO)OC(OC7C(CO)OC(OC8C(CO)OC(OC9C(CO)OC(OC1C(O)C2O)C(O)C9O)C(O)C8O)C(O)C7O)C(O)C6O)C(O)C5O)C(O)C4O)C(O)C3O,OCC1OC2OC3C(CO)OC(OC4C(CO)OC(OC5C(CO)OC(OC6C(CO)OC(OC7C(CO)OC(OC8C(CO)OC(OC9C(CO)OC(OC1C(O)C2O)C(O)C9O)C(O)C8O)C(O)C7O)C(O)C6O)C(O)C5O)C(O)C4O)C(O)C3O,1297.1280000000017,1297.1280000000017,0.0,['none']
True,False,[],False,1,False,True,CC(=O)NC(COC)C(=O)NCC1=CC=CC=C1,COCC(NC(C)=O)C(=O)NCc1ccccc1,COCC(NC(C)=O)C(=O)NCc1ccccc1,250.298,250.298,0.0,['none']
True,False,[],False,1,False,True,C(=N)(N)S(=O)O,N=C(N)S(=O)O,N=C(N)S(=O)O,108.12199999999999,108.12199999999999,0.0,['none']
True,False,[],True,3,False,True,C1=CC(=CC=C1NC(=NC(=NCCCCCCN=C(N)N=C(N)NC2=CC=C(C=C2)Cl)N)N)Cl.C(C(C(C(C(C(=O)O)O)O)O)O)O.C(C(C(C(C(C(=O)O)O)O)O)O)O,NC(=NCCCCCCN=C(N)N=C(N)Nc1ccc(Cl)cc1)N=C(N)Nc1ccc(Cl)cc1,NC(=NCCCCCCN=C(N)N=C(N)Nc1ccc(Cl)cc1)N=C(N)Nc1ccc(Cl)cc1,897.7680000000007,505.4580000000001,-392.3100000000006,"['salt_stripped', 'fragment_removed']"
True,False,[],False,1,False,True,CC(=C)C(=O)OCCC[Si](C)(C)O[Si](C)(C)CCCOC(=O)C(=C)C,C=C(C)C(=O)OCCC[Si](C)(C)O[Si](C)(C)CCCOC(=O)C(=C)C,C=C(C)C(=O)OCCC[Si](C)(C)O[Si](C)(C)CCCOC(=O)C(=C)C,386.6370000000003,386.6370000000003,0.0,['none']
True,True,['Ni'],True,2,True,True,C(C(=O)O)C(CC(=O)[O-])(C(=O)[O-])O.[Ni+2],O=C([O-])CC(O)(CC(=O)O)C(=O)[O-],O=C(O)CC(O)(CC(=O)O)C(=O)O,248.8,192.12300000000002,-56.67699999999999,"['salt_stripped', 'metal:Ni', 'fragment_removed', 'charge_normalized']"
True,False,[],False,1,False,True,CCCCC(CC)COC1=CC(=C(C=C1)C2=NC(=NC(=N2)C3=CC=C(C=C3)OC)C4=C(C=C(C=C4)OCC(CC)CCCC)O)O,CCCCC(CC)COc1ccc(-c2nc(-c3ccc(OC)cc3)nc(-c3ccc(OCC(CC)CCCC)cc3O)n2)c(O)c1,CCCCC(CC)COc1ccc(-c2nc(-c3ccc(OC)cc3)nc(-c3ccc(OCC(CC)CCCC)cc3O)n2)c(O)c1,627.8260000000001,627.8260000000001,0.0,['none']
True,True,['Fe'],True,3,True,True,CCCCC(CC)C(=O)[O-].CCCCC(CC)C(=O)[O-].[Fe+2],CCCCC(CC)C(=O)[O-],CCCCC(CC)C(=O)O,342.25699999999995,144.214,-198.04299999999995,"['salt_stripped', 'metal:Fe', 'fragment_removed', 'charge_normalized']"
True,False,[],False,1,False,True,CCCCCOC(=O)C1=CC=CC=C1O,CCCCCOC(=O)c1ccccc1O,CCCCCOC(=O)c1ccccc1O,208.257,208.257,0.0,['none']
True,True,['Z45'],True,4,False,True,O.O.O.Cl[Rh](Cl)Cl,O,O,263.31,18.015,-245.29500000000002,"['salt_stripped', 'metal:Z45', 'fragment_removed']"
True,False,[],False,1,False,True,CC(C)(C(=O)Br)Br,CC(C)(Br)C(=O)Br,CC(C)(Br)C(=O)Br,229.899,229.899,0.0,['none']
True,False,[],False,1,False,True,C1C=CS(=O)(=O)O1,O=S1(=O)C=CCO1,O=S1(=O)C=CCO1,120.12899999999999,120.12899999999999,0.0,['none']
True,False,[],False,1,False,True,C1C(O1)COCCOCC2CO2,C(COCC1CO1)OCC1CO1,C(COCC1CO1)OCC1CO1,174.19599999999997,174.19599999999997,0.0,['none']
True,False,[],False,1,False,True,CCOC(=O)C1C(CCCC1(C)C)C,CCOC(=O)C1C(C)CCCC1(C)C,CCOC(=O)C1C(C)CCCC1(C)C,198.30599999999995,198.30599999999995,0.0,['none']
True,True,['Ni'],True,2,True,True,C(C(=O)[O-])C(CC(=O)[O-])(C(=O)[O-])O.[Ni+3],O=C([O-])CC(O)(CC(=O)[O-])C(=O)[O-],O=C(O)CC(O)(CC(=O)O)C(=O)O,247.79199999999997,192.12300000000002,-55.668999999999954,"['salt_stripped', 'metal:Ni', 'fragment_removed', 'charge_normalized']"
True,False,[],False,1,False,True,CC(CNCCN)C[Si](C)(OC)OC,CO[Si](C)(CC(C)CNCCN)OC,CO[Si](C)(CC(C)CNCCN)OC,220.38899999999998,220.38899999999998,0.0,['none']
True,True,['Na'],True,2,True,True,CCCC[O-].[Na+],CCCC[O-],CCCCO,96.10499999999999,74.12299999999999,-21.982,"['salt_stripped', 'metal:Na', 'fragment_removed', 'charge_normalized']"
True,False,[],False,1,False,True,CCN(CC)C1=CC(=C(C=C1)N=NC2=C(C=C(C=C2[N+](=O)[O-])[N+](=O)[O-])C#N)NC(=O)C,CCN(CC)c1ccc(N=Nc2c(C#N)cc([N+](=O)[O-])cc2[N+](=O)[O-])c(NC(C)=O)c1,CCN(CC)c1ccc(N=Nc2c(C#N)cc([N+](=O)[O-])cc2[N+](=O)[O-])c(NC(C)=O)c1,425.4050000000002,425.4050000000002,0.0,['none']
True,False,[],True,4,True,True,CCCCC(CC)C(=O)[O-].CCCCC(CC)C(=O)[O-].CCCCC(CC)C(=O)[O-].[Ce+3],CCCCC(CC)C(=O)[O-],CCCCC(CC)C(=O)O,569.7340000000003,144.214,-425.52000000000027,"['salt_stripped', 'fragment_removed', 'charge_normalized']"
True,False,[],False,1,False,True,CCCC=CC,CC=CCCC,CC=CCCC,84.16199999999999,84.16199999999999,0.0,['none']
True,False,[],False,1,False,True,CO[Si](CCCOCC1CO1)(OC)OC,CO[Si](CCCOCC1CO1)(OC)OC,CO[Si](CCCOCC1CO1)(OC)OC,236.33999999999997,236.33999999999997,0.0,['none']
True,False,[],False,1,False,True,CC(CO)OCC(C)O,CC(O)COC(C)CO,CC(O)COC(C)CO,134.175,134.175,0.0,['none']
True,True,['Na'],True,3,True,True,C1=CC=C(C=C1)C(=O)NC2=CC3=CC(=C(C(=C3C=C2)O)N=NC4=CC=C(C=C4)N=NC5=CC=C(C=C5)S(=O)(=O)[O-])S(=O)(=O)[O-].[Na+].[Na+],O=C(Nc1ccc2c(O)c(N=Nc3ccc(N=Nc4ccc(S(=O)(=O)[O-])cc4)cc3)c(S(=O)(=O)[O-])cc2c1)c1ccccc1,O=C(Nc1ccc2c(O)c(N=Nc3ccc(N=Nc4ccc(S(=O)(=O)O)cc4)cc3)c(S(=O)(=O)O)cc2c1)c1ccccc1,675.6120000000003,631.6480000000004,-43.96399999999994,"['salt_stripped', 'metal:Na', 'fragment_removed', 'charge_normalized']"
True,False,[],False,1,False,True,CCCCCCCCC=CCCCCCCCC(=O)OCC(CC)CCCC,CCCCCCCCC=CCCCCCCCC(=O)OCC(CC)CCCC,CCCCCCCCC=CCCCCCCCC(=O)OCC(CC)CCCC,394.6840000000002,394.6840000000002,0.0,['none']
True,False,[],False,1,False,True,CC(C)(C)C1=CC(=C(C=C1)OP2OCC3(CO2)COP(OC3)OC4=C(C=C(C=C4)C(C)(C)C)C(C)(C)C)C(C)(C)C,CC(C)(C)c1ccc(OP2OCC3(CO2)COP(Oc2ccc(C(C)(C)C)cc2C(C)(C)C)OC3)c(C(C)(C)C)c1,CC(C)(C)c1ccc(OP2OCC3(CO2)COP(Oc2ccc(C(C)(C)C)cc2C(C)(C)C)OC3)c(C(C)(C)C)c1,604.705,604.705,0.0,['none']
True,False,[],False,1,False,True,CCC(=C)C,C=C(C)CC,C=C(C)CC,70.13499999999999,70.13499999999999,0.0,['none']
True,False,[],False,1,False,True,C1N(CN(CN(CN1[N+](=O)[O-])[N+](=O)[O-])[N+](=O)[O-])[N+](=O)[O-],O=[N+]([O-])N1CN([N+](=O)[O-])CN([N+](=O)[O-])CN([N+](=O)[O-])C1,O=[N+]([O-])N1CN([N+](=O)[O-])CN([N+](=O)[O-])CN([N+](=O)[O-])C1,296.15600000000006,296.15600000000006,0.0,['none']
True,False,[],True,2,False,True,CC1=CC(=C(C=C1)N)N.CC1=C(C(=CC=C1)N)N,Cc1ccc(N)c(N)c1,Cc1ccc(N)c(N)c1,244.342,122.171,-122.171,"['salt_stripped', 'fragment_removed']"
True,False,[],False,1,False,True,CCCCCCCCCCCCCCCCC=C,C=CCCCCCCCCCCCCCCCC,C=CCCCCCCCCCCCCCCCC,252.4859999999999,252.4859999999999,0.0,['none']
True,False,[],False,1,False,True,CCCCCCCCOC1=CC(=C(C=C1)C2=NC(=NC(=N2)C3=C(C=C(C=C3)C)C)C4=C(C=C(C=C4)C)C)O,CCCCCCCCOc1ccc(-c2nc(-c3ccc(C)cc3C)nc(-c3ccc(C)cc3C)n2)c(O)c1,CCCCCCCCOc1ccc(-c2nc(-c3ccc(C)cc3C)nc(-c3ccc(C)cc3C)n2)c(O)c1,509.6940000000003,509.6940000000003,0.0,['none']
True,False,[],False,1,False,True,C1C(O1)COC2=CC3=C(C=C2)C(=CC=C3)OCC4CO4,c1cc(OCC2CO2)c2ccc(OCC3CO3)cc2c1,c1cc(OCC2CO2)c2ccc(OCC3CO3)cc2c1,272.3,272.3,0.0,['none']
True,True,['K'],True,7,True,True,C(N(CP(=O)([O-])[O-])CP(=O)([O-])[O-])P(=O)([O-])[O-].[K+].[K+].[K+].[K+].[K+].[K+],O=P([O-])([O-])CN(CP(=O)([O-])[O-])CP(=O)([O-])[O-],O=P(O)(O)CN(CP(=O)(O)O)CP(=O)(O)O,527.589,299.049,-228.54000000000008,"['salt_stripped', 'metal:K', 'fragment_removed', 'charge_normalized']"
True,True,['Sn'],False,1,False,True,CCCCC(CC)C(=O)O[Sn](CCCC)(CCCC)OC(=O)C(CC)CCCC,CCC[CH2][Sn+2][CH2]CCC,CCC[CH2][Sn+2][CH2]CCC,519.3550000000006,232.94299999999993,-286.41200000000066,"['metal:Sn', 'fragment_removed']"
True,False,[],False,1,False,True,CC(=O)NC1=C(C=CC(=C1)N(CCC#N)CCOC(=O)C)N=NC2=C(C=C(C=C2)[N+](=O)[O-])Cl,CC(=O)Nc1cc(N(CCC#N)CCOC(C)=O)ccc1N=Nc1ccc([N+](=O)[O-])cc1Cl,CC(=O)Nc1cc(N(CCC#N)CCOC(C)=O)ccc1N=Nc1ccc([N+](=O)[O-])cc1Cl,472.8890000000001,472.8890000000001,0.0,['none']
True,False,[],False,1,False,True,CC(=C)C(=O)OCCN(C)C,C=C(C)C(=O)OCCN(C)C,C=C(C)C(=O)OCCN(C)C,157.213,157.213,0.0,['none']
True,False,[],False,1,False,True,C1C(O1)CN(CC2CO2)C3=CC=C(C=C3)CC4=CC=C(C=C4)N(CC5CO5)CC6CO6,c1cc(N(CC2CO2)CC2CO2)ccc1Cc1ccc(N(CC2CO2)CC2CO2)cc1,c1cc(N(CC2CO2)CC2CO2)ccc1Cc1ccc(N(CC2CO2)CC2CO2)cc1,422.52500000000026,422.52500000000026,0.0,['none']
True,False,[],False,1,False,True,CCCCC(CC)COC(=O)CCC(=O)OCC(CC)CCCC,CCCCC(CC)COC(=O)CCC(=O)OCC(CC)CCCC,CCCCC(CC)COC(=O)CCC(=O)OCC(CC)CCCC,342.52000000000015,342.52000000000015,0.0,['none']
True,False,[],False,1,False,True,CCOP(=S)(OCC)OC1=NC(=C(C=C1Cl)Cl)Cl,CCOP(=S)(OCC)Oc1nc(Cl)c(Cl)cc1Cl,CCOP(=S)(OCC)Oc1nc(Cl)c(Cl)cc1Cl,350.5909999999999,350.5909999999999,0.0,['none']
True,False,[],True,2,False,True,C[N+](C)(C)CC1CO1.[Cl-],C[N+](C)(C)CC1CO1,C[N+](C)(C)CC1CO1,151.637,116.18399999999998,-35.45300000000002,"['salt_stripped', 'fragment_removed']"
True,False,[],False,1,False,True,C12(C(C(C(C(C1(F)F)(F)F)(F)F)(F)F)(C(C(C(C2(F)F)(F)F)(F)F)(F)F)F)F,FC1(F)C(F)(F)C(F)(F)C2(F)C(F)(F)C(F)(F)C(F)(F)C(F)(F)C2(F)C1(F)F,FC1(F)C(F)(F)C(F)(F)C2(F)C(F)(F)C(F)(F)C(F)(F)C(F)(F)C2(F)C1(F)F,462.0739999999999,462.0739999999999,0.0,['none']
True,False,[],False,1,False,True,CCCCCCCCCCCCCCCCCC(=O)OCC(CO)O,CCCCCCCCCCCCCCCCCC(=O)OCC(O)CO,CCCCCCCCCCCCCCCCCC(=O)OCC(O)CO,358.56300000000005,358.56300000000005,0.0,['none']
True,True,['K'],True,4,True,True,C[Si]([O-])([O-])[O-].[K+].[K+].[K+],C[Si]([O-])([O-])[O-],C[Si](O)(O)O,208.41200000000003,94.14199999999998,-114.27000000000005,"['salt_stripped', 'metal:K', 'fragment_removed', 'charge_normalized']"
True,False,[],False,1,False,True,C#CCOCCOCCOCCOCCOCCOCCOCCOCCOCCOCCOCCOCCOCCO,C#CCOCCOCCOCCOCCOCCOCCOCCOCCOCCOCCOCCOCCOCCO,C#CCOCCOCCOCCOCCOCCOCCOCCOCCOCCOCCOCCOCCOCCO,628.7530000000004,628.7530000000004,0.0,['none']
True,False,[],False,1,False,True,CSCCC=O,CSCCC=O,CSCCC=O,104.17399999999999,104.17399999999999,0.0,['none']
True,True,['Na'],True,2,True,True,CN(C1CCCCC1)S(=O)(=O)C2=CC=CC=C2N=NC3=C(C=CC4=CC(=CC(=C43)O)S(=O)(=O)[O-])N.[Na+],CN(C1CCCCC1)S(=O)(=O)c1ccccc1N=Nc1c(N)ccc2cc(S(=O)(=O)[O-])cc(O)c12,CN(C1CCCCC1)S(=O)(=O)c1ccccc1N=Nc1c(N)ccc2cc(S(=O)(=O)O)cc(O)c12,540.5990000000002,518.6170000000002,-21.98199999999997,"['salt_stripped', 'metal:Na', 'fragment_removed', 'charge_normalized']"
True,False,[],True,4,False,True,CCCCC(CC)COP(=O)(O)OCC(CC)CCCC.CCCCC(CC)COP(=O)(O)OCC(CC)CCCC.CCCCC(CC)COP(=O)(O)OCC(CC)CCCC.[Nd],CCCCC(CC)COP(=O)(O)OCC(CC)CCCC,CCCCC(CC)COP(=O)(O)OCC(CC)CCCC,1111.5179999999996,322.4260000000001,-789.0919999999994,"['salt_stripped', 'fragment_removed']"
True,False,[],False,1,False,True,CC1=NN(C(=O)C1N=NC2=C(C=C(C=C2)C3=CC(=C(C=C3)N=NC4C(=NN(C4=O)C5=CC=CC=C5)C)Cl)Cl)C6=CC=CC=C6,CC1=NN(c2ccccc2)C(=O)C1N=Nc1ccc(-c2ccc(N=NC3C(=O)N(c4ccccc4)N=C3C)c(Cl)c2)cc1Cl,CC1=NN(c2ccccc2)C(=O)C1N=Nc1ccc(-c2ccc(N=NC3C(=O)N(c4ccccc4)N=C3C)c(Cl)c2)cc1Cl,623.5040000000001,623.5040000000001,0.0,['none']
True,True,['Na'],True,3,True,True,C1=CC=C(C=C1)N=NC2=C(C3=C(C=C(C=C3C=C2S(=O)(=O)[O-])S(=O)(=O)[O-])N)O.[Na+].[Na+],Nc1cc(S(=O)(=O)[O-])cc2cc(S(=O)(=O)[O-])c(N=Nc3ccccc3)c(O)c12,Nc1cc(S(=O)(=O)O)cc2cc(S(=O)(=O)O)c(N=Nc3ccccc3)c(O)c12,467.39200000000017,423.4280000000001,-43.964000000000055,"['salt_stripped', 'metal:Na', 'fragment_removed', 'charge_normalized']"
True,False,[],False,1,False,True,CC(CCC=C(C)C)CC#N,CC(C)=CCCC(C)CC#N,CC(C)=CCCC(C)CC#N,151.253,151.253,0.0,['none']
True,False,[],False,1,False,True,CC(=O)NC1=CC(=C(C=C1N=NC2=C(C=C(C=C2Br)[N+](=O)[O-])[N+](=O)[O-])OC)N(CCOC(=O)C)CCOC(=O)C,COc1cc(N=Nc2c(Br)cc([N+](=O)[O-])cc2[N+](=O)[O-])c(NC(C)=O)cc1N(CCOC(C)=O)CCOC(C)=O,COc1cc(N=Nc2c(Br)cc([N+](=O)[O-])cc2[N+](=O)[O-])c(NC(C)=O)cc1N(CCOC(C)=O)CCOC(C)=O,625.389,625.389,0.0,['none']
True,False,[],False,1,False,True,CC1C(=O)C(=C(O1)C)O,CC1=C(O)C(=O)C(C)O1,CC1=C(O)C(=O)C(C)O1,128.12699999999998,128.12699999999998,0.0,['none']
True,True,['Na'],True,7,True,True,CC(CN(CC(C)O)C1=NC(=NC(=N1)NC2=C(C=CC(=C2)S(=O)(=O)[O-])S(=O)(=O)[O-])NC3=CC(=C(C=C3)C=CC4=C(C=C(C=C4)NC5=NC(=NC(=N5)N(CC(C)O)CC(C)O)NC6=C(C=CC(=C6)S(=O)(=O)[O-])S(=O)(=O)[O-])S(=O)(=O)[O-])S(=O)(=O)[O-])O.[Na+].[Na+].[Na+].[Na+].[Na+].[Na+],CC(O)CN(CC(C)O)c1nc(Nc2ccc(C=Cc3ccc(Nc4nc(Nc5cc(S(=O)(=O)[O-])ccc5S(=O)(=O)[O-])nc(N(CC(C)O)CC(C)O)n4)cc3S(=O)(=O)[O-])c(S(=O)(=O)[O-])c2)nc(Nc2cc(S(=O)(=O)[O-])ccc2S(=O)(=O)[O-])n1,CC(O)CN(CC(C)O)c1nc(Nc2ccc(C=Cc3ccc(Nc4nc(Nc5cc(S(=O)(=O)O)ccc5S(=O)(=O)O)nc(N(CC(C)O)CC(C)O)n4)cc3S(=O)(=O)O)c(S(=O)(=O)O)c2)nc(Nc2cc(S(=O)(=O)O)ccc2S(=O)(=O)O)n1,1425.256,1293.364,-131.89200000000005,"['salt_stripped', 'metal:Na', 'fragment_removed', 'charge_normalized']"
True,False,[],False,1,False,True,CC1=CC(=C(C(=C1)N2N=C3C=CC(=CC3=N2)Cl)O)C(C)(C)C,Cc1cc(-n2nc3ccc(Cl)cc3n2)c(O)c(C(C)(C)C)c1,Cc1cc(-n2nc3ccc(Cl)cc3n2)c(O)c(C(C)(C)C)c1,315.8040000000001,315.8040000000001,0.0,['none']
True,True,['Na'],True,2,True,True,C(C(=O)[O-])Cl.[Na+],O=C([O-])CCl,O=C(O)CCl,116.479,94.49700000000001,-21.981999999999985,"['salt_stripped', 'metal:Na', 'fragment_removed', 'charge_normalized']"
True,False,[],True,2,False,True,C1(=NC(=NC(=N1)N)N)N.OP(=O)(O)O,Nc1nc(N)nc(N)n1,Nc1nc(N)nc(N)n1,224.11700000000005,126.12300000000003,-97.99400000000001,"['salt_stripped', 'fragment_removed']"
True,True,['Na'],True,3,True,True,C1=CC=C(C=C1)NC2=NC(=NC(=N2)N(CCO)CCO)NC3=CC(=C(C=C3)C=CC4=C(C=C(C=C4)NC5=NC(=NC(=N5)NC6=CC=CC=C6)N(CCO)CCO)S(=O)(=O)[O-])S(=O)(=O)[O-].[Na+].[Na+],O=S(=O)([O-])c1cc(Nc2nc(Nc3ccccc3)nc(N(CCO)CCO)n2)ccc1C=Cc1ccc(Nc2nc(Nc3ccccc3)nc(N(CCO)CCO)n2)cc1S(=O)(=O)[O-],O=S(=O)(O)c1cc(Nc2nc(Nc3ccccc3)nc(N(CCO)CCO)n2)ccc1C=Cc1ccc(Nc2nc(Nc3ccccc3)nc(N(CCO)CCO)n2)cc1S(=O)(=O)O,960.9639999999999,917.0,-43.96399999999994,"['salt_stripped', 'metal:Na', 'fragment_removed', 'charge_normalized']"
True,True,"['Cu', 'Na']",True,6,True,True,CN(CCS(=O)(=O)CCOS(=O)(=O)[O-])C1=NC(=NC(=N1)NC2=C(C3=CC(=C(C(=C3C=C2)[O-])N=NC4=CC(=C(C=C4N=NC5=C(C=CC(=C5)S(=O)(=O)[O-])[O-])OC)OC)S(=O)(=O)[O-])S(=O)(=O)[O-])F.[Na+].[Na+].[Na+].[Na+].[Cu+2],COc1cc(N=Nc2cc(S(=O)(=O)[O-])ccc2[O-])c(N=Nc2c(S(=O)(=O)[O-])cc3c(S(=O)(=O)[O-])c(Nc4nc(F)nc(N(C)CCS(=O)(=O)CCOS(=O)(=O)[O-])n4)ccc3c2[O-])cc1OC,COc1cc(N=Nc2cc(S(=O)(=O)O)ccc2O)c(N=Nc2c(S(=O)(=O)O)cc3c(S(=O)(=O)O)c(Nc4nc(F)nc(N(C)CCS(=O)(=O)CCOS(=O)(=O)O)n4)ccc3c2O)cc1OC,1175.4430000000002,1025.9850000000004,-149.45799999999986,"['salt_stripped', 'metal:Cu,Na', 'fragment_removed', 'charge_normalized']"
True,False,[],False,1,False,True,CC1=CC(=C(C=C1)C(=O)N)O,Cc1ccc(C(N)=O)c(O)c1,Cc1ccc(C(N)=O)c(O)c1,151.16499999999996,151.16499999999996,0.0,['none']
True,True,"['Fe', 'Na']",True,3,False,True,C(CN(CC(=O)O)CC(=O)O)N(CCO)CC(=O)O.[Na+].[Fe],O=C(O)CN(CCO)CCN(CC(=O)O)CC(=O)O,O=C(O)CN(CCO)CCN(CC(=O)O)CC(=O)O,357.096,278.26099999999997,-78.83500000000004,"['salt_stripped', 'metal:Fe,Na', 'fragment_removed']"
True,False,[],False,1,False,True,CC1(COCN1)C,CC1(C)COCN1,CC1(C)COCN1,101.149,101.149,0.0,['none']
True,False,[],False,1,False,True,CC=C(C)C,CC=C(C)C,CC=C(C)C,70.13499999999999,70.13499999999999,0.0,['none']
True,False,[],False,1,False,True,CC(C)OC(=O)C(C)(C)Br,CC(C)OC(=O)C(C)(C)Br,CC(C)OC(=O)C(C)(C)Br,209.08299999999997,209.08299999999997,0.0,['none']
True,False,[],False,1,False,True,CC(=CCCC(=CC#N)C)C,CC(C)=CCCC(C)=CC#N,CC(C)=CCCC(C)=CC#N,149.237,149.237,0.0,['none']
True,False,[],False,1,False,True,CCC(COC(=O)CCN1CC1)(COC(=O)CCN2CC2)COC(=O)CCN3CC3,CCC(COC(=O)CCN1CC1)(COC(=O)CCN1CC1)COC(=O)CCN1CC1,CCC(COC(=O)CCN1CC1)(COC(=O)CCN1CC1)COC(=O)CCN1CC1,425.5260000000003,425.5260000000003,0.0,['none']
True,False,[],False,1,False,True,CCCCCC(CCC)COC(=O)C1=CC=CC=C1C(=O)OCC(CCC)CCCCC,CCCCCC(CCC)COC(=O)c1ccccc1C(=O)OCC(CCC)CCCCC,CCCCCC(CCC)COC(=O)c1ccccc1C(=O)OCC(CCC)CCCCC,446.6720000000004,446.6720000000004,0.0,['none']
True,False,[],False,1,False,True,CCOC(=O)C1=NN(C2=C1CCN(C2=O)C3=CC=C(C=C3)[N+](=O)[O-])C4=CC=C(C=C4)OC,CCOC(=O)c1nn(-c2ccc(OC)cc2)c2c1CCN(c1ccc([N+](=O)[O-])cc1)C2=O,CCOC(=O)c1nn(-c2ccc(OC)cc2)c2c1CCN(c1ccc([N+](=O)[O-])cc1)C2=O,436.42400000000015,436.42400000000015,0.0,['none']
True,False,[],False,1,False,True,C1CCC(CC1)N=C=NC2CCCCC2,C(=NC1CCCCC1)=NC1CCCCC1,C(=NC1CCCCC1)=NC1CCCCC1,206.33299999999997,206.33299999999997,0.0,['none']
True,False,[],False,1,False,True,C[Si]1(O[Si](O[Si](O[Si](O[Si](O1)(C)C)(C)C)(C)C)(C)C)C,C[Si]1(C)O[Si](C)(C)O[Si](C)(C)O[Si](C)(C)O[Si](C)(C)O1,C[Si]1(C)O[Si](C)(C)O[Si](C)(C)O[Si](C)(C)O[Si](C)(C)O1,370.77500000000015,370.77500000000015,0.0,['none']
True,False,[],True,2,False,True,C1=CC(=CC=C1N)N(CCO)CCO.OS(=O)(=O)O,Nc1ccc(N(CCO)CCO)cc1,Nc1ccc(N(CCO)CCO)cc1,294.329,196.24999999999997,-98.07900000000004,"['salt_stripped', 'fragment_removed']"
True,True,['Z44'],True,10,True,True,CC(=O)[O-].CC(=O)[O-].CC(=O)[O-].CC(=O)[O-].CC(=O)[O-].CC(=O)[O-].CC(=O)[O-].[Ru+3].[Ru+3].[Ru+3],CC(=O)[O-],CC(=O)O,716.518,60.05200000000001,-656.466,"['salt_stripped', 'metal:Z44', 'fragment_removed', 'charge_normalized']"
True,False,[],False,1,False,True,C(CN)CNCCCN,NCCCNCCCN,NCCCNCCCN,131.22299999999998,131.22299999999998,0.0,['none']
True,False,[],False,1,False,True,C(CC(=O)O)C(C(=O)O)N,NC(CCC(=O)O)C(=O)O,NC(CCC(=O)O)C(=O)O,147.13,147.13,0.0,['none']
True,False,[],False,1,False,True,C1=CC=C2C(=C1)C3=NC4=NC(=NC5=C6C=CC=CC6=C(N5)N=C7C8=CC=CC=C8C(=N7)N=C2N3)C9=CC=CC=C94,c1ccc2c(c1)-c1nc-2nc2[nH]c(nc3nc(nc4[nH]c(n1)c1ccccc41)-c1ccccc1-3)c1ccccc21,c1ccc2c(c1)-c1nc-2nc2[nH]c(nc3nc(nc4[nH]c(n1)c1ccccc41)-c1ccccc1-3)c1ccccc21,514.5520000000001,514.5520000000001,0.0,['none']
True,False,[],False,1,False,True,CC(COCC(C)OC(=O)C=C)OC(=O)C=C,C=CC(=O)OC(C)COCC(C)OC(=O)C=C,C=CC(=O)OC(C)COCC(C)OC(=O)C=C,242.27099999999996,242.27099999999996,0.0,['none']
True,True,['Sn'],False,1,False,True,CCCCC(CC)COC(=O)CS[Sn](C)(SCC(=O)OCC(CC)CCCC)SCC(=O)OCC(CC)CCCC,CCCCC(CC)COC(=O)C[S][Sn]([CH3])([S]CC(=O)OCC(CC)CCCC)[S]CC(=O)OCC(CC)CCCC,CCCCC(CC)COC(=O)C[S][Sn]([CH3])([S]CC(=O)OCC(CC)CCCC)[S]CC(=O)OCC(CC)CCCC,743.7269999999997,743.7269999999997,0.0,['metal:Sn']
True,False,[],False,1,False,True,CCCCC=C,C=CCCCC,C=CCCCC,84.16199999999999,84.16199999999999,0.0,['none']
True,False,[],False,1,False,True,C1C(O1)CN2C(=O)N(C(=O)N(C2=O)CC3CO3)CC4CO4,O=c1n(CC2CO2)c(=O)n(CC2CO2)c(=O)n1CC1CO1,O=c1n(CC2CO2)c(=O)n(CC2CO2)c(=O)n1CC1CO1,297.267,297.267,0.0,['none']
True,False,[],False,1,False,True,C1=CC=C(C=C1)N=NC2=CC=C(C=C2)N,Nc1ccc(N=Nc2ccccc2)cc1,Nc1ccc(N=Nc2ccccc2)cc1,197.241,197.241,0.0,['none']
True,False,[],False,1,False,True,CCOC(=O)C(C)(C)Br,CCOC(=O)C(C)(C)Br,CCOC(=O)C(C)(C)Br,195.05599999999998,195.05599999999998,0.0,['none']
True,False,[],False,1,False,True,CCCC1COC(O1)(CN2C=NC=N2)C3=C(C=C(C=C3)Cl)Cl,CCCC1COC(Cn2cncn2)(c2ccc(Cl)cc2Cl)O1,CCCC1COC(Cn2cncn2)(c2ccc(Cl)cc2Cl)O1,342.226,342.226,0.0,['none']
True,False,[],False,1,False,True,CC1CCC23CCC(=O)C2C1(C(CC(C(C3C)O)(C)C=C)OC(=O)COS(=O)(=O)C)C,C=CC1(C)CC(OC(=O)COS(C)(=O)=O)C2(C)C(C)CCC3(CCC(=O)C32)C(C)C1O,C=CC1(C)CC(OC(=O)COS(C)(=O)=O)C2(C)C(C)CCC3(CCC(=O)C32)C(C)C1O,456.6010000000003,456.6010000000003,0.0,['none']
True,False,[],False,1,False,True,C(C=CCO)O,OCC=CCO,OCC=CCO,88.10599999999998,88.10599999999998,0.0,['none']
True,False,[],False,1,False,True,CCOC1=CC=C(C=C1)NC(=O)C,CCOc1ccc(NC(C)=O)cc1,CCOc1ccc(NC(C)=O)cc1,179.21899999999997,179.21899999999997,0.0,['none']
True,False,[],False,1,False,True,COC(=O)C=CC(=O)OC,COC(=O)C=CC(=O)OC,COC(=O)C=CC(=O)OC,144.12599999999998,144.12599999999998,0.0,['none']
True,False,[],False,1,False,True,C[C@]12CCC(=O)C=C1CC[C@@H]3[C@@H]2CC[C@]4([C@H]3CCC4=O)C,C[C@]12CCC(=O)C=C1CC[C@@H]1[C@@H]2CC[C@]2(C)C(=O)CC[C@@H]12,C[C@]12CCC(=O)C=C1CC[C@@H]1[C@@H]2CC[C@]2(C)C(=O)CC[C@@H]12,286.41499999999996,286.41499999999996,0.0,['none']
True,False,[],False,1,False,True,CC(C)CC1CC(CCO1)(C)O,CC(C)CC1CC(C)(O)CCO1,CC(C)CC1CC(C)(O)CCO1,172.268,172.268,0.0,['none']
True,False,[],False,1,False,True,C1=C(C=C(C(=C1N)O)Cl)[N+](=O)[O-],Nc1cc([N+](=O)[O-])cc(Cl)c1O,Nc1cc([N+](=O)[O-])cc(Cl)c1O,188.57,188.57,0.0,['none']
True,False,[],False,1,False,True,CCOS(=O)(=O)OCC,CCOS(=O)(=O)OCC,CCOS(=O)(=O)OCC,154.18699999999998,154.18699999999998,0.0,['none']
True,False,[],False,1,False,True,C1COCCN1CCOCCN2CCOCC2,C1CN(CCOCCN2CCOCC2)CCO1,C1CN(CCOCCN2CCOCC2)CCO1,244.33499999999992,244.33499999999992,0.0,['none']
True,False,[],False,1,False,True,C(C1C(C(C(C(O1)OCC(C(C(C(CO)O)O)O)O)O)O)O)O,OCC(O)C(O)C(O)C(O)COC1OC(CO)C(O)C(O)C1O,OCC(O)C(O)C(O)C(O)COC1OC(CO)C(O)C(O)C1O,344.31300000000005,344.31300000000005,0.0,['none']
True,True,['Na'],True,2,True,True,CC1=C2C(=CC=C1)[N-]N=N2.[Na+],Cc1cccc2[n-]nnc12,Cc1cccc2[nH]nnc12,155.136,133.15399999999997,-21.982000000000028,"['salt_stripped', 'metal:Na', 'fragment_removed', 'charge_normalized']"
True,True,['Z23'],True,21,True,True,[OH-].[OH-].[OH-].[OH-].[OH-].[O-2].[O-2].[O-2].[O-2].[O-2].[O-]P(=O)([O-])[O-].[O-]P(=O)([O-])[O-].[O-]P(=O)([O-])[O-].[O-]P(=O)([O-])[O-].[O-]P(=O)([O-])[O-].[V].[V].[V].[V].[V].[V],O=P([O-])([O-])[O-],O=P(O)(O)O,945.5440000000001,97.99399999999999,-847.5500000000001,"['salt_stripped', 'metal:Z23', 'fragment_removed', 'charge_normalized']"
True,False,[],True,2,False,True,C1CNCCN1.OP(=O)(O)OP(=O)(O)O,C1CNCCN1,C1CNCCN1,264.111,86.138,-177.97299999999998,"['salt_stripped', 'fragment_removed']"
True,False,[],False,1,False,True,CC1=CC(=CC(=C1)C(=O)Cl)C,Cc1cc(C)cc(C(=O)Cl)c1,Cc1cc(C)cc(C(=O)Cl)c1,168.62299999999996,168.62299999999996,0.0,['none']
True,False,[],True,3,False,True,C1=CC(=C(C=C1N)N)OCCO.Cl.Cl,Nc1ccc(OCCO)c(N)c1,Nc1ccc(OCCO)c(N)c1,241.11800000000002,168.196,-72.92200000000003,"['salt_stripped', 'fragment_removed']"
True,False,[],False,1,False,True,CCCCCCCCOC(=O)C(C)OC1=C(C=C(C=C1)Cl)C,CCCCCCCCOC(=O)C(C)Oc1ccc(Cl)cc1C,CCCCCCCCOC(=O)C(C)Oc1ccc(Cl)cc1C,326.864,326.864,0.0,['none']
True,False,[],False,1,False,True,CC(C)(C)C1=CC(=CC(=C1O)C(C)(C)C)CCC(=O)OCC(COC(=O)CCC2=CC(=C(C(=C2)C(C)(C)C)O)C(C)(C)C)(COC(=O)CCC3=CC(=C(C(=C3)C(C)(C)C)O)C(C)(C)C)COC(=O)CCC4=CC(=C(C(=C4)C(C)(C)C)O)C(C)(C)C,CC(C)(C)c1cc(CCC(=O)OCC(COC(=O)CCc2cc(C(C)(C)C)c(O)c(C(C)(C)C)c2)(COC(=O)CCc2cc(C(C)(C)C)c(O)c(C(C)(C)C)c2)COC(=O)CCc2cc(C(C)(C)C)c(O)c(C(C)(C)C)c2)cc(C(C)(C)C)c1O,CC(C)(C)c1cc(CCC(=O)OCC(COC(=O)CCc2cc(C(C)(C)C)c(O)c(C(C)(C)C)c2)(COC(=O)CCc2cc(C(C)(C)C)c(O)c(C(C)(C)C)c2)COC(=O)CCc2cc(C(C)(C)C)c(O)c(C(C)(C)C)c2)cc(C(C)(C)C)c1O,1177.6549999999986,1177.6549999999986,0.0,['none']
True,True,['Zn'],True,4,True,True,C(CN(CC(=O)[O-])CC(=O)[O-])N(CC(=O)[O-])CC(=O)[O-].[NH4+].[NH4+].[Zn+2],O=C([O-])CN(CCN(CC(=O)[O-])CC(=O)[O-])CC(=O)[O-],O=C(O)CN(CCN(CC(=O)O)CC(=O)O)CC(=O)O,389.67999999999995,292.24399999999997,-97.43599999999998,"['salt_stripped', 'metal:Zn', 'fragment_removed', 'charge_normalized']"
True,True,['Li'],True,3,False,True,[Li+].C1(=O)C(=O)OP2(O1)(OC(=O)C(=O)O2)F.[F-],O=C1OP2(F)(OC1=O)OC(=O)C(=O)O2,O=C1OP2(F)(OC1=O)OC(=O)C(=O)O2,251.94699999999997,226.00799999999998,-25.938999999999993,"['salt_stripped', 'metal:Li', 'fragment_removed']"
True,False,[],False,1,False,True,CC(=O)N1CCN(CC1)C2=CC=C(C=C2)O,CC(=O)N1CCN(c2ccc(O)cc2)CC1,CC(=O)N1CCN(c2ccc(O)cc2)CC1,220.27200000000005,220.27200000000005,0.0,['none']
True,True,['Sn'],False,1,False,True,CCCC[Sn](CCCC)(Cl)Cl,CCC[CH2][Sn]([Cl])([Cl])[CH2]CCC,CCC[CH2][Sn]([Cl])([Cl])[CH2]CCC,303.84899999999993,303.84899999999993,0.0,['metal:Sn']
True,True,['Fe'],True,5,False,True,C(CN(CC(=O)O)CC(=O)O)N(CC(=O)O)CC(=O)O.N.N.O.[Fe],O=C(O)CN(CCN(CC(=O)O)CC(=O)O)CC(=O)O,O=C(O)CN(CCN(CC(=O)O)CC(=O)O)CC(=O)O,400.16600000000005,292.24399999999997,-107.92200000000008,"['salt_stripped', 'metal:Fe', 'fragment_removed']"
True,False,[],False,1,False,True,CC1=CC(=C(C=C1)NC(=O)C(C(=O)C)N=NC2=C(C=C(C=C2)C3=CC(=C(C=C3)N=NC(C(=O)C)C(=O)NC4=CC=CC=C4OC)Cl)Cl)C,COc1ccccc1NC(=O)C(N=Nc1ccc(-c2ccc(N=NC(C(C)=O)C(=O)Nc3ccc(C)cc3C)c(Cl)c2)cc1Cl)C(C)=O,COc1ccccc1NC(=O)C(N=Nc1ccc(-c2ccc(N=NC(C(C)=O)C(=O)Nc3ccc(C)cc3C)c(Cl)c2)cc1Cl)C(C)=O,687.5840000000002,687.5840000000002,0.0,['none']
True,False,[],True,2,False,True,CC[N+]1(CCCC1)C.[Br-],CC[N+]1(C)CCCC1,CC[N+]1(C)CCCC1,194.11599999999999,114.212,-79.90399999999998,"['salt_stripped', 'fragment_removed']"
True,True,"['Cr', 'Na']",True,5,True,True,CC1=C(C(=O)N([N-]1)C2=CC=CC=C2)N=NC3=C(C=CC(=C3)[N+](=O)[O-])[O-].C1=CC=C2C(=C1)C=CC(=C2N=NC3=C4C=CC(=CC4=C(C=C3[O-])S(=O)(=O)[O-])[N+](=O)[O-])[O-].[Na+].[Na+].[Cr+3],O=[N+]([O-])c1ccc2c(N=Nc3c([O-])ccc4ccccc34)c([O-])cc(S(=O)(=O)[O-])c2c1,O=[N+]([O-])c1ccc2c(N=Nc3c(O)ccc4ccccc34)c(O)cc(S(=O)(=O)O)c2c1,871.6520000000003,439.4050000000001,-432.2470000000002,"['salt_stripped', 'metal:Cr,Na', 'fragment_removed', 'charge_normalized']"
True,True,['Cu'],True,3,False,True,CCCCCCCCCCCCCCCCCC[N+](C)(C)CCCCCCCCCCCCCCCCCC.C1=CC=C2C(=C1)C3=NC4=NC(=NC5=C6C=CC(=CC6=C([N-]5)N=C7C8=CC=CC=C8C(=N7)N=C2[N-]3)S(=O)(=O)[O-])C9=CC=CC=C94.[Cu+2],CCCCCCCCCCCCCCCCCC[N+](C)(C)CCCCCCCCCCCCCCCCCC,CCCCCCCCCCCCCCCCCC[N+](C)(C)CCCCCCCCCCCCCCCCCC,1206.2029999999995,551.0650000000004,-655.1379999999991,"['salt_stripped', 'metal:Cu', 'fragment_removed']"
True,False,[],False,1,False,True,CCCCCCCCCCCCCCCCCC(=O)OCC(COCC(COC(=O)CCCCCCCCCCCCCCCCC)(COC(=O)CCCCCCCCCCCCCCCCC)COC(=O)CCCCCCCCCCCCCCCCC)(COC(=O)CCCCCCCCCCCCCCCCC)COC(=O)CCCCCCCCCCCCCCCCC,CCCCCCCCCCCCCCCCCC(=O)OCC(COCC(COC(=O)CCCCCCCCCCCCCCCCC)(COC(=O)CCCCCCCCCCCCCCCCC)COC(=O)CCCCCCCCCCCCCCCCC)(COC(=O)CCCCCCCCCCCCCCCCC)COC(=O)CCCCCCCCCCCCCCCCC,CCCCCCCCCCCCCCCCCC(=O)OCC(COCC(COC(=O)CCCCCCCCCCCCCCCCC)(COC(=O)CCCCCCCCCCCCCCCCC)COC(=O)CCCCCCCCCCCCCCCCC)(COC(=O)CCCCCCCCCCCCCCCCC)COC(=O)CCCCCCCCCCCCCCCCC,1853.0930000000003,1853.0930000000003,0.0,['none']
True,False,[],False,1,False,True,C1=CC=CC=C1,c1ccccc1,c1ccccc1,78.11399999999999,78.11399999999999,0.0,['none']
True,False,[],False,1,False,True,CC1=C(C=C(C=C1)C(=O)OC(C)C)N=NC2=C(C(=CC3=CC=CC=C32)C(=O)NC4=CC(=C(C=C4Cl)NC(=O)C5=CC6=CC=CC=C6C(=C5O)N=NC7=C(C=CC(=C7)C(=O)OC(C)C)C)Cl)O,Cc1ccc(C(=O)OC(C)C)cc1N=Nc1c(O)c(C(=O)Nc2cc(Cl)c(NC(=O)c3cc4ccccc4c(N=Nc4cc(C(=O)OC(C)C)ccc4C)c3O)cc2Cl)cc2ccccc12,Cc1ccc(C(=O)OC(C)C)cc1N=Nc1c(O)c(C(=O)Nc2cc(Cl)c(NC(=O)c3cc4ccccc4c(N=Nc4cc(C(=O)OC(C)C)ccc4C)c3O)cc2Cl)cc2ccccc12,925.8259999999999,925.8259999999999,0.0,['none']
True,False,[],False,1,False,True,CC1=CC2=C(C=C1N=NC3C(=O)NC(=O)NC3=O)NC(=O)N2,Cc1cc2[nH]c(=O)[nH]c2cc1N=NC1C(=O)NC(=O)NC1=O,Cc1cc2[nH]c(=O)[nH]c2cc1N=NC1C(=O)NC(=O)NC1=O,302.25,302.25,0.0,['none']
True,True,"['Cr', 'Na']",True,5,False,True,CC(=C(C(=O)NC1=CC=CC=C1Cl)N=NC2=C(C=CC(=C2)[N+](=O)[O-])O)O.C1=CC=C2C(=C1)C=CC(=C2N=NC3=C4C=CC(=CC4=C(C=C3O)S(=O)(=O)O)[N+](=O)[O-])O.[Na+].[Na+].[Cr],O=[N+]([O-])c1ccc2c(N=Nc3c(O)ccc4ccccc34)c(O)cc(S(=O)(=O)O)c2c1,O=[N+]([O-])c1ccc2c(N=Nc3c(O)ccc4ccccc34)c(O)cc(S(=O)(=O)O)c2c1,914.1370000000002,439.4050000000001,-474.7320000000001,"['salt_stripped', 'metal:Cr,Na', 'fragment_removed']"
True,False,[],False,1,False,True,C=CCl,C=CCl,C=CCl,62.498999999999995,62.498999999999995,0.0,['none']
True,False,[],False,1,False,True,C=CF,C=CF,C=CF,46.044,46.044,0.0,['none']
True,False,[],False,1,False,True,C1CO1,C1CO1,C1CO1,44.053,44.053,0.0,['none']
True,True,"['Cr', 'Na']",True,5,False,True,CC1C(=C(N=N1)O)N=NC2=C(C=C(C=C2)[N+](=O)[O-])O.CC1=CC=C(C=C1)N2C(=C(C(=N2)C)N=NC3=C(C(=CC(=C3)S(=O)(=O)O)[N+](=O)[O-])O)O.[Na+].[Na+].[Cr],Cc1ccc(-n2nc(C)c(N=Nc3cc(S(=O)(=O)O)cc([N+](=O)[O-])c3O)c2O)cc1,Cc1ccc(-n2nc(C)c(N=Nc3cc(S(=O)(=O)O)cc([N+](=O)[O-])c3O)c2O)cc1,794.5910000000006,433.40200000000016,-361.1890000000004,"['salt_stripped', 'metal:Cr,Na', 'fragment_removed']"
True,True,['Na'],True,2,True,True,[O-]Cl.[Na+],[O-]Cl,OCl,74.44200000000001,52.46000000000001,-21.982,"['salt_stripped', 'metal:Na', 'fragment_removed', 'charge_normalized']"
True,True,['Sn'],False,1,True,True,CCCCCCCCCCCC(=O)O[Sn](CCCC)(CCCC)OC(=O)CCCCCCCCCCC,CCCCCCCCCCCC(=O)[O-],CCCCCCCCCCCC(=O)O,631.5709999999999,200.32199999999995,-431.24899999999997,"['metal:Sn', 'fragment_removed', 'charge_normalized']"
True,True,['Ca'],True,2,True,True,[O-]S(=O)(=O)[O-].[Ca+2],O=S(=O)([O-])[O-],O=S(=O)(O)O,136.141,98.07899999999998,-38.06200000000001,"['salt_stripped', 'metal:Ca', 'fragment_removed', 'charge_normalized']"
True,True,['Na'],True,2,True,True,[O-]Br(=O)=O.[Na+],[O-][Br+2]([O-])[O-],[O-][Br+2]([O-])O,150.891,128.909,-21.982,"['salt_stripped', 'metal:Na', 'fragment_removed', 'charge_normalized']"
True,True,['Sn'],False,1,False,True,CCCC[Sn]1(OC(=O)C=CC(=O)O1)CCCC,CCC[CH2][Sn+2][CH2]CCC,CCC[CH2][Sn+2][CH2]CCC,346.9990000000002,232.94299999999996,-114.05600000000024,"['metal:Sn', 'fragment_removed']"
True,False,[],False,1,False,True,CC(=C)C=C,C=CC(=C)C,C=CC(=C)C,68.11900000000001,68.11900000000001,0.0,['none']
True,False,[],False,1,False,True,CC(CCl)Cl,CC(Cl)CCl,CC(Cl)CCl,112.987,112.987,0.0,['none']
True,True,['Z23'],True,2,True,True,[NH4+].[O-][V](=O)=O,[NH4+],N,116.97999999999999,17.031,-99.94899999999998,"['salt_stripped', 'metal:Z23', 'fragment_removed', 'charge_normalized']"
True,True,['Na'],True,5,True,True,C1=CC(=CC(=C1)S(=O)(=O)[O-])NC2=NC(=NC(=N2)Cl)NC3=C4C(=CC(=C3)S(=O)(=O)[O-])C=C(C(=C4O)N=NC5=CC=C(C=C5)S(=O)(=O)CCOS(=O)(=O)[O-])S(=O)(=O)[O-].[Na+].[Na+].[Na+].[Na+],O=S(=O)([O-])OCCS(=O)(=O)c1ccc(N=Nc2c(S(=O)(=O)[O-])cc3cc(S(=O)(=O)[O-])cc(Nc4nc(Cl)nc(Nc5cccc(S(=O)(=O)[O-])c5)n4)c3c2O)cc1,O=S(=O)(O)OCCS(=O)(=O)c1ccc(N=Nc2c(S(=O)(=O)O)cc3cc(S(=O)(=O)O)cc(Nc4nc(Cl)nc(Nc5cccc(S(=O)(=O)O)c5)n4)c3c2O)cc1,984.2220000000002,896.2940000000003,-87.92799999999988,"['salt_stripped', 'metal:Na', 'fragment_removed', 'charge_normalized']"
True,False,[],False,1,False,True,C(C(=O)O)Cl,O=C(O)CCl,O=C(O)CCl,94.49700000000001,94.49700000000001,0.0,['none']
True,True,"['Cr', 'Na']",True,8,True,True,C1=CC(=C(C=C1[N+](=O)[O-])N=NC2=C(C3=C(C=C(C=C3C=C2S(=O)(=O)[O-])S(=O)(=O)[O-])NC4=NC(=NC(=N4)N)Cl)[O-])[O-].C1=CC(=C(C=C1[N+](=O)[O-])N=NC2=C(C3=C(C=C(C=C3C=C2S(=O)(=O)[O-])S(=O)(=O)[O-])NC4=NC(=NC(=N4)N)Cl)[O-])[O-].[Na+].[Na+].[Na+].[Na+].[Na+].[Cr+3],Nc1nc(Cl)nc(Nc2cc(S(=O)(=O)[O-])cc3cc(S(=O)(=O)[O-])c(N=Nc4cc([N+](=O)[O-])ccc4[O-])c([O-])c23)n1,Nc1nc(Cl)nc(Nc2cc(S(=O)(=O)O)cc3cc(S(=O)(=O)O)c(N=Nc4cc([N+](=O)[O-])ccc4O)c(O)c23)n1,1384.7740000000003,612.9460000000001,-771.8280000000002,"['salt_stripped', 'metal:Cr,Na', 'fragment_removed', 'charge_normalized']"
True,True,['Na'],True,5,False,True,C1=CC(=CC=C1NC2=NC(=NC(=N2)Cl)NC3=CC(=C(C=C3)N=NC4=CC5=C(C=C(C=C5C=C4S(=O)(=O)O)S(=O)(=O)O)S(=O)(=O)O)NC(=O)N)S(=O)(=O)CCOS(=O)(=O)O.[Na+].[Na+].[Na+].[Na+],NC(=O)Nc1cc(Nc2nc(Cl)nc(Nc3ccc(S(=O)(=O)CCOS(=O)(=O)O)cc3)n2)ccc1N=Nc1cc2c(S(=O)(=O)O)cc(S(=O)(=O)O)cc2cc1S(=O)(=O)O,NC(=O)Nc1cc(Nc2nc(Cl)nc(Nc3ccc(S(=O)(=O)CCOS(=O)(=O)O)cc3)n2)ccc1N=Nc1cc2c(S(=O)(=O)O)cc(S(=O)(=O)O)cc2cc1S(=O)(=O)O,1030.2950000000005,938.3350000000005,-91.96000000000004,"['salt_stripped', 'metal:Na', 'fragment_removed']"
True,True,"['Zn', 'Mn']",True,20,True,True,C(CNC(=S)[S-])NC(=S)[S-].C(CNC(=S)[S-])NC(=S)[S-].C(CNC(=S)[S-])NC(=S)[S-].C(CNC(=S)[S-])NC(=S)[S-].C(CNC(=S)[S-])NC(=S)[S-].C(CNC(=S)[S-])NC(=S)[S-].C(CNC(=S)[S-])NC(=S)[S-].C(CNC(=S)[S-])NC(=S)[S-].C(CNC(=S)[S-])NC(=S)[S-].C(CNC(=S)[S-])NC(=S)[S-].[Mn+2].[Mn+2].[Mn+2].[Mn+2].[Mn+2].[Mn+2].[Mn+2].[Mn+2].[Mn+2].[Zn+2],S=C([S-])NCCNC(=S)[S-],S=C(S)NCCNC(=S)S,2663.5720000000015,212.39000000000001,-2451.1820000000016,"['salt_stripped', 'metal:Zn,Mn', 'fragment_removed', 'charge_normalized']"
True,False,[],True,4,False,True,C(CCC(=O)O)CCNC1=NC(=NC(=N1)NCCCCCC(=O)O)NCCCCCC(=O)O.C(CO)N(CCO)CCO.C(CO)N(CCO)CCO.C(CO)N(CCO)CCO,O=C(O)CCCCCNc1nc(NCCCCCC(=O)O)nc(NCCCCCC(=O)O)n1,O=C(O)CCCCCNc1nc(NCCCCCC(=O)O)nc(NCCCCCC(=O)O)n1,916.1249999999998,468.5550000000004,-447.56999999999937,"['salt_stripped', 'fragment_removed']"
True,False,[],False,1,False,True,CC1=CC=C(C=C1)NC2=C3C4=C(C=C2)N(C(=O)C=C4C5=CC=CC=C5C3=O)C,Cc1ccc(Nc2ccc3c4c(cc(=O)n3C)-c3ccccc3C(=O)c24)cc1,Cc1ccc(Nc2ccc3c4c(cc(=O)n3C)-c3ccccc3C(=O)c24)cc1,366.42000000000013,366.42000000000013,0.0,['none']
True,False,[],False,1,False,True,CC1=NC(=NC(=N1)OC)NC(=O)NS(=O)(=O)C2=CC=CC=C2OCCCl,COc1nc(C)nc(NC(=O)NS(=O)(=O)c2ccccc2OCCCl)n1,COc1nc(C)nc(NC(=O)NS(=O)(=O)c2ccccc2OCCCl)n1,401.8320000000002,401.8320000000002,0.0,['none']
True,False,[],True,2,False,True,C1CC1NC2=C3C(=NC(=N2)N)N(C=N3)C4CC(C=C4)CO.C(CC(=O)O)CC(=O)O,Nc1nc(NC2CC2)c2ncn(C3C=CC(CO)C3)c2n1,Nc1nc(NC2CC2)c2ncn(C3C=CC(CO)C3)c2n1,418.4540000000003,286.33900000000006,-132.11500000000024,"['salt_stripped', 'fragment_removed']"
True,False,[],False,1,False,True,CCN(CC)C1=CC(=C(C=C1)N=NC2=C(C=C(C=C2C#N)[N+](=O)[O-])C#N)C,CCN(CC)c1ccc(N=Nc2c(C#N)cc([N+](=O)[O-])cc2C#N)c(C)c1,CCN(CC)c1ccc(N=Nc2c(C#N)cc([N+](=O)[O-])cc2C#N)c(C)c1,362.39300000000014,362.39300000000014,0.0,['none']
True,True,['Sn'],False,1,False,True,CCCC[Sn](CCCC)(SCCC(=O)OCCCCCCCCCCC(C)C)SCCC(=O)OCCCCCCCCCCC(C)C,CCC[CH2][Sn]([CH2]CCC)([S]CCC(=O)OCCCCCCCCCCC(C)C)[S]CCC(=O)OCCCCCCCCCCC(C)C,CCC[CH2][Sn]([CH2]CCC)([S]CCC(=O)OCCCCCCCCCCC(C)C)[S]CCC(=O)OCCCCCCCCCCC(C)C,807.9209999999997,807.9209999999997,0.0,['metal:Sn']
True,False,[],False,1,False,True,CC1CN1P(=O)(NC)N2CC2C,CNP(=O)(N1CC1C)N1CC1C,CNP(=O)(N1CC1C)N1CC1C,189.19899999999998,189.19899999999998,0.0,['none']
True,False,[],False,1,False,True,CC1(CC(CC(N1)(C)C)N2CCCCCCN(C3=NC(=NC(=N3)NC(C)(C)CC(C)(C)C)N(CCCCCCN(C4=NC(=NC2=N4)NC(C)(C)CC(C)(C)C)C5CC(NC(C5)(C)C)(C)C)C6CC(NC(C6)(C)C)(C)C)C7CC(NC(C7)(C)C)(C)C)C,CC(C)(C)CC(C)(C)Nc1nc2nc(n1)N(C1CC(C)(C)NC(C)(C)C1)CCCCCCN(C1CC(C)(C)NC(C)(C)C1)c1nc(NC(C)(C)CC(C)(C)C)nc(n1)N(C1CC(C)(C)NC(C)(C)C1)CCCCCCN2C1CC(C)(C)NC(C)(C)C1,CC(C)(C)CC(C)(C)Nc1nc2nc(n1)N(C1CC(C)(C)NC(C)(C)C1)CCCCCCN(C1CC(C)(C)NC(C)(C)C1)c1nc(NC(C)(C)CC(C)(C)C)nc(n1)N(C1CC(C)(C)NC(C)(C)C1)CCCCCCN2C1CC(C)(C)NC(C)(C)C1,1197.937999999998,1197.937999999998,0.0,['none']
True,True,['K'],True,2,True,True,C(C(C(=O)[O-])O)(C(=O)O)O.[K+],O=C([O-])C(O)C(O)C(=O)O,O=C(O)C(O)C(O)C(=O)O,188.176,150.08599999999998,-38.09,"['salt_stripped', 'metal:K', 'fragment_removed', 'charge_normalized']"
True,False,[],False,1,False,True,C1=CC(=C(C(=C1)O)O)O,Oc1cccc(O)c1O,Oc1cccc(O)c1O,126.11099999999995,126.11099999999995,0.0,['none']
True,False,[],False,1,False,True,CC1C=CC2(O1)C=C(CCC2C(C)C)C,CC1=CC2(C=CC(C)O2)C(C(C)C)CC1,CC1=CC2(C=CC(C)O2)C(C(C)C)CC1,206.32899999999998,206.32899999999998,0.0,['none']
True,False,[],True,3,True,True,CC1=CC(=O)[N+](C(=C1N=NC2=CC=C(C=C2)N=NC3=C(C=C4C=CC(=CC4=C3O)N=NC5=C([NH+](C(=O)C(=C5C)C)C6=C[NH+]=CC=C6)O)S(=O)(=O)O)O)(CCCN(C)C)C7=C[NH+]=CC=C7.CC(C(=O)O)O.CC(C(=O)O)O,CC1=CC(=O)[N+](CCCN(C)C)(c2ccc[nH+]c2)C(O)=C1N=Nc1ccc(N=Nc2c(S(=O)(=O)O)cc3ccc(N=NC4=C(O)[NH+](c5ccc[nH+]c5)C(=O)C(C)=C4C)cc3c2O)cc1,CC1=CC(=O)[N+](CCCN(C)C)(c2cccnc2)C(O)=C1N=Nc1ccc(N=Nc2c(S(=O)(=O)O)cc3ccc(N=NC4=C(O)N(c5cccnc5)C(=O)C(C)=C4C)cc3c2O)cc1,1068.1360000000002,884.956,-183.18000000000018,"['salt_stripped', 'fragment_removed', 'charge_normalized']"
True,False,[],True,98,False,True,[Tb].[Tb].[Tb].[Tb].[Tb].[Tb].[Tb].[Tb].[Tb].[Tb].[Tb].[Tb].[Tb].[Tb].[Tb].[Tb].[Tb].[Tb].[Tb].[Tb].[Tb].[Tb].[Tb].[Tb].[Tb].[Tb].[Tb].[Tb].[Tb].[Tb].[Tb].[Tb].[Tb].[Tb].[Tb].[Tb].[Tb].[Tb].[Tb].[Tb].[Tb].[Tb].[Tb].[Tb].[Tb].[Tb].[Tb].[Tb].[Tb].[Tb].[Tb].[Tb].[Tb].[Tb].[Tb].[Tb].[Tb].[Tb].[Tb].[Tb].[Tb].[Tb].[Tb].[Tb].[Tb].[Tb].[Tb].[Tb].[Tb].[Tb].[Tb].[Tb].[Tb].[Tb].[Tb].[Tb].[Tb].[Tb].[Tb].[Tb].[Tb].[Tb].[Tb].[Tb].[Tb].[Tb].[Tb].[Tb].[Tb].[Tb].[Tb].[Tb].[Tb].[Tb].[Tb].[Tb].[Tb].[Tb],[Tb],[Tb],15574.649999999972,158.925,-15415.724999999973,"['salt_stripped', 'fragment_removed']"
True,False,[],True,2,True,True,C(=O)(C(OC(C(OC(C(F)(F)F)(F)F)(F)F)(F)F)(F)F)[O-].[NH4+],O=C([O-])C(F)(F)OC(F)(F)C(F)(F)OC(F)(F)C(F)(F)F,O=C(O)C(F)(F)OC(F)(F)C(F)(F)OC(F)(F)C(F)(F)F,363.0789999999999,346.0479999999999,-17.031000000000006,"['salt_stripped', 'fragment_removed', 'charge_normalized']"
True,False,[],False,1,False,True,CC(=O)N(CC(CN(C1=C(C(=C(C(=C1I)C(=O)NCC(CO)O)I)C(=O)NCC(CO)O)I)C(=O)C)O)C2=C(C(=C(C(=C2I)C(=O)NCC(CO)O)I)C(=O)NCC(CO)O)I,CC(=O)N(CC(O)CN(C(C)=O)c1c(I)c(C(=O)NCC(O)CO)c(I)c(C(=O)NCC(O)CO)c1I)c1c(I)c(C(=O)NCC(O)CO)c(I)c(C(=O)NCC(O)CO)c1I,CC(=O)N(CC(O)CN(C(C)=O)c1c(I)c(C(=O)NCC(O)CO)c(I)c(C(=O)NCC(O)CO)c1I)c1c(I)c(C(=O)NCC(O)CO)c(I)c(C(=O)NCC(O)CO)c1I,1550.1880000000006,1550.1880000000006,0.0,['none']
True,False,[],False,1,False,True,CC(C)CCCCCC(=O)OCC(COC(=O)CCCCCC(C)C)(COC(=O)CCCCCC(C)C)COC(=O)CCCCCC(C)C,CC(C)CCCCCC(=O)OCC(COC(=O)CCCCCC(C)C)(COC(=O)CCCCCC(C)C)COC(=O)CCCCCC(C)C,CC(C)CCCCCC(=O)OCC(COC(=O)CCCCCC(C)C)(COC(=O)CCCCCC(C)C)COC(=O)CCCCCC(C)C,697.051,697.051,0.0,['none']
True,True,['Na'],True,7,True,True,C1=CC(=CC(=C1)S(=O)(=O)CCOS(=O)(=O)[O-])NC2=NC(=NC(=N2)Cl)NC3=CC(=C(C=C3)S(=O)(=O)[O-])N=NC4=C(C=C5C=C(C(=C(C5=C4N)O)N=NC6=C(C7=C(C=C6)C(=CC=C7)S(=O)(=O)[O-])S(=O)(=O)[O-])S(=O)(=O)[O-])S(=O)(=O)[O-].[Na+].[Na+].[Na+].[Na+].[Na+].[Na+],Nc1c(N=Nc2cc(Nc3nc(Cl)nc(Nc4cccc(S(=O)(=O)CCOS(=O)(=O)[O-])c4)n3)ccc2S(=O)(=O)[O-])c(S(=O)(=O)[O-])cc2cc(S(=O)(=O)[O-])c(N=Nc3ccc4c(S(=O)(=O)[O-])cccc4c3S(=O)(=O)[O-])c(O)c12,Nc1c(N=Nc2cc(Nc3nc(Cl)nc(Nc4cccc(S(=O)(=O)CCOS(=O)(=O)O)c4)n3)ccc2S(=O)(=O)O)c(S(=O)(=O)O)cc2cc(S(=O)(=O)O)c(N=Nc3ccc4c(S(=O)(=O)O)cccc4c3S(=O)(=O)O)c(O)c12,1357.5009999999997,1225.609,-131.89199999999983,"['salt_stripped', 'metal:Na', 'fragment_removed', 'charge_normalized']"
True,False,[],False,1,False,True,C1=CC=C(C=C1)C(=O)OCCOC(=O)C2=CC=CC=C2,O=C(OCCOC(=O)c1ccccc1)c1ccccc1,O=C(OCCOC(=O)c1ccccc1)c1ccccc1,270.28399999999993,270.28399999999993,0.0,['none']
True,False,[],False,1,False,True,C1=CC=C(C(=C1)N)Cl,Nc1ccccc1Cl,Nc1ccccc1Cl,127.574,127.574,0.0,['none']
True,False,[],False,1,False,True,C1=CC=C(C(=C1)N)N,Nc1ccccc1N,Nc1ccccc1N,108.144,108.144,0.0,['none']
True,False,[],True,2,False,True,CCCCCCCCCCCCOC(=O)CCCCCCC.CCCCCCCCCCCCOC(=O)CCCCCCCCC,CCCCCCCCCCCCOC(=O)CCCCCCCCC,CCCCCCCCCCCCOC(=O)CCCCCCCCC,653.13,340.59200000000016,-312.53799999999984,"['salt_stripped', 'fragment_removed']"
True,False,[],False,1,False,True,CC1=CC(=C(C=C1SC2=CC(=C(C=C2C)O)C(C)(C)C)C(C)(C)C)O,Cc1cc(O)c(C(C)(C)C)cc1Sc1cc(C(C)(C)C)c(O)cc1C,Cc1cc(O)c(C(C)(C)C)cc1Sc1cc(C(C)(C)C)c(O)cc1C,358.54700000000014,358.54700000000014,0.0,['none']
True,False,[],False,1,False,True,CCCCCCCCCCCCCCCCCC(=O)OC(CCCCCC)CCCCCCCCCCC(=O)OCCCCCCCCCCCCCC(C)C,CCCCCCCCCCCCCCCCCC(=O)OC(CCCCCC)CCCCCCCCCCC(=O)OCCCCCCCCCCCCCC(C)C,CCCCCCCCCCCCCCCCCC(=O)OC(CCCCCC)CCCCCCCCCCC(=O)OCCCCCCCCCCCCCC(C)C,791.3839999999996,791.3839999999996,0.0,['none']
True,False,[],False,1,False,True,CC(C)C1=CC=C(C=C1)N,CC(C)c1ccc(N)cc1,CC(C)c1ccc(N)cc1,135.20999999999995,135.20999999999995,0.0,['none']
True,False,[],False,1,False,True,CC(=O)C1=CC=C(C=C1)O,CC(=O)c1ccc(O)cc1,CC(=O)c1ccc(O)cc1,136.14999999999998,136.14999999999998,0.0,['none']
True,False,[],False,1,False,True,CCCCCCCCSC1=NC(=NC(=N1)NC2=CC(=C(C(=C2)C(C)(C)C)O)C(C)(C)C)SCCCCCCCC,CCCCCCCCSc1nc(Nc2cc(C(C)(C)C)c(O)c(C(C)(C)C)c2)nc(SCCCCCCCC)n1,CCCCCCCCSc1nc(Nc2cc(C(C)(C)C)c(O)c(C(C)(C)C)c2)nc(SCCCCCCCC)n1,588.972,588.972,0.0,['none']
