endpoint,scenario,feature_mode,model,brier,ece
ames,raw_all,compact,xgb,0.1768,0.1438
ames,raw_all,compact,lgbm,0.1728,0.1429
ames,raw_all,compact,rf,0.1611,0.1222
ames,raw_all,compact,svm,0.172,0.0922
ames,raw_all,compact,logistic,0.2259,0.2135
ames,raw_all,compact,ann,0.171,0.1198
ames,raw_all,broad_fp512,xgb,0.146,0.0983
ames,raw_all,broad_fp512,lgbm,0.1435,0.1002
ames,raw_all,broad_fp512,rf,0.1611,0.1451
ames,raw_all,broad_fp512,svm,0.1396,0.0399
ames,raw_all,broad_fp512,logistic,0.1987,0.1752
ames,raw_all,broad_fp512,ann,0.169,0.1385
ames,raw_all,broad_fp1024,xgb,0.1468,0.0939
ames,raw_all,broad_fp1024,lgbm,0.1453,0.0956
ames,raw_all,broad_fp1024,rf,0.1699,0.1623
ames,raw_all,broad_fp1024,svm,0.1461,0.0481
ames,raw_all,broad_fp1024,logistic,0.2092,0.1909
ames,raw_all,broad_fp1024,ann,0.1761,0.1546
ames,raw_all,broad_fp2048,xgb,0.1453,0.0875
ames,raw_all,broad_fp2048,lgbm,0.1496,0.1026
ames,raw_all,broad_fp2048,rf,0.1794,0.1865
ames,raw_all,broad_fp2048,svm,0.1537,0.053
ames,raw_all,broad_fp2048,logistic,0.2419,0.2343
ames,raw_all,broad_fp2048,ann,0.1702,0.1549
ames,raw_all,graph,gnn,0.2068,0.1746
ames,no_metal,compact,xgb,0.2128,0.195
ames,no_metal,compact,lgbm,0.2156,0.1928
ames,no_metal,compact,rf,0.1753,0.1418
ames,no_metal,compact,svm,0.1936,0.1162
ames,no_metal,compact,logistic,0.2467,0.2297
ames,no_metal,compact,ann,0.206,0.1566
ames,no_metal,broad_fp512,xgb,0.1647,0.1122
ames,no_metal,broad_fp512,lgbm,0.1638,0.1171
ames,no_metal,broad_fp512,rf,0.1723,0.1439
ames,no_metal,broad_fp512,svm,0.1503,0.0316
ames,no_metal,broad_fp512,logistic,0.2128,0.1846
ames,no_metal,broad_fp512,ann,0.1794,0.136
ames,no_metal,broad_fp1024,xgb,0.1609,0.1101
ames,no_metal,broad_fp1024,lgbm,0.1623,0.1086
ames,no_metal,broad_fp1024,rf,0.1797,0.1543
ames,no_metal,broad_fp1024,svm,0.1559,0.0494
ames,no_metal,broad_fp1024,logistic,0.22,0.1976
ames,no_metal,broad_fp1024,ann,0.1882,0.1619
ames,no_metal,broad_fp2048,xgb,0.1629,0.1175
ames,no_metal,broad_fp2048,lgbm,0.1618,0.1116
ames,no_metal,broad_fp2048,rf,0.1857,0.1677
ames,no_metal,broad_fp2048,svm,0.1642,0.0608
ames,no_metal,broad_fp2048,logistic,0.2609,0.2527
ames,no_metal,broad_fp2048,ann,0.1757,0.1225
ames,no_metal,graph,gnn,0.2206,0.1808
ames,salt_stripped,compact,xgb,0.1768,0.1438
ames,salt_stripped,compact,lgbm,0.1728,0.1429
ames,salt_stripped,compact,rf,0.1611,0.1222
ames,salt_stripped,compact,svm,0.172,0.0922
ames,salt_stripped,compact,logistic,0.2259,0.2135
ames,salt_stripped,compact,ann,0.171,0.1198
ames,salt_stripped,broad_fp512,xgb,0.146,0.0983
ames,salt_stripped,broad_fp512,lgbm,0.1435,0.1002
ames,salt_stripped,broad_fp512,rf,0.1611,0.1451
ames,salt_stripped,broad_fp512,svm,0.1396,0.0399
ames,salt_stripped,broad_fp512,logistic,0.1987,0.1752
ames,salt_stripped,broad_fp512,ann,0.169,0.1385
ames,salt_stripped,broad_fp1024,xgb,0.1468,0.0939
ames,salt_stripped,broad_fp1024,lgbm,0.1453,0.0956
ames,salt_stripped,broad_fp1024,rf,0.1699,0.1623
ames,salt_stripped,broad_fp1024,svm,0.1461,0.0481
ames,salt_stripped,broad_fp1024,logistic,0.2092,0.1909
ames,salt_stripped,broad_fp1024,ann,0.1761,0.1546
ames,salt_stripped,broad_fp2048,xgb,0.1453,0.0875
ames,salt_stripped,broad_fp2048,lgbm,0.1496,0.1026
ames,salt_stripped,broad_fp2048,rf,0.1794,0.1865
ames,salt_stripped,broad_fp2048,svm,0.1537,0.053
ames,salt_stripped,broad_fp2048,logistic,0.2419,0.2343
ames,salt_stripped,broad_fp2048,ann,0.1702,0.1549
ames,salt_stripped,graph,gnn,0.2068,0.1746
invitro,raw_all,compact,xgb,0.1261,0.1201
invitro,raw_all,compact,lgbm,0.1158,0.0962
invitro,raw_all,compact,rf,0.1222,0.1127
invitro,raw_all,compact,svm,0.1063,0.029
invitro,raw_all,compact,logistic,0.2469,0.3277
invitro,raw_all,compact,ann,0.1178,0.076
invitro,raw_all,broad_fp512,xgb,0.132,0.1173
invitro,raw_all,broad_fp512,lgbm,0.1223,0.095
invitro,raw_all,broad_fp512,rf,0.1378,0.1461
invitro,raw_all,broad_fp512,svm,0.1077,0.0284
invitro,raw_all,broad_fp512,logistic,0.2831,0.2951
invitro,raw_all,broad_fp512,ann,0.1141,0.0703
invitro,raw_all,broad_fp1024,xgb,0.132,0.0964
invitro,raw_all,broad_fp1024,lgbm,0.1105,0.0778
invitro,raw_all,broad_fp1024,rf,0.1449,0.1796
invitro,raw_all,broad_fp1024,svm,0.109,0.0382
invitro,raw_all,broad_fp1024,logistic,0.2467,0.2528
invitro,raw_all,broad_fp1024,ann,0.1265,0.1075
invitro,raw_all,broad_fp2048,xgb,0.1363,0.1129
invitro,raw_all,broad_fp2048,lgbm,0.1172,0.0709
invitro,raw_all,broad_fp2048,rf,0.1636,0.2215
invitro,raw_all,broad_fp2048,svm,0.1083,0.0456
invitro,raw_all,broad_fp2048,logistic,0.232,0.2354
invitro,raw_all,broad_fp2048,ann,0.1256,0.0905
invitro,raw_all,graph,gnn,0.1126,0.0552
invitro,no_metal,compact,xgb,0.105,0.0767
invitro,no_metal,compact,lgbm,0.1077,0.0878
invitro,no_metal,compact,rf,0.111,0.0911
invitro,no_metal,compact,svm,0.0931,0.029
invitro,no_metal,compact,logistic,0.2528,0.3221
invitro,no_metal,compact,ann,0.104,0.0539
invitro,no_metal,broad_fp512,xgb,0.1193,0.1073
invitro,no_metal,broad_fp512,lgbm,0.1058,0.0773
invitro,no_metal,broad_fp512,rf,0.1236,0.1544
invitro,no_metal,broad_fp512,svm,0.095,0.0169
invitro,no_metal,broad_fp512,logistic,0.2681,0.279
invitro,no_metal,broad_fp512,ann,0.1021,0.0749
invitro,no_metal,broad_fp1024,xgb,0.1161,0.0756
invitro,no_metal,broad_fp1024,lgbm,0.1032,0.0785
invitro,no_metal,broad_fp1024,rf,0.135,0.1864
invitro,no_metal,broad_fp1024,svm,0.0963,0.0246
invitro,no_metal,broad_fp1024,logistic,0.2141,0.2272
invitro,no_metal,broad_fp1024,ann,0.1126,0.0822
invitro,no_metal,broad_fp2048,xgb,0.1144,0.086
invitro,no_metal,broad_fp2048,lgbm,0.098,0.0667
invitro,no_metal,broad_fp2048,rf,0.1446,0.211
invitro,no_metal,broad_fp2048,svm,0.0962,0.0142
invitro,no_metal,broad_fp2048,logistic,0.228,0.2392
invitro,no_metal,broad_fp2048,ann,0.126,0.1066
invitro,no_metal,graph,gnn,0.1067,0.0918
invitro,salt_stripped,compact,xgb,0.1261,0.1201
invitro,salt_stripped,compact,lgbm,0.1158,0.0962
invitro,salt_stripped,compact,rf,0.1222,0.1127
invitro,salt_stripped,compact,svm,0.1063,0.029
invitro,salt_stripped,compact,logistic,0.2469,0.3277
invitro,salt_stripped,compact,ann,0.1178,0.076
invitro,salt_stripped,broad_fp512,xgb,0.132,0.1173
invitro,salt_stripped,broad_fp512,lgbm,0.1223,0.095
invitro,salt_stripped,broad_fp512,rf,0.1378,0.1461
invitro,salt_stripped,broad_fp512,svm,0.1077,0.0284
invitro,salt_stripped,broad_fp512,logistic,0.2831,0.2951
invitro,salt_stripped,broad_fp512,ann,0.1141,0.0703
invitro,salt_stripped,broad_fp1024,xgb,0.132,0.0964
invitro,salt_stripped,broad_fp1024,lgbm,0.1105,0.0778
invitro,salt_stripped,broad_fp1024,rf,0.1449,0.1796
invitro,salt_stripped,broad_fp1024,svm,0.109,0.0382
invitro,salt_stripped,broad_fp1024,logistic,0.2467,0.2528
invitro,salt_stripped,broad_fp1024,ann,0.1265,0.1075
invitro,salt_stripped,broad_fp2048,xgb,0.1363,0.1129
invitro,salt_stripped,broad_fp2048,lgbm,0.1172,0.0709
invitro,salt_stripped,broad_fp2048,rf,0.1636,0.2215
invitro,salt_stripped,broad_fp2048,svm,0.1083,0.0456
invitro,salt_stripped,broad_fp2048,logistic,0.232,0.2354
invitro,salt_stripped,broad_fp2048,ann,0.1256,0.0905
invitro,salt_stripped,graph,gnn,0.1126,0.0552
invivo,raw_all,compact,xgb,0.033,0.0244
invivo,raw_all,compact,lgbm,0.0338,0.0254
invivo,raw_all,compact,rf,0.0322,0.0592
invivo,raw_all,compact,svm,0.025,0.0217
invivo,raw_all,compact,logistic,0.1449,0.2105
invivo,raw_all,compact,ann,0.032,0.0351
invivo,raw_all,broad_fp512,xgb,0.0307,0.0223
invivo,raw_all,broad_fp512,lgbm,0.0321,0.0311
invivo,raw_all,broad_fp512,rf,0.0348,0.0852
invivo,raw_all,broad_fp512,svm,0.026,0.0035
invivo,raw_all,broad_fp512,logistic,0.0626,0.0654
invivo,raw_all,broad_fp512,ann,0.0256,0.019
invivo,raw_all,broad_fp1024,xgb,0.0351,0.0211
invivo,raw_all,broad_fp1024,lgbm,0.0339,0.0294
invivo,raw_all,broad_fp1024,rf,0.0459,0.1318
invivo,raw_all,broad_fp1024,svm,0.0263,0.0038
invivo,raw_all,broad_fp1024,logistic,0.0737,0.0735
invivo,raw_all,broad_fp1024,ann,0.0281,0.0179
invivo,raw_all,broad_fp2048,xgb,0.0323,0.026
invivo,raw_all,broad_fp2048,lgbm,0.0357,0.0346
invivo,raw_all,broad_fp2048,rf,0.054,0.1595
invivo,raw_all,broad_fp2048,svm,0.0262,0.0034
invivo,raw_all,broad_fp2048,logistic,0.0773,0.0796
invivo,raw_all,broad_fp2048,ann,0.0271,0.0169
invivo,raw_all,graph,gnn,0.0288,0.0343
invivo,no_metal,compact,xgb,0.0352,0.0303
invivo,no_metal,compact,lgbm,0.0371,0.0348
invivo,no_metal,compact,rf,0.0384,0.0492
invivo,no_metal,compact,svm,0.031,0.0106
invivo,no_metal,compact,logistic,0.1648,0.2097
invivo,no_metal,compact,ann,0.0416,0.0602
invivo,no_metal,broad_fp512,xgb,0.033,0.0297
invivo,no_metal,broad_fp512,lgbm,0.0338,0.0315
invivo,no_metal,broad_fp512,rf,0.0422,0.0756
invivo,no_metal,broad_fp512,svm,0.0311,0.0034
invivo,no_metal,broad_fp512,logistic,0.0749,0.0804
invivo,no_metal,broad_fp512,ann,0.0388,0.0765
invivo,no_metal,broad_fp1024,xgb,0.0359,0.0273
invivo,no_metal,broad_fp1024,lgbm,0.0358,0.0318
invivo,no_metal,broad_fp1024,rf,0.0448,0.0942
invivo,no_metal,broad_fp1024,svm,0.0313,0.0086
invivo,no_metal,broad_fp1024,logistic,0.0713,0.0738
invivo,no_metal,broad_fp1024,ann,0.0362,0.0167
invivo,no_metal,broad_fp2048,xgb,0.0345,0.0283
invivo,no_metal,broad_fp2048,lgbm,0.0366,0.0352
invivo,no_metal,broad_fp2048,rf,0.0564,0.1472
invivo,no_metal,broad_fp2048,svm,0.0312,0.0119
invivo,no_metal,broad_fp2048,logistic,0.0681,0.073
invivo,no_metal,broad_fp2048,ann,0.0329,0.0172
invivo,no_metal,graph,gnn,0.0325,0.0198
invivo,salt_stripped,compact,xgb,0.033,0.0244
invivo,salt_stripped,compact,lgbm,0.0338,0.0254
invivo,salt_stripped,compact,rf,0.0322,0.0592
invivo,salt_stripped,compact,svm,0.025,0.0217
invivo,salt_stripped,compact,logistic,0.1449,0.2105
invivo,salt_stripped,compact,ann,0.032,0.0351
invivo,salt_stripped,broad_fp512,xgb,0.0307,0.0223
invivo,salt_stripped,broad_fp512,lgbm,0.0321,0.0311
invivo,salt_stripped,broad_fp512,rf,0.0348,0.0852
invivo,salt_stripped,broad_fp512,svm,0.026,0.0035
invivo,salt_stripped,broad_fp512,logistic,0.0626,0.0654
invivo,salt_stripped,broad_fp512,ann,0.0256,0.019
invivo,salt_stripped,broad_fp1024,xgb,0.0351,0.0211
invivo,salt_stripped,broad_fp1024,lgbm,0.0339,0.0294
invivo,salt_stripped,broad_fp1024,rf,0.0459,0.1318
invivo,salt_stripped,broad_fp1024,svm,0.0263,0.0038
invivo,salt_stripped,broad_fp1024,logistic,0.0737,0.0735
invivo,salt_stripped,broad_fp1024,ann,0.0281,0.0179
invivo,salt_stripped,broad_fp2048,xgb,0.0323,0.026
invivo,salt_stripped,broad_fp2048,lgbm,0.0357,0.0346
invivo,salt_stripped,broad_fp2048,rf,0.054,0.1595
invivo,salt_stripped,broad_fp2048,svm,0.0262,0.0034
invivo,salt_stripped,broad_fp2048,logistic,0.0773,0.0796
invivo,salt_stripped,broad_fp2048,ann,0.0271,0.0169
invivo,salt_stripped,graph,gnn,0.0288,0.0343
invitro_sampling,raw_all,compact,xgb,0.177,0.1291
invitro_sampling,raw_all,compact,lgbm,0.1802,0.136
invitro_sampling,raw_all,compact,rf,0.1569,0.1149
invitro_sampling,raw_all,compact,svm,0.1933,0.0963
invitro_sampling,raw_all,compact,logistic,0.167,0.1291
invitro_sampling,raw_all,compact,ann,0.226,0.1406
invitro_sampling,raw_all,broad_fp512,xgb,0.1614,0.1537
invitro_sampling,raw_all,broad_fp512,lgbm,0.2011,0.1791
invitro_sampling,raw_all,broad_fp512,rf,0.1778,0.092
invitro_sampling,raw_all,broad_fp512,svm,0.1915,0.0645
invitro_sampling,raw_all,broad_fp512,logistic,0.2728,0.2688
invitro_sampling,raw_all,broad_fp512,ann,0.2237,0.1231
invitro_sampling,raw_all,broad_fp1024,xgb,0.1552,0.1202
invitro_sampling,raw_all,broad_fp1024,lgbm,0.1781,0.1506
invitro_sampling,raw_all,broad_fp1024,rf,0.1665,0.1396
invitro_sampling,raw_all,broad_fp1024,svm,0.1983,0.0751
invitro_sampling,raw_all,broad_fp1024,logistic,0.2919,0.3103
invitro_sampling,raw_all,broad_fp1024,ann,0.3255,0.2391
invitro_sampling,raw_all,broad_fp2048,xgb,0.1623,0.132
invitro_sampling,raw_all,broad_fp2048,lgbm,0.1743,0.1414
invitro_sampling,raw_all,broad_fp2048,rf,0.1704,0.1423
invitro_sampling,raw_all,broad_fp2048,svm,0.1927,0.1016
invitro_sampling,raw_all,broad_fp2048,logistic,0.2733,0.2522
invitro_sampling,raw_all,broad_fp2048,ann,0.2081,0.108
invitro_sampling,raw_all,graph,gnn,0.2337,0.1366
invitro_sampling,no_metal,compact,xgb,0.1773,0.1968
invitro_sampling,no_metal,compact,lgbm,0.207,0.2064
invitro_sampling,no_metal,compact,rf,0.1703,0.1103
invitro_sampling,no_metal,compact,svm,0.1834,0.1288
invitro_sampling,no_metal,compact,logistic,0.2017,0.1763
invitro_sampling,no_metal,compact,ann,0.1771,0.1673
invitro_sampling,no_metal,broad_fp512,xgb,0.1772,0.2054
invitro_sampling,no_metal,broad_fp512,lgbm,0.1858,0.1892
invitro_sampling,no_metal,broad_fp512,rf,0.1755,0.1591
invitro_sampling,no_metal,broad_fp512,svm,0.1998,0.0816
invitro_sampling,no_metal,broad_fp512,logistic,0.246,0.2453
invitro_sampling,no_metal,broad_fp512,ann,0.2067,0.1567
invitro_sampling,no_metal,broad_fp1024,xgb,0.1773,0.1924
invitro_sampling,no_metal,broad_fp1024,lgbm,0.1712,0.146
invitro_sampling,no_metal,broad_fp1024,rf,0.1674,0.1108
invitro_sampling,no_metal,broad_fp1024,svm,0.2033,0.1497
invitro_sampling,no_metal,broad_fp1024,logistic,0.2467,0.2249
invitro_sampling,no_metal,broad_fp1024,ann,0.3359,0.2641
invitro_sampling,no_metal,broad_fp2048,xgb,0.1757,0.1712
invitro_sampling,no_metal,broad_fp2048,lgbm,0.1847,0.1583
invitro_sampling,no_metal,broad_fp2048,rf,0.1748,0.1233
invitro_sampling,no_metal,broad_fp2048,svm,0.1974,0.1201
invitro_sampling,no_metal,broad_fp2048,logistic,0.263,0.2704
invitro_sampling,no_metal,broad_fp2048,ann,0.2265,0.1183
invitro_sampling,no_metal,graph,gnn,0.2661,0.2066
invitro_sampling,salt_stripped,compact,xgb,0.177,0.1291
invitro_sampling,salt_stripped,compact,lgbm,0.1802,0.136
invitro_sampling,salt_stripped,compact,rf,0.1569,0.1149
invitro_sampling,salt_stripped,compact,svm,0.1933,0.0963
invitro_sampling,salt_stripped,compact,logistic,0.167,0.1291
invitro_sampling,salt_stripped,compact,ann,0.226,0.1406
invitro_sampling,salt_stripped,broad_fp512,xgb,0.1614,0.1537
invitro_sampling,salt_stripped,broad_fp512,lgbm,0.2011,0.1791
invitro_sampling,salt_stripped,broad_fp512,rf,0.1778,0.092
invitro_sampling,salt_stripped,broad_fp512,svm,0.1915,0.0645
invitro_sampling,salt_stripped,broad_fp512,logistic,0.2728,0.2688
invitro_sampling,salt_stripped,broad_fp512,ann,0.2237,0.1231
invitro_sampling,salt_stripped,broad_fp1024,xgb,0.1552,0.1202
invitro_sampling,salt_stripped,broad_fp1024,lgbm,0.1781,0.1506
invitro_sampling,salt_stripped,broad_fp1024,rf,0.1665,0.1396
invitro_sampling,salt_stripped,broad_fp1024,svm,0.1983,0.0751
invitro_sampling,salt_stripped,broad_fp1024,logistic,0.2919,0.3103
invitro_sampling,salt_stripped,broad_fp1024,ann,0.3255,0.2391
invitro_sampling,salt_stripped,broad_fp2048,xgb,0.1623,0.132
invitro_sampling,salt_stripped,broad_fp2048,lgbm,0.1743,0.1414
invitro_sampling,salt_stripped,broad_fp2048,rf,0.1704,0.1423
invitro_sampling,salt_stripped,broad_fp2048,svm,0.1927,0.1016
invitro_sampling,salt_stripped,broad_fp2048,logistic,0.2733,0.2522
invitro_sampling,salt_stripped,broad_fp2048,ann,0.2081,0.108
invitro_sampling,salt_stripped,graph,gnn,0.2337,0.1366
invivo_sampling,raw_all,compact,xgb,0.0685,0.0804
invivo_sampling,raw_all,compact,lgbm,0.0867,0.0865
invivo_sampling,raw_all,compact,rf,0.1022,0.126
invivo_sampling,raw_all,compact,svm,0.134,0.0894
invivo_sampling,raw_all,compact,logistic,0.1833,0.1904
invivo_sampling,raw_all,compact,ann,0.1385,0.1001
invivo_sampling,raw_all,broad_fp512,xgb,0.0581,0.062
invivo_sampling,raw_all,broad_fp512,lgbm,0.0611,0.0629
invivo_sampling,raw_all,broad_fp512,rf,0.1051,0.1368
invivo_sampling,raw_all,broad_fp512,svm,0.139,0.1431
invivo_sampling,raw_all,broad_fp512,logistic,0.1984,0.1829
invivo_sampling,raw_all,broad_fp512,ann,0.1365,0.0757
invivo_sampling,raw_all,broad_fp1024,xgb,0.0672,0.0788
invivo_sampling,raw_all,broad_fp1024,lgbm,0.0614,0.0688
invivo_sampling,raw_all,broad_fp1024,rf,0.1132,0.0887
invivo_sampling,raw_all,broad_fp1024,svm,0.1422,0.1025
invivo_sampling,raw_all,broad_fp1024,logistic,0.2102,0.2001
invivo_sampling,raw_all,broad_fp1024,ann,0.1765,0.1635
invivo_sampling,raw_all,broad_fp2048,xgb,0.0668,0.0716
invivo_sampling,raw_all,broad_fp2048,lgbm,0.0821,0.1014
invivo_sampling,raw_all,broad_fp2048,rf,0.1167,0.1426
invivo_sampling,raw_all,broad_fp2048,svm,0.1326,0.1095
invivo_sampling,raw_all,broad_fp2048,logistic,0.1666,0.1781
invivo_sampling,raw_all,broad_fp2048,ann,0.1642,0.1294
invivo_sampling,raw_all,graph,gnn,0.1746,0.1609
invivo_sampling,no_metal,compact,xgb,0.0931,0.1202
invivo_sampling,no_metal,compact,lgbm,0.0993,0.1559
invivo_sampling,no_metal,compact,rf,0.1181,0.1796
invivo_sampling,no_metal,compact,svm,0.1765,0.0857
invivo_sampling,no_metal,compact,logistic,0.2621,0.2978
invivo_sampling,no_metal,compact,ann,0.1834,0.0865
invivo_sampling,no_metal,broad_fp512,xgb,0.0994,0.1189
invivo_sampling,no_metal,broad_fp512,lgbm,0.1057,0.1228
invivo_sampling,no_metal,broad_fp512,rf,0.1155,0.1655
invivo_sampling,no_metal,broad_fp512,svm,0.1533,0.097
invivo_sampling,no_metal,broad_fp512,logistic,0.2229,0.2258
invivo_sampling,no_metal,broad_fp512,ann,0.1769,0.1767
invivo_sampling,no_metal,broad_fp1024,xgb,0.1007,0.1102
invivo_sampling,no_metal,broad_fp1024,lgbm,0.0989,0.132
invivo_sampling,no_metal,broad_fp1024,rf,0.1165,0.1386
invivo_sampling,no_metal,broad_fp1024,svm,0.1631,0.1258
invivo_sampling,no_metal,broad_fp1024,logistic,0.1828,0.2286
invivo_sampling,no_metal,broad_fp1024,ann,0.1591,0.1473
invivo_sampling,no_metal,broad_fp2048,xgb,0.0935,0.0981
invivo_sampling,no_metal,broad_fp2048,lgbm,0.0978,0.0868
invivo_sampling,no_metal,broad_fp2048,rf,0.1245,0.1343
invivo_sampling,no_metal,broad_fp2048,svm,0.1434,0.1495
invivo_sampling,no_metal,broad_fp2048,logistic,0.1806,0.1903
invivo_sampling,no_metal,broad_fp2048,ann,0.1617,0.0736
invivo_sampling,no_metal,graph,gnn,0.1939,0.1902
invivo_sampling,salt_stripped,compact,xgb,0.0685,0.0804
invivo_sampling,salt_stripped,compact,lgbm,0.0867,0.0865
invivo_sampling,salt_stripped,compact,rf,0.1022,0.126
invivo_sampling,salt_stripped,compact,svm,0.134,0.0894
invivo_sampling,salt_stripped,compact,logistic,0.1833,0.1904
invivo_sampling,salt_stripped,compact,ann,0.1385,0.1001
invivo_sampling,salt_stripped,broad_fp512,xgb,0.0581,0.062
invivo_sampling,salt_stripped,broad_fp512,lgbm,0.0611,0.0629
invivo_sampling,salt_stripped,broad_fp512,rf,0.1051,0.1368
invivo_sampling,salt_stripped,broad_fp512,svm,0.139,0.1431
invivo_sampling,salt_stripped,broad_fp512,logistic,0.1984,0.1829
invivo_sampling,salt_stripped,broad_fp512,ann,0.1365,0.0757
invivo_sampling,salt_stripped,broad_fp1024,xgb,0.0672,0.0788
invivo_sampling,salt_stripped,broad_fp1024,lgbm,0.0614,0.0688
invivo_sampling,salt_stripped,broad_fp1024,rf,0.1132,0.0887
invivo_sampling,salt_stripped,broad_fp1024,svm,0.1422,0.1025
invivo_sampling,salt_stripped,broad_fp1024,logistic,0.2102,0.2001
invivo_sampling,salt_stripped,broad_fp1024,ann,0.1765,0.1635
invivo_sampling,salt_stripped,broad_fp2048,xgb,0.0668,0.0716
invivo_sampling,salt_stripped,broad_fp2048,lgbm,0.0821,0.1014
invivo_sampling,salt_stripped,broad_fp2048,rf,0.1167,0.1426
invivo_sampling,salt_stripped,broad_fp2048,svm,0.1326,0.1095
invivo_sampling,salt_stripped,broad_fp2048,logistic,0.1666,0.1781
invivo_sampling,salt_stripped,broad_fp2048,ann,0.1642,0.1294
invivo_sampling,salt_stripped,graph,gnn,0.1746,0.1609
