feature,shap_importance
bb_n_genotox_alerts,0.7949663163041416
maccs_101,0.33260209060293344
LogP,0.3064841867207232
maccs_112,0.22867124584928192
maccs_166,0.20123847054080626
MW,0.20079022845298408
fg_fg_halide_F_count,0.1841684896121395
RingCount,0.1766281392211758
AromaticRingCount,0.17087869989681162
ap_0331,0.1314476271790052
maccs_115,0.11778292085543285
maccs_070,0.10291449502098493
maccs_072,0.09891900773645695
tt_0182,0.09178779445106613
HBA,0.08964756834191907
ap_0355,0.08895053016838114
tt_0017,0.08852981935004196
ap_0062,0.08619917149543128
maccs_105,0.08363123824737176
ap_0310,0.08360836673943735
ap_0500,0.0823301827173432
ap_0192,0.079445889255559
ap_0406,0.07757592252332018
ap_0257,0.07653515635132871
FractionCSP3,0.0750063344578382
maccs_124,0.07382149852107395
tt_0184,0.07255475857713
HeavyAtomCount,0.07110417974979484
maccs_158,0.0694638584246408
ap_0348,0.06929630508706094
TPSA,0.0633766469559871
ap_0304,0.061893281947563585
fp_0904,0.061160854916529145
NumValenceElectrons,0.060255997651749466
maccs_156,0.058118583348373554
maccs_137,0.055714519699741026
maccs_071,0.0556296306610009
ap_0172,0.05471961653822707
ap_0511,0.054379194689683885
fg_fg_carboxylic_acid_count,0.05100297650548796
tt_0356,0.050203507441397725
maccs_097,0.04968621867775441
fg_fg_alcohol_count,0.049324144816354096
maccs_123,0.04880409376098621
tt_0432,0.04779187114119304
ap_0291,0.04696382058613417
ap_0486,0.04565911654616467
maccs_089,0.04504458849147864
fp_0960,0.044820313000608084
ap_0424,0.04313528746917166
ap_0369,0.04229201098754917
fg_fg_halide_Cl_count,0.04101437719928078
maccs_074,0.040461619609427145
maccs_094,0.03979710825536523
ap_0401,0.039773039026703774
tt_0012,0.038482658716938505
ap_0289,0.0375331198063317
fg_fg_tertiary_amine_count,0.037433408158480355
fg_bb_sa23_aromatic_amine_sec_count,0.03674843695922992
maccs_099,0.03463894766820438
RotatableBonds,0.0343027295083478
ap_0185,0.03423123308224624
maccs_016,0.033646018051818286
fg_bb_sa2_alkyl_ester_sulfo_count,0.03360208028171672
ap_0487,0.032957506898283834
maccs_135,0.03226567443821256
tt_0093,0.03152387897587567
tt_0380,0.03136783733847997
fp_0378,0.03125855090797392
ap_0501,0.030675311622265857
ap_0305,0.030570498300589655
ap_0250,0.030438027510168598
tt_0176,0.030425511464297565
ap_0244,0.03039130331599105
maccs_096,0.029968531169853832
maccs_155,0.02968562728296721
maccs_122,0.029188300104287662
tt_0377,0.029000503074472085
tt_0357,0.028916491981250257
tt_0284,0.028838301246852837
fg_fg_ether_count,0.02852211350383739
ap_0256,0.02832644575972395
tt_0321,0.0277108423571838
HeteroatomCount,0.02686750440494932
positive_alert_score,0.025898776415790425
maccs_114,0.025864626743016435
maccs_108,0.025313006648757783
fp_0294,0.025073429584757837
tt_0285,0.024683142965559023
tt_0181,0.024498733565376775
fg_fg_cyano_count,0.02434438089902059
tt_0344,0.024266878998841886
maccs_163,0.024233606784435268
ap_0205,0.02399498175550257
ap_0333,0.02344317285871766
fg_fg_alkene_count,0.023386839501878545
fp_0543,0.023369214553891692
ap_0496,0.023183348226363122
maccs_102,0.022673836791993366
fp_0607,0.021925654153470392
ap_0457,0.021711635162197408
fp_0979,0.021121856374263275
ap_0313,0.02111295975608217
fp_0301,0.020948360422668007
fg_fg_phenol_count,0.020788429815354448
ap_0089,0.02073786992234064
tt_0509,0.020652977373710822
fg_bb_sa22_aromatic_amine_pri_count,0.0206242178524537
fg_iss_haloalkene_count,0.0201118176994802
ap_0264,0.019409876506542568
fp_0549,0.019267499922263787
fp_0333,0.01920572690709648
ap_0505,0.01897539312826407
maccs_066,0.01842392619308871
maccs_121,0.018310827563937242
ap_0200,0.017970324053586274
maccs_142,0.017163089224741808
HBD,0.016861375068476223
maccs_133,0.016778914773736307
ap_0309,0.01640294150189718
fp_0849,0.01630582807800745
tt_0376,0.01621948391093115
maccs_116,0.016135871540873693
maccs_052,0.015876066636122822
ap_0509,0.015865986863986964
ap_0013,0.01578947710475331
ap_0308,0.015523950946293436
ap_0404,0.015421469763239697
tt_0322,0.015171018120918473
ap_0507,0.014935044723381448
ap_0248,0.014927450006561125
tt_0016,0.014754009860193706
ap_0242,0.01456944074700476
fp_0341,0.014515224233355608
ap_0056,0.014369095681731859
fg_bb_sa7_aliphatic_halide_count,0.01426618937545865
ap_0012,0.014070707725251305
fg_fg_sulfide_count,0.013939130255260218
ap_0416,0.013602998139773358
ap_0043,0.01349244313396175
tt_0268,0.013446208260408172
fp_0715,0.013382672157597184
ap_0274,0.013271266721371099
fp_0725,0.013210941040611464
maccs_149,0.013186923365987938
ap_0019,0.01310993207143289
tt_0136,0.01297702698280591
fp_0709,0.012782644432283967
tt_0183,0.01272241986752641
maccs_034,0.01255924144443918
fp_0698,0.01200358106789963
ap_0485,0.011754919010410569
fg_fg_amide_count,0.011691373719004684
ap_0498,0.011630976346671644
ap_0306,0.011619063636565334
tt_0076,0.01147105438052806
tt_0320,0.011429840387599411
ap_0342,0.011366345101475623
fg_bb_sa31_biphenyl_count,0.011255781211311855
fg_fg_ketone_count,0.011251528025154665
maccs_081,0.011212728939478157
maccs_126,0.011177752437089971
fp_0191,0.011103519348277024
ap_0320,0.011065928417055292
ap_0226,0.010981254823437694
ap_0009,0.010934849875595443
fg_fg_sulfone_count,0.010801019644054577
maccs_079,0.010728555207707699
fp_0807,0.010703994552985657
maccs_161,0.010622214269008052
ap_0058,0.010599175473156155
fp_0507,0.010556876726238708
ap_0317,0.010465656912155962
FormalCharge,0.01033877151094162
fp_0590,0.010249930047006797
maccs_148,0.010199215545263257
tt_0177,0.01015019396415573
fg_fg_ester_count,0.010088444863120865
ap_0312,0.009990195171942383
tt_0508,0.00997674476843076
ap_0221,0.009434492293330859
fp_0001,0.009432267590508431
fg_bb_sa25_aromatic_nitrile_count,0.00942802565460015
ap_0246,0.009425355333156245
tt_0050,0.009154759211650912
ap_0188,0.00914940149789239
fp_0362,0.009131032486516588
fp_0288,0.009124342451700079
maccs_160,0.009024126945174666
ap_0294,0.0089865106432139
tt_0305,0.008955278523811942
ap_0184,0.008762177372915165
tt_0340,0.008703350870357889
ap_0003,0.00869929584792842
maccs_050,0.008628356250466995
fg_fg_sulfonamide_count,0.008574642104485858
tt_0378,0.00843263936041736
fp_0097,0.008345704648871334
fp_0451,0.008339517952591835
ap_0361,0.008169952361114863
ap_0382,0.00812155438273087
ap_0461,0.008115551139454152
tt_0196,0.008114069320930055
fg_fg_halide_Br_count,0.008108769942037183
ap_0473,0.008102012260032031
tt_0453,0.00797158966784134
tt_0505,0.007876049608289075
ap_0474,0.00784191864406595
maccs_036,0.007810077826799972
fp_0119,0.007769993892855427
ap_0326,0.007739981379578185
fp_0893,0.007677060125476733
ap_0227,0.007590135989665242
ap_0502,0.00755850190576057
tt_0032,0.007470154699413253
ap_0063,0.0074397699357916045
fg_bb_sa16_carbamate_count,0.007398338314041797
maccs_065,0.007388114714957541
fp_0433,0.007384582652639262
ap_0307,0.007272235858453135
fp_0073,0.00713860533511208
fg_fg_alkyne_count,0.007116178984777583
ap_0245,0.007045192352717941
tt_0048,0.007035846271983819
ap_0360,0.006998304388304064
ap_0078,0.006954623018927094
ap_0316,0.0068105172103695545
ap_0234,0.006794151137403039
fp_0114,0.006693456348045491
ap_0303,0.006658742126438882
ap_0288,0.0066417078769830116
maccs_083,0.006456851232558348
ap_0453,0.00642616529423999
fp_1022,0.006367413156961796
fg_bb_sa10_azo_count,0.006323059856060904
ap_0229,0.006312307432307646
ap_0365,0.006185020039772448
ap_0057,0.006124729056729818
tt_0373,0.006078829772112065
ap_0484,0.006063893691464387
ap_0295,0.005844692711675922
ap_0249,0.005822580329583248
ap_0459,0.005812213485542672
maccs_144,0.005752263254739169
maccs_132,0.005706567044118677
fp_0203,0.005604765783796785
tt_0481,0.005582740294967941
fp_0200,0.005483526517540449
tt_0049,0.005363411463426036
tt_0109,0.005288102048212846
ap_0068,0.005227220549241967
fg_bb_sa2b_alkyl_ester_phospho_count,0.0051520854569694265
ap_0270,0.0051504377449127885
ap_0279,0.005125706352437106
fp_0064,0.0050053940207383605
ap_0088,0.004963740576198352
ap_0049,0.004900118039854617
ap_0252,0.004780700920103057
fp_0772,0.004761720243888481
fg_fg_anhydride_count,0.004739090215921072
fg_bb_sa28_alpha_halo_carbonyl_count,0.004699059675906036
fp_0926,0.004605012167324306
maccs_024,0.004594942735861507
ap_0452,0.004556026640094291
maccs_049,0.004533963975604623
fp_0746,0.004490650656012916
fg_bb_sa20_nhydroxylamine_count,0.004467026350012777
fg_fg_phosphate_count,0.004420419682779076
tt_0156,0.004331448870903924
fg_iss_aromatic_diazo_count,0.004313953434949101
fp_0775,0.004267060770448001
fp_0259,0.004266729938652832
tt_0056,0.0042664734681417
fp_0875,0.004196700891598845
maccs_129,0.004187787712087888
fp_0194,0.004184328328809285
maccs_130,0.004177404808511001
ap_0204,0.004150179696401092
ap_0337,0.004130759051841982
tt_0122,0.00410426882538465
fp_0716,0.004085135617190682
ap_0222,0.004081568111230507
fp_0205,0.004057776444696723
fp_0718,0.004001620743681785
maccs_109,0.003913205556641439
ap_0253,0.0039116553540111815
fp_0273,0.003909136443162944
tt_0304,0.0038423439546791676
ap_0314,0.0038239694203182186
fg_bb_sa12_aromatic_nitro_count,0.0037939047812489512
ap_0053,0.0037807911091534024
ap_0442,0.0037794953653364667
maccs_063,0.0037149114470002224
ap_0060,0.00371064983989331
maccs_128,0.003647310304327966
ap_0266,0.003575442796162261
ap_0240,0.0035433645653096023
fp_0420,0.0035347269072798742
fp_0063,0.003496673894064394
ap_0298,0.00347414502668851
ap_0296,0.0034283326192557436
ap_0265,0.0034140168919678422
ap_0164,0.0033515523895639786
fg_mn_thiol_count,0.0033418718073983176
ap_0504,0.003329893564573541
ap_0055,0.0032642515425866654
fg_bb_sa19_nitrogen_mustard_count,0.0032317888855396184
fg_kz_quinone_count,0.0031940620335413304
maccs_147,0.0031789004432695063
tt_0040,0.0031594525618627934
ap_0417,0.003128334669376424
ap_0290,0.003127953089844287
fp_0109,0.0030399986690524757
tt_0180,0.0030162465996446714
fp_0492,0.0029251622135774103
fp_1013,0.002920797614116782
fp_0432,0.0029133292226985745
ap_0036,0.002891920929606229
fg_fg_primary_amine_count,0.0028597032197490687
ap_0255,0.0027919041187990574
ap_0100,0.0026591660288704903
fp_0887,0.002596596217994455
fg_iss_michael_acceptor_enone_count,0.00259324618530664
ap_0136,0.002520726147307128
fp_0888,0.0025148780800232752
fp_0540,0.0024897413806151277
tt_0141,0.002478081134726949
ap_0054,0.0024603062521598466
tt_0178,0.002459481866623472
ap_0061,0.0024506671414336
fp_0706,0.002426138193455834
ap_0325,0.00240166587720032
ap_0379,0.002400097684730463
fp_0705,0.0023808579880202933
tt_0252,0.0022880571566516613
fg_fg_sulfonic_acid_count,0.0022248488991475556
tt_0077,0.0021201155618594276
fg_iss_dioxolane_count,0.0020568186471171678
fp_0175,0.0019959087901684665
ap_0048,0.0019920289280596585
tt_0108,0.0019444779061051694
fg_fg_guanidine_count,0.0019238749651482826
ap_0506,0.0019153248564542321
tt_0173,0.001874326613473108
fp_0377,0.0018687077077863565
ap_0412,0.0018587351126075234
ap_0067,0.0018411281652528655
fp_0164,0.0017866963982354248
ap_0497,0.0017832265828367172
maccs_145,0.0016783486226043302
tt_0457,0.001631808291273864
ap_0173,0.0016237937109719414
ap_0225,0.0016054810924685098
fp_0171,0.0015781385268339645
maccs_080,0.0015714020579951278
fp_0953,0.001569700055211851
maccs_119,0.0015400440470419064
fp_1020,0.0015222619024097266
fg_fg_ester_present,0.001497447934190375
fg_fg_carboxylic_acid_present,0.0014951123519995385
fg_mn_disulfide_count,0.001456281963350948
tt_0260,0.0014058336976180323
tt_0309,0.0013908628554586144
fp_0423,0.001357208401964832
fp_0836,0.0013050299586674337
fp_0356,0.001295609495310598
maccs_162,0.001276421385000473
ap_0037,0.0012498960065091224
ap_0287,0.0011883161214370282
fp_0815,0.001184683976263637
fp_0354,0.0011737836058309595
fp_0778,0.0010846840494004052
ap_0271,0.0010746630033437426
fp_0809,0.001022747916506367
ap_0010,0.0010126425478855614
fg_bb_sa15_aziridine_count,0.0010017290660421327
fg_kz_aromatic_hydroxylamine_count,0.000983654843949464
fp_0726,0.0009340617690969155
maccs_056,0.000871642467201565
ap_0510,0.0008596749512297576
fp_0250,0.0008453011170813017
ap_0220,0.0007935117927005256
fp_0916,0.0007866318349598779
fp_0785,0.0007667888053412508
tt_0504,0.0007323692116521492
ap_0241,0.0006792501322091416
fg_bb_sa1_acyl_halide_count,0.0006652217043968302
fg_fg_aldehyde_count,0.0006647436029181003
fg_fg_alcohol_present,0.0006310332057036165
fp_0015,0.0006207713493498623
fg_fg_secondary_amine_count,0.0006180770369109219
tt_0409,0.0006073091921142584
fp_0753,0.0005951773536003828
tt_0404,0.0005689805930343439
fp_0794,0.0005361531547217024
fg_fg_secondary_amine_present,0.0005198353477682791
fg_bb_sa8_ab_unsat_aldehyde_count,0.0004711360168775571
ap_0508,0.00046933719442767276
fg_bb_sa7_aliphatic_halide_present,0.00042408285378989295
fp_0939,0.0003733738752564673
maccs_141,0.00035917623092371174
fg_fg_halide_Br_present,0.0003285525204600736
maccs_125,0.00031843661367755394
fp_0533,0.0003182770344450943
ap_0472,0.00027473079495147026
fg_bb_sa17_epoxide_count,0.00023222216831341163
tt_0323,0.0001664753329234569
fg_fg_alkene_present,7.65387978049808e-05
ap_0259,7.278556341117773e-06
rule_bb_sa30_phorbol_like_ge2,0.0
rule_bb_sa29_coumarin_ge1,0.0
rule_kz_polycyclic_aromatic_4_ge1,0.0
rule_bb_sa29_coumarin_ge3,0.0
fg_bb_sa30_phorbol_like_count,0.0
fg_bb_sa30_phorbol_like_present,0.0
fg_bb_sa29_coumarin_present,0.0
rule_bb_sa30_phorbol_like_ge1,0.0
rule_bb_sa29_coumarin_ge2,0.0
fp_0352,0.0
rule_bb_sa30_phorbol_like_ge3,0.0
fp_0199,0.0
rule_kz_polycyclic_aromatic_3_ge3,0.0
fg_bb_sa31_biphenyl_present,0.0
rule_bb_sa31_biphenyl_ge1,0.0
rule_bb_sa31_biphenyl_ge2,0.0
tt_0287,0.0
fg_kz_polycyclic_aromatic_4_present,0.0
fg_kz_polycyclic_aromatic_4_count,0.0
rule_bb_sa31_biphenyl_ge3,0.0
fg_kz_polycyclic_aromatic_3_count,0.0
fg_kz_polycyclic_aromatic_3_present,0.0
rule_kz_polycyclic_aromatic_3_ge1,0.0
ap_0027,0.0
rule_kz_polycyclic_aromatic_3_ge2,0.0
fg_bb_sa29_coumarin_count,0.0
rule_met_has_cobalt_ge1,0.0
rule_bb_sa28_alpha_halo_carbonyl_ge3,0.0
rule_bb_sa23_aromatic_amine_sec_ge3,0.0
fg_bb_sa25_aromatic_nitrile_present,0.0
rule_bb_sa24_aliphatic_nnitro_ge3,0.0
rule_bb_sa24_aliphatic_nnitro_ge2,0.0
rule_bb_sa24_aliphatic_nnitro_ge1,0.0
fg_bb_sa24_aliphatic_nnitro_present,0.0
fg_bb_sa24_aliphatic_nnitro_count,0.0
tt_0379,0.0
rule_bb_sa23_aromatic_amine_sec_ge2,0.0
maccs_059,0.0
rule_bb_sa23_aromatic_amine_sec_ge1,0.0
fg_bb_sa23_aromatic_amine_sec_present,0.0
rule_bb_sa22_aromatic_amine_pri_ge3,0.0
rule_bb_sa22_aromatic_amine_pri_ge2,0.0
rule_bb_sa22_aromatic_amine_pri_ge1,0.0
fg_bb_sa22_aromatic_amine_pri_present,0.0
rule_bb_sa21c_butyrolactone_ge3,0.0
fp_0033,0.0
rule_bb_sa25_aromatic_nitrile_ge1,0.0
rule_bb_sa28_alpha_halo_carbonyl_ge2,0.0
fg_bb_sa27_thiocarbonyl_present,0.0
rule_bb_sa28_alpha_halo_carbonyl_ge1,0.0
fg_bb_sa28_alpha_halo_carbonyl_present,0.0
rule_bb_sa27_thiocarbonyl_ge3,0.0
fp_0757,0.0
rule_bb_sa27_thiocarbonyl_ge2,0.0
ap_0015,0.0
rule_bb_sa27_thiocarbonyl_ge1,0.0
fg_bb_sa27_thiocarbonyl_count,0.0
rule_bb_sa25_aromatic_nitrile_ge2,0.0
rule_bb_sa26_sulfonyl_halide_ge3,0.0
rule_bb_sa26_sulfonyl_halide_ge2,0.0
rule_bb_sa26_sulfonyl_halide_ge1,0.0
fp_0591,0.0
fg_bb_sa26_sulfonyl_halide_present,0.0
fg_bb_sa26_sulfonyl_halide_count,0.0
rule_bb_sa25_aromatic_nitrile_ge3,0.0
rule_kz_polycyclic_aromatic_4_ge2,0.0
tt_0286,0.0
rule_kz_polycyclic_aromatic_4_ge3,0.0
fg_iss_nitrosamine_any_count,0.0
rule_iss_alkyl_nitrite_ge2,0.0
rule_iss_alkyl_nitrite_ge1,0.0
fg_iss_alkyl_nitrite_present,0.0
maccs_165,0.0
fg_iss_alkyl_nitrite_count,0.0
rule_iss_michael_acceptor_enone_ge3,0.0
rule_iss_michael_acceptor_enone_ge2,0.0
rule_iss_michael_acceptor_enone_ge1,0.0
fg_iss_michael_acceptor_enone_present,0.0
rule_iss_aldehyde_ge3,0.0
rule_iss_aldehyde_ge2,0.0
rule_iss_aldehyde_ge1,0.0
fg_iss_aldehyde_present,0.0
fg_iss_aldehyde_count,0.0
rule_iss_haloalkene_ge3,0.0
rule_iss_alkyl_nitrite_ge3,0.0
fg_iss_nitrosamine_any_present,0.0
rule_iss_haloalkene_ge1,0.0
rule_iss_nitrosamine_any_ge1,0.0
fg_mn_aneuploidogen_colchicine_count,0.0
rule_iss_aminoazo_dye_ge3,0.0
rule_iss_aminoazo_dye_ge2,0.0
ap_0050,0.0
rule_iss_aminoazo_dye_ge1,0.0
fg_iss_aminoazo_dye_present,0.0
fg_iss_aminoazo_dye_count,0.0
ap_0224,0.0
rule_iss_dioxolane_ge3,0.0
rule_iss_dioxolane_ge2,0.0
rule_iss_dioxolane_ge1,0.0
fg_iss_dioxolane_present,0.0
rule_iss_nitrosamine_any_ge3,0.0
maccs_118,0.0
rule_iss_nitrosamine_any_ge2,0.0
rule_iss_haloalkene_ge2,0.0
fg_iss_haloalkene_present,0.0
fg_kz_unsat_aldehyde_count,0.0
fg_kz_aromatic_n_acylhydroxamic_count,0.0
rule_kz_aromatic_hydroxylamine_ge2,0.0
rule_kz_aromatic_hydroxylamine_ge1,0.0
fg_kz_aromatic_hydroxylamine_present,0.0
rule_kz_diazonium_ge3,0.0
rule_kz_diazonium_ge2,0.0
rule_kz_diazonium_ge1,0.0
fg_kz_diazonium_present,0.0
fg_kz_diazonium_count,0.0
rule_kz_unsat_aldehyde_ge3,0.0
tt_0494,0.0
rule_kz_unsat_aldehyde_ge2,0.0
rule_bb_sa21c_butyrolactone_ge1,0.0
rule_kz_unsat_aldehyde_ge1,0.0
ap_0251,0.0
fg_kz_unsat_aldehyde_present,0.0
rule_kz_aromatic_hydroxylamine_ge3,0.0
fg_kz_aromatic_n_acylhydroxamic_present,0.0
rule_iss_aromatic_diazo_ge3,0.0
rule_kz_aromatic_n_acylhydroxamic_ge1,0.0
ap_0499,0.0
rule_iss_aromatic_diazo_ge2,0.0
rule_iss_aromatic_diazo_ge1,0.0
fg_iss_aromatic_diazo_present,0.0
rule_kz_bay_region_pah_ge3,0.0
rule_kz_bay_region_pah_ge2,0.0
rule_kz_bay_region_pah_ge1,0.0
fg_kz_bay_region_pah_present,0.0
fg_kz_bay_region_pah_count,0.0
rule_kz_quinone_ge3,0.0
rule_kz_quinone_ge2,0.0
rule_kz_quinone_ge1,0.0
fg_kz_quinone_present,0.0
rule_kz_aromatic_n_acylhydroxamic_ge3,0.0
rule_kz_aromatic_n_acylhydroxamic_ge2,0.0
rule_bb_sa21c_butyrolactone_ge2,0.0
ap_0051,0.0
fg_bb_sa21c_butyrolactone_present,0.0
fp_0940,0.0
rule_bb_sa10_azo_ge1,0.0
fp_0823,0.0
fg_bb_sa10_azo_present,0.0
tt_0160,0.0
rule_bb_sa9_ab_unsat_alkoxy_ge3,0.0
rule_bb_sa9_ab_unsat_alkoxy_ge2,0.0
rule_bb_sa9_ab_unsat_alkoxy_ge1,0.0
fg_bb_sa9_ab_unsat_alkoxy_present,0.0
fg_bb_sa13_ring_noxide_count,0.0
fg_bb_sa9_ab_unsat_alkoxy_count,0.0
rule_bb_sa8_ab_unsat_aldehyde_ge3,0.0
rule_bb_sa8_ab_unsat_aldehyde_ge2,0.0
rule_bb_sa8_ab_unsat_aldehyde_ge1,0.0
fg_bb_sa8_ab_unsat_aldehyde_present,0.0
rule_bb_sa7_aliphatic_halide_ge3,0.0
rule_bb_sa7_aliphatic_halide_ge2,0.0
rule_bb_sa10_azo_ge2,0.0
rule_bb_sa10_azo_ge3,0.0
fg_bb_sa11_aromatic_noxide_count,0.0
fg_bb_sa11_aromatic_noxide_present,0.0
rule_bb_sa12b_aromatic_nitro_alt_ge2,0.0
rule_bb_sa12b_aromatic_nitro_alt_ge1,0.0
fp_0605,0.0
fg_bb_sa12b_aromatic_nitro_alt_present,0.0
fg_bb_sa12b_aromatic_nitro_alt_count,0.0
fp_0682,0.0
rule_bb_sa12_aromatic_nitro_ge3,0.0
ap_0035,0.0
rule_bb_sa12_aromatic_nitro_ge2,0.0
rule_bb_sa12_aromatic_nitro_ge1,0.0
fg_bb_sa12_aromatic_nitro_present,0.0
rule_bb_sa11_aromatic_noxide_ge3,0.0
rule_bb_sa11_aromatic_noxide_ge2,0.0
fp_0641,0.0
rule_bb_sa11_aromatic_noxide_ge1,0.0
fp_0414,0.0
rule_bb_sa7_aliphatic_halide_ge1,0.0
rule_bb_sa6_hydrazine_ge3,0.0
rule_bb_sa3_aliphatic_nnitroso_ge1,0.0
fg_bb_sa3_aliphatic_nnitroso_count,0.0
tt_0021,0.0
rule_bb_sa2b_alkyl_ester_phospho_ge3,0.0
rule_bb_sa2b_alkyl_ester_phospho_ge2,0.0
rule_bb_sa2b_alkyl_ester_phospho_ge1,0.0
fp_0932,0.0
fg_bb_sa2b_alkyl_ester_phospho_present,0.0
ap_0218,0.0
rule_bb_sa2_alkyl_ester_sulfo_ge3,0.0
rule_bb_sa2_alkyl_ester_sulfo_ge2,0.0
rule_bb_sa2_alkyl_ester_sulfo_ge1,0.0
fg_bb_sa2_alkyl_ester_sulfo_present,0.0
rule_bb_sa1_acyl_halide_ge3,0.0
rule_bb_sa1_acyl_halide_ge2,0.0
rule_bb_sa1_acyl_halide_ge1,0.0
fg_bb_sa3_aliphatic_nnitroso_present,0.0
rule_bb_sa3_aliphatic_nnitroso_ge2,0.0
rule_bb_sa6_hydrazine_ge2,0.0
tt_0352,0.0
rule_bb_sa6_hydrazine_ge1,0.0
fg_bb_sa6_hydrazine_present,0.0
fg_bb_sa6_hydrazine_count,0.0
rule_bb_sa5_aromatic_nitroso_ge3,0.0
ap_0362,0.0
rule_bb_sa5_aromatic_nitroso_ge2,0.0
rule_bb_sa5_aromatic_nitroso_ge1,0.0
fg_bb_sa5_aromatic_nitroso_present,0.0
fg_bb_sa5_aromatic_nitroso_count,0.0
rule_bb_sa4_aromatic_nnitroso_ge3,0.0
rule_bb_sa4_aromatic_nnitroso_ge2,0.0
rule_bb_sa4_aromatic_nnitroso_ge1,0.0
fg_bb_sa4_aromatic_nnitroso_present,0.0
fg_bb_sa4_aromatic_nnitroso_count,0.0
rule_bb_sa3_aliphatic_nnitroso_ge3,0.0
rule_bb_sa12b_aromatic_nitro_alt_ge3,0.0
fg_bb_sa13_ring_noxide_present,0.0
fg_bb_sa21c_butyrolactone_count,0.0
tt_0353,0.0
rule_bb_sa20_nhydroxylamine_ge1,0.0
fg_bb_sa20_nhydroxylamine_present,0.0
rule_bb_sa19b_sulfur_mustard_ge3,0.0
rule_bb_sa19b_sulfur_mustard_ge2,0.0
rule_bb_sa19b_sulfur_mustard_ge1,0.0
fg_bb_sa19b_sulfur_mustard_present,0.0
fg_bb_sa19b_sulfur_mustard_count,0.0
rule_bb_sa19_nitrogen_mustard_ge3,0.0
ap_0007,0.0
rule_bb_sa19_nitrogen_mustard_ge2,0.0
rule_bb_sa19_nitrogen_mustard_ge1,0.0
fg_bb_sa19_nitrogen_mustard_present,0.0
rule_bb_sa18b_isothiocyanate_ge3,0.0
rule_bb_sa18b_isothiocyanate_ge2,0.0
rule_bb_sa18b_isothiocyanate_ge1,0.0
fg_bb_sa18b_isothiocyanate_present,0.0
rule_bb_sa20_nhydroxylamine_ge2,0.0
fp_0275,0.0
rule_bb_sa20_nhydroxylamine_ge3,0.0
fg_bb_sa21_propiolactone_count,0.0
rule_bb_sa21b_propiosultone_ge3,0.0
rule_bb_sa21b_propiosultone_ge2,0.0
rule_mn_aneuploidogen_colchicine_ge1,0.0
rule_bb_sa21b_propiosultone_ge1,0.0
fp_0629,0.0
fg_bb_sa21b_propiosultone_present,0.0
fg_bb_sa21b_propiosultone_count,0.0
rule_bb_sa21_propiolactone_ge3,0.0
rule_bb_sa21_propiolactone_ge2,0.0
tt_0045,0.0
ap_0386,0.0
rule_bb_sa21_propiolactone_ge1,0.0
fg_bb_sa21_propiolactone_present,0.0
ap_0267,0.0
ap_0014,0.0
fg_bb_sa18b_isothiocyanate_count,0.0
rule_bb_sa18_isocyanate_ge3,0.0
rule_bb_sa18_isocyanate_ge2,0.0
rule_bb_sa15_aziridine_ge2,0.0
fg_bb_sa15_aziridine_present,0.0
rule_bb_sa14b_triazene_ge3,0.0
rule_bb_sa14b_triazene_ge2,0.0
rule_bb_sa14b_triazene_ge1,0.0
fg_bb_sa14b_triazene_present,0.0
fg_bb_sa14b_triazene_count,0.0
maccs_058,0.0
rule_bb_sa14_azide_ge3,0.0
rule_bb_sa14_azide_ge2,0.0
rule_bb_sa14_azide_ge1,0.0
fg_bb_sa14_azide_present,0.0
fg_bb_sa14_azide_count,0.0
rule_bb_sa13_ring_noxide_ge3,0.0
rule_bb_sa13_ring_noxide_ge2,0.0
rule_bb_sa13_ring_noxide_ge1,0.0
rule_bb_sa15_aziridine_ge1,0.0
rule_bb_sa15_aziridine_ge3,0.0
rule_bb_sa18_isocyanate_ge1,0.0
fg_bb_sa15b_azetidine_count,0.0
fp_0042,0.0
fg_bb_sa18_isocyanate_present,0.0
fg_bb_sa18_isocyanate_count,0.0
rule_bb_sa17_epoxide_ge3,0.0
rule_bb_sa17_epoxide_ge2,0.0
rule_bb_sa17_epoxide_ge1,0.0
fg_bb_sa17_epoxide_present,0.0
rule_bb_sa16_carbamate_ge3,0.0
rule_bb_sa16_carbamate_ge2,0.0
rule_bb_sa16_carbamate_ge1,0.0
fg_bb_sa16_carbamate_present,0.0
rule_bb_sa15b_azetidine_ge3,0.0
rule_bb_sa15b_azetidine_ge2,0.0
rule_bb_sa15b_azetidine_ge1,0.0
fg_bb_sa15b_azetidine_present,0.0
fg_mn_aneuploidogen_colchicine_present,0.0
rule_mn_thiol_ge2,0.0
rule_mn_aneuploidogen_colchicine_ge2,0.0
rule_fg_primary_amine_ge3,0.0
rule_fg_amide_ge1,0.0
rule_fg_amide_ge2,0.0
rule_fg_amide_ge3,0.0
rule_met_has_arsenic_ge2,0.0
fg_fg_primary_amine_present,0.0
rule_fg_primary_amine_ge1,0.0
rule_fg_primary_amine_ge2,0.0
rule_fg_secondary_amine_ge1,0.0
fg_fg_nitro_present,0.0
rule_fg_secondary_amine_ge2,0.0
rule_fg_secondary_amine_ge3,0.0
rule_met_has_arsenic_ge1,0.0
fg_fg_tertiary_amine_present,0.0
rule_fg_tertiary_amine_ge1,0.0
rule_fg_tertiary_amine_ge2,0.0
rule_fg_tertiary_amine_ge3,0.0
fg_fg_amide_present,0.0
rule_met_has_arsenic_ge3,0.0
rule_fg_ester_ge3,0.0
rule_fg_ester_ge2,0.0
rule_fg_aldehyde_ge2,0.0
rule_fg_aldehyde_ge3,0.0
rule_met_has_beryllium_ge3,0.0
fg_fg_ketone_present,0.0
rule_fg_ketone_ge1,0.0
rule_fg_ketone_ge2,0.0
rule_fg_ketone_ge3,0.0
rule_met_has_beryllium_ge2,0.0
rule_met_has_beryllium_ge1,0.0
rule_fg_carboxylic_acid_ge1,0.0
rule_fg_carboxylic_acid_ge2,0.0
rule_fg_carboxylic_acid_ge3,0.0
fg_met_has_beryllium_present,0.0
fg_met_has_beryllium_count,0.0
rule_fg_ester_ge1,0.0
fg_fg_nitro_count,0.0
fg_bb_sa1_acyl_halide_present,0.0
fg_fg_phosphate_present,0.0
fg_fg_sulfoxide_present,0.0
rule_fg_halide_I_ge3,0.0
rule_met_has_cadmium_ge2,0.0
fg_fg_sulfide_present,0.0
rule_fg_sulfide_ge1,0.0
rule_fg_sulfide_ge2,0.0
rule_fg_sulfide_ge3,0.0
fg_fg_sulfoxide_count,0.0
rule_fg_sulfoxide_ge1,0.0
rule_fg_nitro_ge2,0.0
rule_fg_sulfoxide_ge2,0.0
rule_fg_sulfoxide_ge3,0.0
rule_met_has_cadmium_ge1,0.0
fg_fg_sulfone_present,0.0
rule_fg_sulfone_ge1,0.0
rule_fg_sulfone_ge2,0.0
rule_fg_sulfone_ge3,0.0
rule_fg_halide_I_ge2,0.0
rule_fg_halide_I_ge1,0.0
fg_fg_halide_I_present,0.0
fg_fg_halide_I_count,0.0
rule_fg_nitro_ge3,0.0
fg_met_has_arsenic_present,0.0
fg_fg_halide_F_present,0.0
rule_fg_halide_F_ge1,0.0
rule_fg_halide_F_ge2,0.0
rule_fg_halide_F_ge3,0.0
fg_met_has_arsenic_count,0.0
fg_fg_halide_Cl_present,0.0
rule_fg_halide_Cl_ge1,0.0
rule_fg_halide_Cl_ge2,0.0
rule_fg_halide_Cl_ge3,0.0
rule_met_has_cadmium_ge3,0.0
rule_fg_halide_Br_ge1,0.0
rule_fg_halide_Br_ge2,0.0
rule_fg_halide_Br_ge3,0.0
rule_fg_aldehyde_ge1,0.0
fg_fg_aldehyde_present,0.0
rule_fg_ether_ge3,0.0
fg_met_metal_oxide_count,0.0
rule_met_has_manganese_ge2,0.0
rule_met_has_manganese_ge3,0.0
fg_met_metal_halide_count,0.0
fg_met_metal_halide_present,0.0
rule_met_metal_halide_ge1,0.0
rule_met_metal_halide_ge2,0.0
rule_met_metal_halide_ge3,0.0
fg_met_metal_oxide_present,0.0
rule_fg_ether_ge2,0.0
rule_met_metal_oxide_ge1,0.0
rule_met_metal_oxide_ge2,0.0
rule_met_metal_oxide_ge3,0.0
fg_met_metal_sulfide_count,0.0
fg_met_metal_sulfide_present,0.0
rule_met_metal_sulfide_ge1,0.0
rule_met_metal_sulfide_ge2,0.0
rule_met_has_manganese_ge1,0.0
fg_met_has_manganese_present,0.0
fg_met_has_manganese_count,0.0
rule_met_has_vanadium_ge3,0.0
rule_met_has_cobalt_ge3,0.0
fg_met_has_lead_count,0.0
fg_met_has_lead_present,0.0
rule_met_has_lead_ge1,0.0
rule_met_has_lead_ge2,0.0
rule_met_has_lead_ge3,0.0
fg_met_has_mercury_count,0.0
fg_met_has_mercury_present,0.0
rule_met_has_mercury_ge1,0.0
rule_met_has_mercury_ge2,0.0
rule_met_has_mercury_ge3,0.0
fg_met_has_vanadium_count,0.0
fg_met_has_vanadium_present,0.0
rule_met_has_vanadium_ge1,0.0
rule_met_has_vanadium_ge2,0.0
rule_met_metal_sulfide_ge3,0.0
fg_met_dithiocarbamate_count,0.0
fg_met_dithiocarbamate_present,0.0
fg_met_arsenite_count,0.0
rule_met_arsenite_ge1,0.0
rule_met_arsenite_ge2,0.0
rule_met_arsenite_ge3,0.0
fg_met_chromate_count,0.0
fg_met_chromate_present,0.0
rule_met_chromate_ge1,0.0
rule_met_chromate_ge2,0.0
rule_met_chromate_ge3,0.0
fg_met_has_cobalt_present,0.0
rule_fg_alcohol_ge1,0.0
rule_fg_alcohol_ge2,0.0
rule_fg_alcohol_ge3,0.0
fg_met_has_cobalt_count,0.0
fg_fg_ether_present,0.0
rule_fg_ether_ge1,0.0
fg_met_arsenite_present,0.0
rule_met_arsenate_ge3,0.0
rule_met_dithiocarbamate_ge1,0.0
rule_met_arsenate_ge2,0.0
rule_met_dithiocarbamate_ge2,0.0
rule_met_dithiocarbamate_ge3,0.0
fg_met_hydroxamic_acid_count,0.0
fg_met_hydroxamic_acid_present,0.0
rule_met_hydroxamic_acid_ge1,0.0
rule_met_hydroxamic_acid_ge2,0.0
rule_met_hydroxamic_acid_ge3,0.0
fg_met_edta_like_count,0.0
fg_met_edta_like_present,0.0
rule_met_edta_like_ge1,0.0
rule_met_edta_like_ge2,0.0
rule_met_edta_like_ge3,0.0
fg_met_arsenate_count,0.0
fg_met_arsenate_present,0.0
rule_met_arsenate_ge1,0.0
fg_met_has_cadmium_present,0.0
rule_fg_phosphate_ge1,0.0
rule_mn_aneuploidogen_colchicine_ge3,0.0
fg_met_organocadmium_present,0.0
rule_met_organochromium_ge2,0.0
rule_met_organochromium_ge1,0.0
fg_met_organochromium_present,0.0
fg_met_organochromium_count,0.0
rule_met_organocadmium_ge3,0.0
rule_met_organocadmium_ge2,0.0
rule_met_organocadmium_ge1,0.0
fg_met_organocadmium_count,0.0
fp_0838,0.0
rule_met_organomercury_ge3,0.0
rule_met_organomercury_ge2,0.0
rule_met_organomercury_ge1,0.0
fg_met_organomercury_present,0.0
fg_met_organomercury_count,0.0
rule_met_organolead_ge3,0.0
rule_met_organolead_ge2,0.0
ap_0254,0.0
rule_met_organochromium_ge3,0.0
fg_met_organocopper_count,0.0
fg_met_organocopper_present,0.0
fg_met_organoplatinum_present,0.0
fg_met_organoplatinum_count,0.0
rule_met_organonickel_ge3,0.0
rule_met_organonickel_ge2,0.0
rule_met_organonickel_ge1,0.0
fg_met_organonickel_present,0.0
fg_met_organonickel_count,0.0
rule_met_organoselenium_ge3,0.0
rule_met_organoselenium_ge2,0.0
rule_met_organoselenium_ge1,0.0
fg_met_organoselenium_present,0.0
fg_met_organoselenium_count,0.0
rule_met_organocopper_ge3,0.0
rule_met_organocopper_ge2,0.0
rule_met_organocopper_ge1,0.0
rule_met_organolead_ge1,0.0
fg_met_organolead_present,0.0
rule_fg_phosphate_ge2,0.0
fg_mn_heavy_metal_org_count,0.0
fg_mn_steroid_like_present,0.0
fg_mn_steroid_like_count,0.0
rule_mn_heavy_metal_org_ge3,0.0
ap_0315,0.0
rule_mn_heavy_metal_org_ge2,0.0
rule_mn_heavy_metal_org_ge1,0.0
fg_mn_heavy_metal_org_present,0.0
rule_mn_disulfide_ge3,0.0
fg_met_organolead_count,0.0
rule_mn_disulfide_ge2,0.0
rule_mn_disulfide_ge1,0.0
fg_mn_disulfide_present,0.0
rule_mn_thiol_ge3,0.0
rule_met_has_cobalt_ge2,0.0
rule_mn_thiol_ge1,0.0
fg_mn_thiol_present,0.0
rule_mn_steroid_like_ge1,0.0
rule_mn_steroid_like_ge2,0.0
fp_0831,0.0
rule_mn_steroid_like_ge3,0.0
rule_met_organoantimony_ge3,0.0
rule_met_organoantimony_ge2,0.0
rule_met_organoantimony_ge1,0.0
fg_met_organoantimony_present,0.0
fg_met_organoantimony_count,0.0
rule_met_organoarsenic_ge3,0.0
rule_met_organoarsenic_ge2,0.0
rule_met_organoarsenic_ge1,0.0
fg_met_organoarsenic_present,0.0
fg_met_organoarsenic_count,0.0
rule_met_organotin_ge3,0.0
rule_met_organotin_ge2,0.0
rule_met_organotin_ge1,0.0
fg_met_organotin_present,0.0
fg_met_organotin_count,0.0
rule_met_organoplatinum_ge1,0.0
rule_met_organoplatinum_ge2,0.0
rule_met_organoplatinum_ge3,0.0
fg_fg_nitrile_present,0.0
rule_fg_phenol_ge3,0.0
fg_met_has_nickel_present,0.0
fg_fg_sulfonic_acid_present,0.0
rule_fg_sulfonic_acid_ge1,0.0
rule_fg_sulfonic_acid_ge2,0.0
rule_fg_sulfonic_acid_ge3,0.0
fg_fg_nitrile_count,0.0
rule_fg_nitrile_ge1,0.0
fg_met_organocobalt_count,0.0
rule_fg_nitrile_ge2,0.0
rule_fg_nitrile_ge3,0.0
fg_fg_urea_count,0.0
fg_fg_urea_present,0.0
rule_fg_urea_ge1,0.0
rule_fg_urea_ge2,0.0
rule_fg_urea_ge3,0.0
rule_fg_phenol_ge2,0.0
rule_fg_phenol_ge1,0.0
fg_fg_phenol_present,0.0
rule_met_has_nickel_ge1,0.0
rule_fg_phosphate_ge3,0.0
fg_met_has_cadmium_count,0.0
fg_fg_cyano_present,0.0
rule_fg_cyano_ge1,0.0
rule_fg_cyano_ge2,0.0
rule_fg_cyano_ge3,0.0
rule_met_has_nickel_ge3,0.0
rule_fg_alkene_ge1,0.0
rule_fg_alkene_ge2,0.0
rule_fg_alkene_ge3,0.0
rule_met_has_nickel_ge2,0.0
fg_fg_alkyne_present,0.0
rule_fg_alkyne_ge1,0.0
rule_fg_alkyne_ge2,0.0
rule_fg_alkyne_ge3,0.0
fg_fg_thiourea_count,0.0
fg_fg_thiourea_present,0.0
rule_fg_thiourea_ge1,0.0
fg_fg_anhydride_present,0.0
rule_fg_anhydride_ge2,0.0
rule_fg_anhydride_ge3,0.0
rule_met_has_chromium_ge2,0.0
fg_fg_sulfonamide_present,0.0
rule_fg_sulfonamide_ge1,0.0
rule_fg_sulfonamide_ge2,0.0
rule_fg_sulfonamide_ge3,0.0
rule_met_has_chromium_ge1,0.0
bb_any_genotox_alert,0.0
fg_met_has_chromium_present,0.0
fg_met_has_chromium_count,0.0
rule_met_organocobalt_ge3,0.0
rule_met_organocobalt_ge2,0.0
rule_met_organocobalt_ge1,0.0
fg_met_organocobalt_present,0.0
rule_fg_anhydride_ge1,0.0
rule_met_has_chromium_ge3,0.0
rule_fg_thiourea_ge2,0.0
rule_fg_lactone_ge3,0.0
rule_fg_thiourea_ge3,0.0
fg_met_has_nickel_count,0.0
fg_fg_guanidine_present,0.0
rule_fg_guanidine_ge1,0.0
rule_fg_guanidine_ge2,0.0
rule_fg_guanidine_ge3,0.0
fg_fg_lactam_count,0.0
fg_fg_lactam_present,0.0
rule_fg_lactam_ge1,0.0
rule_fg_lactam_ge2,0.0
rule_fg_lactam_ge3,0.0
fg_fg_lactone_count,0.0
fg_fg_lactone_present,0.0
rule_fg_lactone_ge1,0.0
rule_fg_lactone_ge2,0.0
rule_fg_nitro_ge1,0.0
