model_a,model_b,mcc_a,mcc_b,diff,better
ann,gnn,0.5659,0.445,0.1209,ann
ann,lgbm,0.5659,0.5808,-0.0149,lgbm
ann,logistic,0.5659,0.5072,0.0587,ann
ann,rf,0.5659,0.5369,0.029,ann
ann,svm,0.5659,0.5339,0.032,ann
ann,xgb,0.5659,0.5774,-0.0115,xgb
gnn,lgbm,0.445,0.5808,-0.1358,lgbm
gnn,logistic,0.445,0.5072,-0.0622,logistic
gnn,rf,0.445,0.5369,-0.0919,rf
gnn,svm,0.445,0.5339,-0.0889,svm
gnn,xgb,0.445,0.5774,-0.1324,xgb
lgbm,logistic,0.5808,0.5072,0.0736,lgbm
lgbm,rf,0.5808,0.5369,0.0439,lgbm
lgbm,svm,0.5808,0.5339,0.0469,lgbm
lgbm,xgb,0.5808,0.5774,0.0034,lgbm
logistic,rf,0.5072,0.5369,-0.0297,rf
logistic,svm,0.5072,0.5339,-0.0267,svm
logistic,xgb,0.5072,0.5774,-0.0702,xgb
rf,svm,0.5369,0.5339,0.003,rf
rf,xgb,0.5369,0.5774,-0.0405,xgb
svm,xgb,0.5339,0.5774,-0.0435,xgb
