threshold,mcc,balanced_accuracy,sensitivity,specificity
0.05,0.19723301465263243,0.6370192307692308,0.5,0.7740384615384616
0.06,0.18940360210353951,0.6298076923076923,0.47692307692307695,0.7826923076923077
0.07,0.19975410476438288,0.6350961538461538,0.47692307692307695,0.7932692307692307
0.08,0.19755159286905147,0.6317307692307692,0.46153846153846156,0.801923076923077
0.09,0.20303465900501047,0.6331730769230769,0.45384615384615384,0.8125
0.09999999999999999,0.21134711670076242,0.6370192307692307,0.45384615384615384,0.8201923076923077
0.10999999999999999,0.21240617149181484,0.6375,0.45384615384615384,0.8211538461538461
0.12,0.21561113122988534,0.6389423076923076,0.45384615384615384,0.8240384615384615
0.13,0.21211317809976452,0.6360576923076923,0.4461538461538462,0.8259615384615384
0.13999999999999999,0.21757131728816845,0.6384615384615385,0.4461538461538462,0.8307692307692308
0.14999999999999997,0.21186795850958715,0.6346153846153846,0.43846153846153846,0.8307692307692308
0.15999999999999998,0.21518579412788752,0.6360576923076924,0.43846153846153846,0.8336538461538462
0.16999999999999998,0.21630212878632202,0.6365384615384615,0.43846153846153846,0.8346153846153846
0.18,0.21167326104278406,0.633173076923077,0.4307692307692308,0.8355769230769231
0.19,0.20701966780270625,0.6298076923076923,0.4230769230769231,0.8365384615384616
0.19999999999999996,0.20458398669661593,0.6274038461538461,0.4153846153846154,0.8394230769230769
0.20999999999999996,0.2010055502881129,0.6245192307692308,0.4076923076923077,0.8413461538461539
0.21999999999999997,0.20442564752765474,0.6259615384615385,0.4076923076923077,0.8442307692307692
0.22999999999999998,0.19838531641175328,0.6206730769230769,0.3923076923076923,0.8490384615384615
0.24,0.19710185144073625,0.61875,0.38461538461538464,0.8528846153846154
0.24999999999999994,0.2030905986149808,0.6211538461538462,0.38461538461538464,0.8576923076923076
0.25999999999999995,0.19096751436669415,0.6134615384615385,0.36923076923076925,0.8576923076923076
0.26999999999999996,0.18487161705599756,0.6096153846153846,0.36153846153846153,0.8576923076923076
0.27999999999999997,0.18726512557874359,0.6105769230769231,0.36153846153846153,0.8596153846153847
0.29,0.18968586172662089,0.6115384615384616,0.36153846153846153,0.8615384615384616
0.3,0.18596395634106933,0.6086538461538462,0.35384615384615387,0.8634615384615385
0.30999999999999994,0.18719028327662104,0.6091346153846154,0.35384615384615387,0.864423076923077
0.31999999999999995,0.18842383214252956,0.6096153846153847,0.35384615384615387,0.8653846153846154
0.32999999999999996,0.1909129874122698,0.6105769230769231,0.35384615384615387,0.8673076923076923
0.33999999999999997,0.19470338155667136,0.6120192307692308,0.35384615384615387,0.8701923076923077
0.3499999999999999,0.19470338155667136,0.6120192307692308,0.35384615384615387,0.8701923076923077
0.35999999999999993,0.19099193400892545,0.6091346153846153,0.34615384615384615,0.8721153846153846
0.36999999999999994,0.18596369261180773,0.6057692307692308,0.3384615384615385,0.8730769230769231
0.37999999999999995,0.18854008025148938,0.6067307692307693,0.3384615384615385,0.875
0.38999999999999996,0.1783585285482092,0.6,0.3230769230769231,0.8769230769230769
0.3999999999999999,0.17320585244874914,0.5966346153846154,0.3153846153846154,0.8778846153846154
0.4099999999999999,0.16801027242173686,0.5932692307692308,0.3076923076923077,0.8788461538461538
0.41999999999999993,0.16801027242173686,0.5932692307692308,0.3076923076923077,0.8788461538461538
0.42999999999999994,0.16930298484795256,0.59375,0.3076923076923077,0.8798076923076923
0.43999999999999995,0.16930298484795256,0.59375,0.3076923076923077,0.8798076923076923
0.4499999999999999,0.17191457390933343,0.5947115384615385,0.3076923076923077,0.8817307692307692
0.4599999999999999,0.16930979943710273,0.5923076923076923,0.3,0.8846153846153846
0.4699999999999999,0.170644979594741,0.5927884615384615,0.3,0.885576923076923
0.4799999999999999,0.17470776489490025,0.5942307692307692,0.3,0.8884615384615384
0.48999999999999994,0.1680372793527534,0.5903846153846154,0.2923076923076923,0.8884615384615384
0.49999999999999994,0.17354436625492495,0.5923076923076923,0.2923076923076923,0.8923076923076924
0.5099999999999999,0.16817848244334696,0.5889423076923077,0.2846153846153846,0.8932692307692308
0.5199999999999999,0.170989800981847,0.5899038461538462,0.2846153846153846,0.8951923076923077
0.5299999999999999,0.170989800981847,0.5899038461538462,0.2846153846153846,0.8951923076923077
0.5399999999999999,0.15728821740147397,0.5822115384615385,0.2692307692307692,0.8951923076923077
0.5499999999999999,0.15868293072214937,0.5826923076923077,0.2692307692307692,0.8961538461538462
0.5599999999999999,0.15176028205099848,0.5788461538461539,0.26153846153846155,0.8961538461538462
0.57,0.15315165948999918,0.5793269230769231,0.26153846153846155,0.8971153846153846
0.58,0.14756228127559165,0.5759615384615384,0.25384615384615383,0.8980769230769231
0.59,0.14756228127559165,0.5759615384615384,0.25384615384615383,0.8980769230769231
0.6,0.1489610548244016,0.5764423076923078,0.25384615384615383,0.8990384615384616
0.61,0.14191278056024104,0.5725961538461539,0.24615384615384617,0.8990384615384616
0.62,0.1433074838590999,0.573076923076923,0.24615384615384617,0.9
0.63,0.13899291514126152,0.5701923076923077,0.23846153846153847,0.9019230769230769
0.6399999999999999,0.1360360143439199,0.5677884615384615,0.23076923076923078,0.9048076923076923
0.6499999999999999,0.1360360143439199,0.5677884615384615,0.23076923076923078,0.9048076923076923
0.6599999999999999,0.1360360143439199,0.5677884615384615,0.23076923076923078,0.9048076923076923
0.6699999999999999,0.13746891552320023,0.5682692307692307,0.23076923076923078,0.9057692307692308
0.6799999999999999,0.13891432381650548,0.56875,0.23076923076923078,0.9067307692307692
0.69,0.14184363653291038,0.5697115384615384,0.23076923076923078,0.9086538461538461
0.7,0.13449275465507124,0.5658653846153846,0.2230769230769231,0.9086538461538461
0.71,0.1300007545080545,0.5629807692307692,0.2153846153846154,0.9105769230769231
0.72,0.1329633071901247,0.5639423076923077,0.2153846153846154,0.9125
0.73,0.1329908137525324,0.5625,0.2076923076923077,0.9173076923076923
0.74,0.13611922515802802,0.5634615384615385,0.2076923076923077,0.9192307692307692
0.7499999999999999,0.12838888181720023,0.5596153846153846,0.2,0.9192307692307692
0.7599999999999999,0.13153805490049505,0.5605769230769231,0.2,0.9211538461538461
0.7699999999999999,0.13153805490049505,0.5605769230769231,0.2,0.9211538461538461
0.7799999999999999,0.13475386472125056,0.5615384615384615,0.2,0.9230769230769231
0.7899999999999999,0.13475386472125056,0.5615384615384615,0.2,0.9230769230769231
0.7999999999999999,0.1205126476397573,0.5543269230769231,0.18461538461538463,0.9240384615384616
0.8099999999999999,0.12211644297315193,0.5548076923076923,0.18461538461538463,0.925
0.82,0.11726446574911564,0.551923076923077,0.17692307692307693,0.926923076923077
0.83,0.11726446574911564,0.551923076923077,0.17692307692307693,0.926923076923077
0.84,0.12054854240746905,0.5528846153846154,0.17692307692307693,0.9288461538461539
0.8499999999999999,0.1222194227220158,0.5533653846153846,0.17692307692307693,0.9298076923076923
0.8599999999999999,0.12391018186628021,0.5538461538461539,0.17692307692307693,0.9307692307692308
0.8699999999999999,0.12562133011336524,0.5543269230769231,0.17692307692307693,0.9317307692307693
0.8799999999999999,0.11057314535997699,0.5471153846153847,0.16153846153846155,0.9326923076923077
0.8899999999999999,0.11398485633964046,0.5480769230769231,0.16153846153846155,0.9346153846153846
0.8999999999999999,0.11748470308501492,0.5490384615384616,0.16153846153846155,0.9365384615384615
0.9099999999999999,0.12107765856520525,0.55,0.16153846153846155,0.9384615384615385
0.9199999999999999,0.12665356256469845,0.5514423076923077,0.16153846153846155,0.9413461538461538
0.9299999999999999,0.13050383136138188,0.5524038461538462,0.16153846153846155,0.9432692307692307
0.94,0.10185271429783335,0.5389423076923077,0.13076923076923078,0.9471153846153846
0.95,0.10014299460848988,0.5370192307692307,0.12307692307692308,0.9509615384615384
