colsample_bytree,gamma,learning_rate,max_depth,min_child_weight,n_estimators,reg_alpha,reg_lambda,subsample,cv_score
0.8,0.15,0.06,3,4,250,0.3,3.0,0.75,0.6084754138868298
0.6,0.15,0.03,2,4,150,1.0,8.0,0.9,0.6046807158741925
0.6,0.0,0.03,2,4,250,0.3,3.0,0.9,0.5970207208161248
0.6,0.15,0.06,3,7,150,1.0,8.0,0.9,0.596632426135762
0.8,0.15,0.06,2,7,250,0.3,8.0,0.9,0.5929965759469095
0.6,0.0,0.03,3,7,250,1.0,3.0,0.9,0.5909315542377069
0.8,0.15,0.06,2,7,150,0.3,8.0,0.9,0.590596208831939
0.6,0.0,0.03,3,7,150,1.0,3.0,0.75,0.590260863426171
0.8,0.15,0.06,3,4,150,1.0,3.0,0.75,0.589978467294998
0.8,0.0,0.06,2,4,250,1.0,3.0,0.9,0.589925518020403
0.8,0.15,0.06,3,4,150,1.0,8.0,0.9,0.5883017402661583
0.6,0.15,0.03,2,7,250,0.3,3.0,0.75,0.5880899431677786
0.6,0.15,0.06,2,4,250,1.0,3.0,0.9,0.5872957040488546
0.6,0.15,0.03,3,4,250,0.3,3.0,0.75,0.585795474601998
0.8,0.0,0.03,3,7,150,1.0,3.0,0.9,0.585689576052808
0.6,0.15,0.03,2,4,250,0.3,3.0,0.9,0.5856189770200149
0.6,0.15,0.06,3,7,250,0.3,3.0,0.9,0.5855660277454199
0.8,0.0,0.06,2,4,150,1.0,3.0,0.75,0.5855130784708249
0.6,0.0,0.03,2,4,150,1.0,3.0,0.75,0.5849482862084789
0.8,0.15,0.03,2,7,250,0.3,3.0,0.9,0.584612940802711
0.8,0.0,0.03,2,4,150,1.0,3.0,0.75,0.5845070422535211
0.6,0.0,0.03,3,4,150,1.0,8.0,0.9,0.5834657065198207
0.6,0.0,0.06,2,7,250,0.3,8.0,0.9,0.5820007765893607
0.6,0.15,0.06,2,4,150,0.3,8.0,0.9,0.5807652935154788
0.6,0.0,0.03,3,4,150,0.3,8.0,0.9,0.5796004094743902
0.6,0.0,0.06,2,4,250,0.3,3.0,0.75,0.5789826679374492
0.6,0.0,0.03,3,4,150,1.0,3.0,0.75,0.578859119630061
0.6,0.15,0.03,2,4,250,0.3,8.0,0.75,0.5786473225316813
0.6,0.15,0.06,3,7,250,0.3,3.0,0.75,0.5782590278513184
0.8,0.0,0.03,3,4,250,1.0,8.0,0.75,0.5781884288185252
0.8,0.15,0.06,2,4,150,1.0,3.0,0.9,0.5781884288185252
0.8,0.15,0.03,3,4,150,0.3,3.0,0.75,0.5778707331709556
0.6,0.15,0.03,2,7,250,0.3,3.0,0.9,0.5778530834127573
0.8,0.15,0.03,2,4,250,1.0,3.0,0.75,0.5775177380069894
0.6,0.0,0.06,2,7,250,0.3,3.0,0.75,0.5772000423594197
0.8,0.15,0.03,3,7,150,0.3,8.0,0.75,0.5771294433266264
0.8,0.0,0.06,2,7,250,1.0,8.0,0.75,0.5770764940520314
0.6,0.0,0.03,3,4,250,0.3,3.0,0.9,0.5769176462282467
0.6,0.0,0.06,2,7,250,1.0,3.0,0.9,0.5767940979208585
0.8,0.0,0.06,3,4,150,1.0,3.0,0.75,0.5763528539659006
0.6,0.15,0.06,2,4,250,0.3,3.0,0.75,0.5761763563839175
0.6,0.0,0.06,3,4,150,1.0,3.0,0.9,0.5759645592855378
0.8,0.15,0.03,3,4,150,1.0,3.0,0.75,0.5757880617035547
0.6,0.15,0.03,2,4,150,1.0,3.0,0.75,0.5755056655723816
0.8,0.15,0.06,2,4,250,0.3,3.0,0.75,0.5755056655723816
0.8,0.15,0.03,3,4,150,0.3,8.0,0.75,0.5753997670231918
0.6,0.0,0.03,2,4,250,1.0,8.0,0.9,0.574340781531293
0.8,0.15,0.06,2,4,150,1.0,8.0,0.9,0.5739524868509301
0.6,0.0,0.03,3,4,250,1.0,3.0,0.9,0.573775989268947
0.8,0.15,0.06,2,4,250,1.0,8.0,0.9,0.573723039994352
0.8,0.0,0.06,2,7,250,1.0,3.0,0.9,0.5736700907197572
0.6,0.15,0.03,3,4,150,0.3,8.0,0.9,0.5734406438631791
0.8,0.15,0.06,3,4,250,0.3,3.0,0.9,0.5733347453139892
0.8,0.15,0.06,3,7,150,1.0,3.0,0.75,0.5731052984574111
0.8,0.15,0.03,2,4,250,0.3,8.0,0.9,0.5730523491828161
0.8,0.15,0.06,2,4,250,0.3,8.0,0.9,0.5727699530516431
0.6,0.15,0.06,3,4,150,0.3,3.0,0.9,0.5722228105474955
0.6,0.0,0.06,2,4,150,0.3,3.0,0.75,0.5721169119983056
0.8,0.0,0.06,3,4,250,0.3,8.0,0.75,0.5716580182851495
0.6,0.15,0.03,2,7,250,0.3,8.0,0.9,0.5716580182851495
0.6,0.15,0.03,2,4,150,0.3,3.0,0.75,0.5716050690105545
0.6,0.15,0.06,3,4,150,1.0,8.0,0.9,0.5711108757810018
0.8,0.15,0.03,2,4,150,1.0,3.0,0.9,0.5710932260228034
0.8,0.15,0.03,2,4,150,0.3,3.0,0.9,0.5710402767482086
0.6,0.15,0.06,3,4,250,0.3,3.0,0.9,0.5703695859366726
0.8,0.0,0.03,3,4,250,1.0,8.0,0.9,0.5700871898054997
0.8,0.15,0.06,2,7,250,1.0,3.0,0.75,0.5700871898054997
0.6,0.15,0.03,2,7,250,1.0,8.0,0.75,0.5699283419817148
0.8,0.15,0.06,3,7,150,0.3,8.0,0.9,0.56987539270712
0.8,0.15,0.03,3,4,250,0.3,3.0,0.9,0.5696988951251367
0.8,0.0,0.03,3,4,150,1.0,8.0,0.9,0.569540047301352
0.8,0.0,0.06,2,4,250,1.0,3.0,0.75,0.5694164989939637
0.8,0.0,0.03,2,4,150,0.3,3.0,0.9,0.569151752620989
0.6,0.15,0.06,2,4,250,0.3,3.0,0.9,0.5690282043136009
0.6,0.15,0.06,2,4,150,0.3,8.0,0.75,0.5687458081824279
0.6,0.15,0.06,3,4,150,1.0,3.0,0.75,0.5687458081824279
0.8,0.0,0.06,3,4,150,1.0,8.0,0.9,0.5687458081824279
0.6,0.15,0.06,2,7,150,0.3,3.0,0.9,0.5685340110840481
0.8,0.0,0.03,3,7,150,0.3,8.0,0.75,0.56841046277666
0.8,0.0,0.06,3,4,150,0.3,3.0,0.75,0.56841046277666
0.8,0.0,0.06,2,4,250,0.3,3.0,0.9,0.5683751632602634
0.6,0.0,0.06,3,4,150,0.3,8.0,0.75,0.5683222139856684
0.6,0.15,0.06,2,4,150,0.3,3.0,0.9,0.568075117370892
0.8,0.15,0.03,3,4,150,0.3,8.0,0.9,0.568075117370892
0.8,0.15,0.06,3,4,250,1.0,8.0,0.9,0.568075117370892
0.8,0.15,0.03,2,4,250,0.3,3.0,0.9,0.5680398178544954
0.6,0.15,0.06,3,4,250,1.0,3.0,0.75,0.5679692188217021
0.8,0.15,0.06,3,7,250,1.0,3.0,0.75,0.5678633202725123
0.8,0.15,0.03,2,7,250,1.0,3.0,0.9,0.5678103709979173
0.8,0.15,0.03,3,7,250,1.0,3.0,0.9,0.5674044265593561
0.8,0.15,0.06,2,4,150,1.0,3.0,0.75,0.5673514772847612
0.8,0.0,0.06,2,4,250,0.3,3.0,0.75,0.5673514772847612
0.6,0.15,0.03,3,7,150,1.0,8.0,0.75,0.5670690811535882
0.8,0.0,0.06,3,4,150,0.3,8.0,0.9,0.5670690811535882
0.8,0.0,0.06,3,4,250,0.3,8.0,0.9,0.5670337816371915
0.6,0.0,0.06,3,4,250,1.0,3.0,0.9,0.5668572840552084
0.8,0.15,0.03,3,4,250,1.0,8.0,0.75,0.5667337357478203
0.8,0.0,0.03,2,7,250,1.0,3.0,0.75,0.5667337357478203
0.8,0.15,0.06,2,4,150,0.3,8.0,0.9,0.5666984362314236
0.6,0.0,0.06,2,4,250,1.0,8.0,0.9,0.5659747961452928
0.8,0.15,0.03,3,4,150,1.0,8.0,0.75,0.5659041971124996
0.6,0.15,0.03,2,4,250,1.0,3.0,0.75,0.5659041971124996
0.6,0.0,0.03,2,7,250,0.3,3.0,0.75,0.5659041971124996
0.8,0.0,0.03,2,7,150,0.3,3.0,0.9,0.5657982985633097
0.6,0.0,0.03,2,4,250,0.3,8.0,0.9,0.5657982985633097
0.6,0.0,0.03,3,7,150,0.3,8.0,0.9,0.5656747502559215
0.6,0.0,0.06,3,4,150,1.0,3.0,0.75,0.5655688517067317
0.6,0.15,0.06,2,7,250,0.3,3.0,0.9,0.5652864555755586
0.6,0.15,0.06,3,4,150,0.3,3.0,0.75,0.565198206784567
0.8,0.0,0.03,3,4,250,0.3,3.0,0.75,0.5651276077517737
0.6,0.15,0.06,2,4,150,0.3,3.0,0.75,0.5647922623460059
0.6,0.0,0.06,3,7,250,1.0,8.0,0.9,0.564686363796816
0.8,0.0,0.06,3,4,150,0.3,3.0,0.9,0.5646157647640228
0.8,0.0,0.06,2,4,250,1.0,8.0,0.9,0.5645628154894278
0.8,0.15,0.06,3,4,150,0.3,8.0,0.75,0.5644039676656429
0.8,0.0,0.06,3,7,250,1.0,3.0,0.9,0.5643510183910481
0.8,0.0,0.03,2,7,150,0.3,8.0,0.9,0.5643333686328498
0.6,0.0,0.06,3,4,250,1.0,8.0,0.75,0.5642804193582548
0.8,0.15,0.03,3,4,250,1.0,8.0,0.9,0.5642274700836598
0.8,0.15,0.06,3,7,250,0.3,3.0,0.9,0.5639980232270818
0.6,0.15,0.06,2,7,250,1.0,8.0,0.9,0.563839175403297
0.6,0.0,0.06,2,4,250,0.3,8.0,0.9,0.563839175403297
0.6,0.15,0.03,2,4,150,1.0,3.0,0.9,0.5636273783049173
0.8,0.15,0.06,3,7,150,0.3,3.0,0.9,0.5634508807229341
0.8,0.15,0.03,3,7,250,1.0,8.0,0.9,0.5633449821737442
0.8,0.0,0.03,2,4,150,0.3,8.0,0.75,0.5633273324155459
0.6,0.15,0.06,3,7,150,1.0,3.0,0.9,0.5633273324155459
0.8,0.0,0.03,3,7,250,1.0,3.0,0.75,0.5631155353171662
0.6,0.0,0.06,3,7,250,0.3,8.0,0.9,0.5630625860425712
0.8,0.15,0.06,3,4,150,1.0,3.0,0.9,0.5630096367679762
0.8,0.0,0.03,3,4,250,0.3,8.0,0.9,0.56265664160401
0.6,0.15,0.06,3,4,150,1.0,3.0,0.9,0.5626036923294151
0.8,0.0,0.03,3,4,250,0.3,8.0,0.75,0.5623389459564404
0.6,0.15,0.06,2,4,150,1.0,3.0,0.75,0.562321296198242
0.8,0.0,0.03,3,4,150,0.3,3.0,0.75,0.562321296198242
0.6,0.15,0.06,2,4,250,0.3,8.0,0.75,0.5621624483744573
0.6,0.15,0.06,3,4,150,1.0,8.0,0.75,0.5619859507924742
0.8,0.0,0.06,2,4,150,0.3,8.0,0.9,0.5616682551449045
0.6,0.15,0.06,3,4,250,1.0,3.0,0.9,0.5616506053867062
0.6,0.15,0.06,3,7,250,1.0,3.0,0.9,0.5614917575629214
0.6,0.15,0.03,2,7,150,0.3,3.0,0.75,0.5613152599809382
0.8,0.0,0.06,2,7,250,0.3,3.0,0.9,0.5611034628825585
0.6,0.15,0.03,3,4,150,0.3,3.0,0.75,0.5607151682021956
0.8,0.0,0.03,3,4,150,1.0,8.0,0.75,0.5606092696530057
0.8,0.15,0.03,3,7,250,0.3,8.0,0.9,0.5603092237636345
0.6,0.0,0.06,3,4,150,0.3,3.0,0.9,0.5603092237636345
0.8,0.15,0.06,2,4,250,1.0,3.0,0.75,0.5602562744890395
0.6,0.0,0.03,2,7,250,1.0,3.0,0.75,0.5599738783578665
0.8,0.15,0.06,3,4,150,0.3,3.0,0.75,0.55983268029228
0.6,0.0,0.03,3,4,250,1.0,8.0,0.75,0.5595855836775037
0.6,0.0,0.03,3,4,150,0.3,3.0,0.9,0.5595326344029087
0.6,0.15,0.03,3,7,250,0.3,8.0,0.75,0.5593208373045289
0.6,0.15,0.03,3,7,150,0.3,3.0,0.75,0.5593031875463306
0.6,0.0,0.03,2,7,150,1.0,8.0,0.9,0.5592502382717357
0.8,0.0,0.03,2,7,150,0.3,3.0,0.75,0.5592502382717357
0.6,0.0,0.06,3,4,250,1.0,3.0,0.75,0.5592502382717357
0.8,0.0,0.03,2,7,150,1.0,3.0,0.9,0.5589148928659677
0.6,0.0,0.03,3,4,150,0.3,3.0,0.75,0.5587736948003812
0.6,0.15,0.03,3,4,250,1.0,3.0,0.9,0.5585795474601998
0.8,0.0,0.03,2,4,150,1.0,8.0,0.75,0.5585442479438032
0.8,0.15,0.06,2,4,150,0.3,3.0,0.75,0.5585265981856049
0.6,0.0,0.03,2,7,250,1.0,8.0,0.9,0.5583148010872251
0.6,0.0,0.06,2,4,150,0.3,8.0,0.75,0.5582618518126302
0.8,0.0,0.03,2,7,250,1.0,8.0,0.9,0.5582442020544318
0.8,0.0,0.03,3,4,150,0.3,3.0,0.9,0.558138303505242
0.6,0.15,0.03,2,4,150,0.3,8.0,0.75,0.558085354230647
0.8,0.0,0.06,2,7,250,0.3,8.0,0.9,0.5579618059232588
0.8,0.0,0.03,2,4,150,0.3,8.0,0.9,0.5579618059232588
0.8,0.0,0.06,2,4,250,0.3,8.0,0.9,0.557573511242896
0.6,0.15,0.06,3,4,250,0.3,8.0,0.75,0.5573087648699213
0.6,0.0,0.03,3,7,250,1.0,3.0,0.75,0.557238165837128
0.8,0.0,0.06,2,4,150,0.3,8.0,0.75,0.557238165837128
0.6,0.0,0.03,2,4,250,0.3,3.0,0.75,0.5570793180133432
0.6,0.15,0.06,2,4,250,1.0,3.0,0.75,0.5570263687387482
0.6,0.15,0.03,3,4,250,1.0,3.0,0.75,0.5565674750255921
0.6,0.0,0.06,3,4,250,0.3,3.0,0.75,0.5564262769600057
0.6,0.15,0.03,3,7,250,1.0,8.0,0.9,0.5563556779272124
0.6,0.15,0.03,3,4,250,1.0,8.0,0.9,0.5562321296198242
0.6,0.0,0.03,2,4,150,1.0,8.0,0.75,0.5561791803452293
0.8,0.0,0.06,2,7,150,1.0,3.0,0.75,0.5561791803452293
0.6,0.0,0.06,3,7,150,0.3,3.0,0.75,0.5560732817960394
0.8,0.0,0.06,2,4,150,1.0,8.0,0.9,0.5560732817960394
0.8,0.0,0.03,3,4,250,0.3,3.0,0.9,0.5559144339722546
0.6,0.0,0.06,2,4,150,0.3,8.0,0.9,0.5559144339722546
0.8,0.15,0.03,2,7,250,1.0,3.0,0.75,0.5558967842140563
0.6,0.15,0.06,2,7,150,1.0,3.0,0.75,0.5555614388082883
0.8,0.15,0.03,2,7,250,0.3,8.0,0.75,0.5554731900172968
0.8,0.0,0.06,3,7,150,1.0,3.0,0.75,0.5554555402590985
0.8,0.0,0.06,3,4,150,1.0,8.0,0.75,0.5554025909845035
0.6,0.0,0.06,3,4,250,0.3,8.0,0.75,0.5552260934025204
0.8,0.15,0.03,3,4,250,1.0,3.0,0.9,0.5551907938861238
0.8,0.15,0.03,2,4,150,0.3,8.0,0.9,0.5551201948533305
0.8,0.0,0.03,2,7,150,0.3,8.0,0.75,0.5550672455787355
0.6,0.0,0.03,2,4,250,1.0,8.0,0.75,0.5548024992057609
0.8,0.15,0.03,3,7,250,1.0,3.0,0.75,0.5547848494475626
0.8,0.0,0.03,2,4,150,0.3,3.0,0.75,0.5545201030745879
0.8,0.0,0.06,2,7,150,0.3,8.0,0.9,0.5544495040417946
0.6,0.0,0.03,2,4,150,1.0,8.0,0.9,0.5542377069434149
0.8,0.0,0.06,2,7,150,0.3,3.0,0.9,0.5540612093614317
0.8,0.0,0.03,2,4,250,0.3,8.0,0.9,0.5540259098450351
0.6,0.0,0.06,3,4,250,0.3,3.0,0.9,0.5538847117794486
0.6,0.0,0.06,3,7,250,0.3,3.0,0.9,0.5538847117794486
0.6,0.15,0.03,3,7,150,0.3,3.0,0.9,0.553849412263052
0.6,0.15,0.03,3,7,250,0.3,3.0,0.9,0.5537435137138621
0.8,0.15,0.06,2,7,150,0.3,8.0,0.75,0.553619965406474
0.6,0.0,0.06,3,4,150,0.3,8.0,0.9,0.553567016131879
0.8,0.15,0.06,2,4,250,1.0,8.0,0.75,0.553567016131879
0.8,0.0,0.03,2,7,250,0.3,3.0,0.9,0.5535493663736807
0.8,0.0,0.06,3,4,150,0.3,8.0,0.75,0.5534081683080943
0.6,0.15,0.06,3,4,250,0.3,8.0,0.9,0.5532140209679127
0.8,0.0,0.06,3,7,150,1.0,3.0,0.9,0.5532140209679127
0.8,0.0,0.06,3,7,150,0.3,3.0,0.75,0.5532140209679127
0.6,0.0,0.06,2,4,150,1.0,8.0,0.75,0.5531081224187229
0.6,0.0,0.06,2,4,150,1.0,3.0,0.75,0.5530198736277313
0.8,0.0,0.06,3,7,250,1.0,8.0,0.75,0.5528786755621448
0.6,0.15,0.06,3,4,250,0.3,3.0,0.75,0.5528786755621448
0.6,0.0,0.03,2,4,150,0.3,3.0,0.9,0.5527904267711532
0.8,0.15,0.03,3,7,150,1.0,3.0,0.75,0.5527374774965583
0.6,0.15,0.03,3,7,250,0.3,3.0,0.75,0.5527374774965583
0.6,0.15,0.06,2,4,250,1.0,8.0,0.75,0.5525433301563768
0.8,0.0,0.03,3,4,150,1.0,3.0,0.75,0.5525080306399802
0.8,0.15,0.03,2,4,250,1.0,8.0,0.9,0.5524903808817819
0.8,0.0,0.06,2,4,150,1.0,3.0,0.9,0.552437431607187
0.6,0.15,0.03,3,4,250,0.3,3.0,0.9,0.5522256345088072
0.6,0.15,0.03,2,4,150,0.3,8.0,0.9,0.5521726852342124
0.6,0.15,0.06,3,7,150,0.3,3.0,0.9,0.551872639344841
0.8,0.15,0.06,2,7,250,0.3,8.0,0.75,0.551819690070246
0.8,0.15,0.06,2,4,150,0.3,3.0,0.9,0.551819690070246
0.8,0.0,0.03,2,4,150,1.0,8.0,0.9,0.5516784920046596
0.8,0.15,0.03,2,7,150,0.3,3.0,0.9,0.5516078929718663
0.6,0.15,0.06,2,7,250,0.3,8.0,0.9,0.5515019944226764
0.6,0.15,0.06,3,7,150,0.3,8.0,0.9,0.5508666031275371
0.6,0.15,0.06,3,4,250,1.0,8.0,0.75,0.5508136538529422
0.6,0.0,0.03,2,4,250,1.0,3.0,0.9,0.5507783543365455
0.6,0.0,0.06,3,4,150,0.3,3.0,0.75,0.5507607045783472
0.8,0.0,0.03,3,7,250,1.0,3.0,0.9,0.5505489074799675
0.6,0.15,0.03,3,4,250,0.3,8.0,0.9,0.5504959582053726
0.8,0.15,0.03,2,4,250,1.0,8.0,0.75,0.5503900596561827
0.6,0.0,0.06,3,7,250,1.0,3.0,0.9,0.5502135620741996
0.6,0.0,0.03,3,7,150,1.0,3.0,0.9,0.5501959123160013
0.8,0.0,0.06,3,4,250,0.3,3.0,0.75,0.5499311659430266
0.6,0.15,0.03,2,7,150,0.3,3.0,0.9,0.5499311659430266
0.8,0.0,0.06,3,4,250,1.0,3.0,0.9,0.5498605669102333
0.8,0.0,0.06,3,7,150,0.3,8.0,0.9,0.5498605669102333
0.6,0.0,0.06,2,7,150,1.0,3.0,0.75,0.5498252673938366
0.8,0.0,0.03,2,7,150,1.0,8.0,0.75,0.5498076176356383
0.8,0.0,0.06,2,4,150,0.3,3.0,0.9,0.5497723181192418
0.6,0.0,0.03,2,4,150,0.3,8.0,0.9,0.5497546683610435
0.8,0.15,0.06,3,7,250,1.0,3.0,0.9,0.5497193688446469
0.6,0.0,0.06,3,4,150,1.0,8.0,0.75,0.5495252215044654
0.8,0.0,0.03,3,4,250,1.0,3.0,0.9,0.5493663736806806
0.8,0.15,0.06,2,4,250,1.0,3.0,0.9,0.5493134244060857
0.8,0.15,0.03,2,7,150,0.3,3.0,0.75,0.5491898760986974
0.8,0.15,0.06,3,7,250,1.0,8.0,0.75,0.5491898760986974
0.6,0.0,0.03,3,7,150,1.0,8.0,0.9,0.5491545765823008
0.6,0.0,0.03,2,7,250,0.3,3.0,0.9,0.5491016273077058
0.8,0.0,0.03,2,4,250,1.0,8.0,0.75,0.5488192311765329
0.6,0.0,0.03,3,7,250,0.3,8.0,0.75,0.5485368350453599
0.6,0.0,0.03,3,4,250,1.0,3.0,0.75,0.54843093649617
0.6,0.15,0.03,2,4,150,1.0,8.0,0.75,0.54843093649617
0.8,0.15,0.06,2,4,150,0.3,8.0,0.75,0.5483603374633768
0.8,0.15,0.03,3,7,150,0.3,3.0,0.9,0.548148540364997
0.8,0.15,0.03,2,7,250,1.0,8.0,0.75,0.5481308906067988
0.8,0.15,0.06,3,4,150,0.3,8.0,0.9,0.5480779413322038
0.6,0.0,0.03,2,4,250,0.3,8.0,0.75,0.5479720427830138
0.8,0.15,0.03,2,7,150,1.0,3.0,0.75,0.5479720427830138
0.8,0.0,0.06,3,4,250,1.0,8.0,0.9,0.5479190935084189
0.6,0.0,0.06,3,4,250,1.0,8.0,0.9,0.5477425959264358
0.6,0.15,0.03,2,7,150,1.0,8.0,0.75,0.5474601997952628
0.6,0.0,0.06,2,4,250,1.0,3.0,0.9,0.5473190017296763
0.6,0.15,0.06,3,7,150,0.3,8.0,0.75,0.5470189558403049
0.8,0.15,0.03,2,4,250,0.3,8.0,0.75,0.5469130572911152
0.6,0.0,0.03,2,7,150,1.0,3.0,0.9,0.5468601080165202
0.8,0.15,0.06,3,4,250,1.0,3.0,0.75,0.5467895089837269
0.6,0.0,0.03,3,7,250,0.3,3.0,0.9,0.5467895089837269
0.8,0.0,0.03,2,4,250,1.0,8.0,0.9,0.5467365597091319
0.8,0.0,0.06,2,4,250,1.0,8.0,0.75,0.5466836104345371
0.8,0.0,0.06,2,7,250,0.3,3.0,0.75,0.5466306611599421
0.8,0.15,0.03,2,4,150,1.0,3.0,0.75,0.5465777118853472
0.6,0.0,0.06,3,7,150,0.3,8.0,0.75,0.546454163577959
0.6,0.15,0.03,2,4,250,1.0,8.0,0.9,0.546454163577959
0.6,0.15,0.06,3,4,150,0.3,8.0,0.9,0.5464012143033641
0.6,0.0,0.03,3,4,150,1.0,3.0,0.9,0.5463482650287691
0.6,0.15,0.03,3,4,150,1.0,3.0,0.9,0.546118818172191
0.6,0.15,0.06,3,7,250,1.0,3.0,0.75,0.5460835186557944
0.6,0.0,0.06,3,7,150,1.0,8.0,0.75,0.5460658688975961
0.6,0.15,0.06,2,4,150,1.0,8.0,0.75,0.545783472766423
0.8,0.15,0.06,3,7,150,1.0,8.0,0.9,0.545783472766423
0.8,0.0,0.06,3,4,150,1.0,3.0,0.9,0.5455187263934484
0.8,0.15,0.03,3,4,250,0.3,8.0,0.75,0.5454481273606552
0.8,0.0,0.03,2,4,150,1.0,3.0,0.9,0.5454128278442585
0.6,0.15,0.03,3,4,150,0.3,3.0,0.9,0.5453598785696636
0.6,0.0,0.06,3,4,250,0.3,8.0,0.9,0.5452363302622754
0.6,0.0,0.06,2,4,250,0.3,8.0,0.75,0.5452363302622754
0.6,0.0,0.06,3,7,250,0.3,3.0,0.75,0.5452363302622754
0.6,0.0,0.03,3,4,250,0.3,3.0,0.75,0.5451127819548872
0.6,0.0,0.06,2,4,250,1.0,8.0,0.75,0.5449715838893007
0.6,0.15,0.03,2,4,250,0.3,8.0,0.9,0.5449539341311024
0.8,0.0,0.03,2,7,250,1.0,8.0,0.75,0.5447950863073177
0.8,0.0,0.06,2,7,250,1.0,3.0,0.75,0.5447244872745244
0.8,0.15,0.03,2,4,150,1.0,8.0,0.75,0.5446185887253344
0.6,0.15,0.03,2,4,250,0.3,3.0,0.75,0.5446185887253344
0.6,0.15,0.03,3,4,150,1.0,8.0,0.9,0.5446185887253344
0.8,0.0,0.03,3,7,250,1.0,8.0,0.9,0.5444420911433514
0.8,0.15,0.03,2,7,250,1.0,8.0,0.9,0.5443891418687564
0.8,0.15,0.03,3,4,250,1.0,3.0,0.75,0.5443891418687564
0.8,0.0,0.06,3,7,250,1.0,3.0,0.75,0.5441773447703766
0.6,0.15,0.06,2,4,150,1.0,3.0,0.9,0.5441243954957817
0.6,0.0,0.06,2,7,150,0.3,3.0,0.9,0.5440184969465918
0.8,0.15,0.06,2,7,250,1.0,8.0,0.75,0.5439478979137986
0.6,0.0,0.06,2,7,250,0.3,3.0,0.9,0.5438949486392036
0.8,0.0,0.06,2,4,150,0.3,3.0,0.75,0.5437714003318155
0.6,0.0,0.06,2,7,150,0.3,8.0,0.9,0.5437714003318155
0.8,0.15,0.03,3,7,250,0.3,8.0,0.75,0.5437184510572205
0.8,0.15,0.03,2,7,150,1.0,8.0,0.9,0.5435066539588408
0.6,0.0,0.06,3,7,150,0.3,8.0,0.9,0.5434360549260475
0.6,0.0,0.06,3,7,150,1.0,8.0,0.9,0.543347806135056
0.8,0.0,0.06,2,7,150,1.0,8.0,0.9,0.5433301563768576
0.6,0.15,0.03,3,4,150,1.0,8.0,0.75,0.543294856860461
0.6,0.15,0.03,3,4,150,0.3,8.0,0.75,0.5432242578276678
0.8,0.15,0.03,3,4,150,0.3,3.0,0.9,0.5431713085530728
0.6,0.15,0.06,3,7,250,1.0,8.0,0.75,0.5429948109710897
0.6,0.15,0.06,2,7,250,1.0,3.0,0.9,0.5429418616964947
0.6,0.15,0.06,3,7,150,0.3,3.0,0.75,0.5427830138727099
0.8,0.15,0.06,2,7,150,1.0,3.0,0.75,0.542730064598115
0.6,0.0,0.06,3,7,250,1.0,3.0,0.75,0.5426241660489252
0.8,0.15,0.03,3,4,150,1.0,8.0,0.9,0.5424476684669419
0.8,0.15,0.06,3,4,250,1.0,3.0,0.9,0.5423241201595538
0.6,0.0,0.03,2,7,150,0.3,3.0,0.9,0.5421652723357689
0.6,0.15,0.03,3,4,150,1.0,3.0,0.75,0.5421123230611741
0.6,0.0,0.03,2,4,150,1.0,3.0,0.9,0.5420593737865791
0.6,0.15,0.06,3,7,150,1.0,8.0,0.75,0.5419534752373892
0.8,0.0,0.03,3,7,150,0.3,8.0,0.9,0.541882876204596
0.6,0.15,0.03,3,7,150,0.3,8.0,0.75,0.5417240283808111
0.6,0.15,0.06,2,7,150,0.3,8.0,0.9,0.5417063786226128
0.6,0.0,0.06,2,4,150,0.3,3.0,0.9,0.5417063786226128
0.6,0.15,0.06,2,7,150,1.0,8.0,0.9,0.5416181298316213
0.8,0.0,0.06,2,4,150,1.0,8.0,0.75,0.5414239824914399
0.8,0.0,0.03,3,4,150,0.3,8.0,0.9,0.5413886829750433
0.8,0.15,0.06,3,7,150,0.3,8.0,0.75,0.5413710332168449
0.8,0.15,0.03,2,4,250,0.3,3.0,0.75,0.5413710332168449
0.6,0.15,0.03,2,4,150,0.3,3.0,0.9,0.54131808394225
0.8,0.15,0.03,3,4,150,1.0,3.0,0.9,0.5412827844258533
0.6,0.0,0.03,3,4,150,0.3,8.0,0.75,0.541035687811077
0.6,0.0,0.06,2,7,250,1.0,8.0,0.75,0.5407709414381023
0.6,0.0,0.03,2,7,250,0.3,8.0,0.9,0.5407003424053091
0.6,0.0,0.03,3,4,250,0.3,8.0,0.9,0.5406120936143175
0.8,0.15,0.06,3,7,150,0.3,3.0,0.75,0.5404885453069292
0.6,0.0,0.06,2,4,150,1.0,8.0,0.9,0.5403649969995411
0.6,0.15,0.06,2,4,250,0.3,8.0,0.9,0.5401531999011614
0.6,0.0,0.06,2,4,150,1.0,3.0,0.9,0.5401002506265664
0.8,0.15,0.06,2,4,250,0.3,3.0,0.9,0.5395884076388153
0.8,0.0,0.03,2,4,250,0.3,3.0,0.75,0.5395354583642205
0.8,0.15,0.06,2,7,150,0.3,3.0,0.9,0.5392707119912458
0.8,0.15,0.06,2,7,250,0.3,3.0,0.9,0.5390412651346677
0.8,0.15,0.03,2,7,250,0.3,8.0,0.9,0.5390236153764694
0.8,0.15,0.06,3,4,150,1.0,8.0,0.75,0.5389353665854778
0.6,0.0,0.03,2,7,250,1.0,3.0,0.9,0.5386882699707014
0.8,0.15,0.03,3,7,150,0.3,3.0,0.75,0.5384764728723217
0.6,0.15,0.06,2,7,250,0.3,8.0,0.75,0.5384764728723217
0.8,0.0,0.06,3,7,250,0.3,8.0,0.75,0.5383529245649334
0.8,0.0,0.03,3,7,250,0.3,3.0,0.9,0.5382646757739419
0.6,0.15,0.03,2,4,250,1.0,3.0,0.9,0.5379646298845706
0.8,0.15,0.03,3,7,150,1.0,3.0,0.9,0.5379646298845706
0.8,0.0,0.06,3,7,250,0.3,3.0,0.75,0.5378587313353806
0.8,0.0,0.06,3,4,250,1.0,3.0,0.75,0.5376292844788026
0.6,0.15,0.03,3,7,150,0.3,8.0,0.9,0.5375763352042077
0.6,0.15,0.06,3,7,150,1.0,3.0,0.75,0.5375233859296127
0.6,0.15,0.06,2,7,150,0.3,3.0,0.75,0.5374880864132161
0.6,0.0,0.03,2,7,250,0.3,8.0,0.75,0.537364538105828
0.8,0.15,0.06,3,4,250,0.3,8.0,0.9,0.537364538105828
0.6,0.15,0.06,2,7,150,1.0,8.0,0.75,0.5373468883476297
0.8,0.0,0.03,3,4,150,1.0,3.0,0.9,0.5372939390730347
0.6,0.15,0.03,3,7,250,1.0,3.0,0.9,0.5372409897984397
0.6,0.0,0.06,2,7,250,1.0,3.0,0.75,0.5369585936672667
0.8,0.0,0.03,2,4,250,1.0,3.0,0.9,0.5369585936672667
0.6,0.0,0.06,3,4,150,1.0,8.0,0.9,0.5366232482614988
0.6,0.0,0.06,2,7,150,0.3,8.0,0.75,0.5365879487451022
0.8,0.0,0.06,3,4,250,1.0,8.0,0.75,0.5364820501959123
0.6,0.15,0.03,2,4,250,1.0,8.0,0.75,0.5363585018885241
0.6,0.15,0.03,2,7,150,1.0,8.0,0.9,0.5359172579335663
0.8,0.15,0.03,2,4,150,1.0,8.0,0.9,0.5358466589007731
0.8,0.0,0.06,3,7,150,1.0,8.0,0.9,0.5357407603515831
0.6,0.15,0.06,2,4,250,1.0,8.0,0.9,0.53567016131879
0.8,0.0,0.03,2,7,250,0.3,3.0,0.75,0.5355642627696
0.6,0.0,0.03,3,4,250,1.0,8.0,0.9,0.535334815913022
0.8,0.0,0.03,3,7,150,0.3,3.0,0.75,0.535334815913022
0.8,0.0,0.03,3,4,250,1.0,3.0,0.75,0.5352995163966254
0.6,0.0,0.06,3,7,150,1.0,3.0,0.75,0.534999470507254
0.6,0.15,0.03,2,7,150,0.3,8.0,0.9,0.5343993787285114
0.8,0.15,0.06,3,7,250,0.3,3.0,0.75,0.5343464294539165
0.6,0.0,0.06,2,7,150,1.0,8.0,0.9,0.5339934342899503
0.6,0.15,0.06,3,7,250,0.3,8.0,0.75,0.5339581347735536
0.6,0.15,0.03,2,7,250,0.3,8.0,0.75,0.5337286879169756
0.6,0.15,0.03,3,7,250,0.3,8.0,0.9,0.5337286879169756
0.6,0.15,0.06,2,7,150,1.0,3.0,0.9,0.5336580888841823
0.6,0.15,0.03,2,7,150,1.0,3.0,0.75,0.5335168908185958
0.6,0.0,0.03,3,4,250,0.3,8.0,0.75,0.5334639415440009
0.6,0.15,0.03,2,7,250,1.0,3.0,0.9,0.5334462917858025
0.6,0.15,0.03,3,7,150,1.0,3.0,0.75,0.5332874439620177
0.8,0.0,0.03,2,7,150,1.0,3.0,0.75,0.5330579971054397
0.8,0.15,0.03,2,4,250,1.0,3.0,0.9,0.5330050478308447
0.8,0.15,0.03,3,4,250,0.3,3.0,0.75,0.5328991492816548
0.6,0.0,0.03,2,4,150,0.3,8.0,0.75,0.5326697024250767
0.8,0.0,0.06,3,7,150,0.3,8.0,0.75,0.5325991033922834
0.8,0.15,0.06,2,4,250,0.3,8.0,0.75,0.5325461541176886
0.6,0.0,0.03,3,7,150,0.3,8.0,0.75,0.532457905326697
0.8,0.15,0.03,2,7,150,0.3,8.0,0.9,0.5322284584701189
0.8,0.0,0.03,3,7,150,1.0,8.0,0.75,0.5320519608881358
0.8,0.0,0.06,3,4,250,0.3,3.0,0.9,0.5319990116135409
0.8,0.0,0.06,2,7,150,0.3,8.0,0.75,0.5319813618553426
0.8,0.15,0.03,3,7,250,0.3,3.0,0.75,0.5318225140315578
0.6,0.15,0.06,2,7,250,0.3,3.0,0.75,0.531663666207773
0.8,0.0,0.06,3,7,150,1.0,8.0,0.75,0.5314871686257898
0.8,0.15,0.03,3,7,150,1.0,8.0,0.9,0.5312577217692118
0.8,0.15,0.06,3,4,250,1.0,8.0,0.75,0.5312577217692118
0.6,0.0,0.03,2,4,250,1.0,3.0,0.75,0.5311694729782201
0.6,0.0,0.03,2,7,150,1.0,8.0,0.75,0.5311518232200219
0.6,0.0,0.06,2,4,250,1.0,3.0,0.75,0.5311518232200219
0.8,0.15,0.06,2,7,250,0.3,3.0,0.75,0.5308164778142539
0.6,0.15,0.06,2,7,250,1.0,8.0,0.75,0.530763528539659
0.6,0.15,0.03,2,7,150,1.0,3.0,0.9,0.5306576299904692
0.8,0.0,0.03,3,7,150,1.0,8.0,0.9,0.5304811324084859
0.8,0.15,0.06,3,7,250,0.3,8.0,0.75,0.530198736277313
0.6,0.0,0.03,3,7,250,0.3,3.0,0.75,0.5298633908715451
0.8,0.15,0.06,2,7,250,1.0,3.0,0.9,0.5297221928059586
0.6,0.0,0.03,3,7,250,0.3,8.0,0.9,0.529580994740372
0.6,0.0,0.03,3,7,250,1.0,8.0,0.9,0.5295280454657771
0.6,0.0,0.06,2,4,250,0.3,3.0,0.9,0.5295280454657771
0.6,0.15,0.03,3,4,250,1.0,8.0,0.75,0.5294221469165873
0.8,0.0,0.03,3,7,150,1.0,3.0,0.75,0.5291927000600092
0.8,0.15,0.03,3,7,150,1.0,8.0,0.75,0.5289809029616295
0.8,0.15,0.03,3,7,250,0.3,3.0,0.9,0.5289103039288361
0.8,0.15,0.06,3,4,250,0.3,8.0,0.75,0.5288044053796463
0.8,0.15,0.03,3,7,150,0.3,8.0,0.9,0.5285749585230682
0.8,0.0,0.03,3,7,250,0.3,3.0,0.75,0.5285749585230682
0.6,0.0,0.06,2,7,150,1.0,8.0,0.75,0.5284337604574817
0.8,0.15,0.06,2,4,150,1.0,8.0,0.75,0.5283808111828867
0.8,0.15,0.06,3,4,150,0.3,3.0,0.9,0.5280807652935154
0.6,0.15,0.06,2,7,250,1.0,3.0,0.75,0.5278160189205408
0.6,0.0,0.06,3,7,150,1.0,3.0,0.9,0.5277101203713509
0.6,0.0,0.03,3,7,250,1.0,8.0,0.75,0.5276395213385576
0.6,0.0,0.06,3,7,250,0.3,8.0,0.75,0.5273571252073846
0.8,0.0,0.06,3,7,250,0.3,8.0,0.9,0.5268452822196336
0.8,0.0,0.03,2,4,250,0.3,8.0,0.75,0.526809982703237
0.6,0.15,0.06,3,7,250,0.3,8.0,0.9,0.5267393836704437
0.8,0.0,0.03,2,7,250,0.3,8.0,0.9,0.5267040841540471
0.8,0.15,0.03,2,7,150,1.0,3.0,0.9,0.526421688022874
0.8,0.15,0.06,2,7,150,1.0,3.0,0.9,0.526421688022874
0.8,0.15,0.06,3,7,250,0.3,8.0,0.9,0.5262981397154859
0.6,0.0,0.06,2,7,250,0.3,8.0,0.75,0.5262275406826926
0.8,0.15,0.03,2,4,150,0.3,8.0,0.75,0.526139291891701
0.8,0.0,0.03,2,4,250,1.0,3.0,0.75,0.5261216421335028
0.8,0.0,0.03,3,4,150,0.3,8.0,0.75,0.5260686928589078
0.6,0.15,0.06,2,4,150,1.0,8.0,0.9,0.5260333933425112
0.8,0.15,0.06,3,7,150,1.0,8.0,0.75,0.5260333933425112
0.6,0.15,0.06,3,4,150,0.3,8.0,0.75,0.5260333933425112
0.6,0.0,0.03,3,7,150,0.3,3.0,0.9,0.5259804440679162
0.6,0.15,0.03,3,7,150,1.0,3.0,0.9,0.5256980479367432
0.6,0.15,0.03,3,4,250,0.3,8.0,0.75,0.5255568498711567
0.8,0.15,0.03,2,4,150,0.3,3.0,0.75,0.5254156518055703
0.6,0.15,0.06,2,7,150,0.3,8.0,0.75,0.5252391542235871
0.8,0.0,0.03,3,7,250,0.3,8.0,0.9,0.5252215044653888
0.6,0.15,0.03,3,7,250,1.0,8.0,0.75,0.5252215044653888
0.8,0.15,0.06,2,7,150,1.0,8.0,0.75,0.525062656641604
0.6,0.0,0.06,2,7,250,1.0,8.0,0.9,0.5249744078506124
0.8,0.0,0.06,2,7,250,0.3,8.0,0.75,0.5248332097850259
0.8,0.15,0.06,2,7,250,1.0,8.0,0.9,0.5247449609940343
0.6,0.0,0.03,3,7,150,0.3,3.0,0.75,0.5246390624448445
0.8,0.0,0.06,3,7,250,0.3,3.0,0.9,0.5242860672808782
0.8,0.0,0.06,2,4,250,0.3,8.0,0.75,0.5242154682480851
0.6,0.0,0.06,2,7,150,0.3,3.0,0.75,0.5241801687316884
0.8,0.0,0.06,2,7,150,1.0,3.0,0.9,0.5240213209079035
0.8,0.15,0.06,2,7,150,1.0,8.0,0.9,0.5239683716333087
0.8,0.0,0.03,2,7,150,1.0,8.0,0.9,0.5238801228423171
0.8,0.0,0.06,2,7,150,0.3,3.0,0.75,0.5237212750185323
0.8,0.0,0.03,3,7,250,1.0,8.0,0.75,0.5236330262275407
0.8,0.15,0.06,2,7,150,0.3,3.0,0.75,0.5235447774365491
0.6,0.0,0.03,2,4,150,0.3,3.0,0.75,0.5228387871086166
0.6,0.0,0.06,2,7,150,1.0,3.0,0.9,0.5228211373504182
0.6,0.0,0.03,3,4,150,1.0,8.0,0.75,0.5227152388012284
0.8,0.15,0.03,3,7,250,1.0,8.0,0.75,0.5226799392848318
0.6,0.0,0.03,2,7,150,0.3,8.0,0.9,0.5220621977478909
0.8,0.0,0.06,2,7,250,1.0,8.0,0.9,0.5209502629813971
0.8,0.0,0.03,2,7,250,0.3,8.0,0.75,0.5209502629813971
0.6,0.0,0.03,2,7,250,1.0,8.0,0.75,0.5206502170920259
0.6,0.15,0.06,3,7,250,1.0,8.0,0.9,0.5201030745878781
0.6,0.15,0.03,3,7,150,1.0,8.0,0.9,0.5199971760386883
0.8,0.0,0.03,2,7,250,1.0,3.0,0.9,0.5198206784567051
0.8,0.0,0.03,3,7,250,0.3,8.0,0.75,0.5197500794239118
0.6,0.15,0.03,2,7,250,1.0,8.0,0.9,0.5195382823255321
0.6,0.15,0.06,3,4,250,1.0,8.0,0.9,0.5192735359525574
0.8,0.15,0.06,3,7,150,1.0,3.0,0.9,0.5186557944156165
0.6,0.15,0.03,2,7,250,1.0,3.0,0.75,0.5183733982844435
0.6,0.0,0.03,3,7,150,1.0,8.0,0.75,0.5175968089237177
0.8,0.0,0.03,2,4,250,0.3,3.0,0.9,0.5171379152105616
0.8,0.15,0.03,2,7,150,0.3,8.0,0.75,0.5166437219810089
0.8,0.0,0.03,3,7,150,0.3,3.0,0.9,0.5160083306858696
0.6,0.15,0.03,3,7,250,1.0,3.0,0.75,0.5157435843128949
0.8,0.0,0.06,2,7,150,1.0,8.0,0.75,0.5156906350382999
0.6,0.0,0.03,2,7,150,0.3,3.0,0.75,0.5152493910833421
0.6,0.0,0.03,2,7,150,0.3,8.0,0.75,0.5150552437431607
0.8,0.15,0.03,2,7,250,0.3,3.0,0.75,0.5142963041406332
0.6,0.0,0.06,3,7,150,0.3,3.0,0.9,0.5141021568004518
0.6,0.0,0.06,3,7,250,1.0,8.0,0.75,0.5129019732429666
0.8,0.15,0.03,2,7,150,1.0,8.0,0.75,0.5105016061279961
0.8,0.0,0.06,3,7,250,1.0,8.0,0.9,0.509036676197536
0.6,0.0,0.03,2,7,150,1.0,3.0,0.75,0.5080129902220339
0.8,0.15,0.06,3,7,250,1.0,8.0,0.9,0.5074305482014896
0.8,0.0,0.06,3,7,150,0.3,3.0,0.9,0.5034593526068694
0.8,0.15,0.03,3,4,250,0.3,8.0,0.9,0.5010589854918988
0.6,0.15,0.03,2,7,150,0.3,8.0,0.75,0.5
