No,SMILES,label
113,CC1=CC(=CC(=C1OC2=NC(=NC(=C2)N)NC3=CC=C(C=C3)C#N)C)C#N,0
296,CC1=NN(C(=O)C1N=NC2=C(C=CC(=C2)NC3=NC(=NC(=N3)NC4=CC=C(C=C4)S(=O)(=O)[O-])Cl)S(=O)(=O)[O-])C5=CC(=C(C=C5Cl)S(=O)(=O)[O-])Cl.[Na+].[Na+].[Na+],0
663,CC1=CN(C(=O)NC1=O)C2CC(C(O2)COP(=O)(O)OC3CC(OC3COP(=O)(O)OC4CC(OC4COP(=O)(O)OC5CC(OC5COP(=O)(O)OC6CC(OC6COP(=O)(O)OC7CC(OC7COP(=O)(O)OC8CC(OC8COP(=O)(O)OC9CC(OC9COP(=O)(O)OC1CC(OC1COP(=O)(O)OC1CC(OC1COP(=O)(O)OC1CC(OC1COP(=O)(O)OC1CC(OC1CO)N1C=NC2=C(N=CN=C21)N)N1C=CC(=NC1=O)N)N1C=NC2=C(N=CN=C21)N)N1C=CC(=NC1=O)N)N1C=CC(=NC1=O)N)N1C=CC(=NC1=O)N)N1C=NC2=C(N=CN=C21)N)N1C=NC2=C(N=CN=C21)N)N1C=C(C(=O)NC1=O)C)N1C=C(C(=O)NC1=O)C)N1C=CC(=NC1=O)N)OP(=O)(O)OCC1C(CC(O1)N1C=NC2=C1N=C(NC2=O)N)OP(=O)(O)OCC1C(CC(O1)N1C=NC2=C(N=CN=C21)N)OP(=O)(O)OCC1C(CC(O1)N1C=NC2=C(N=CN=C21)N)OP(=O)(O)OCC1C(CC(O1)N1C=NC2=C(N=CN=C21)N)OP(=O)(O)OCC1C(CC(O1)N1C=NC2=C(N=CN=C21)N)OP(=O)(O)OCC1C(CC(O1)N1C=C(C(=O)NC1=O)C)OP(=O)(O)OCC1C(CC(O1)N1C=NC2=C1N=C(NC2=O)N)OP(=O)(O)OCC1C(CC(O1)N1C=NC2=C1N=C(NC2=O)N)O,0
1587,CC(=O)NC1=CC2=C(C(=C(C=C2C=C1)S(=O)(=O)[O-])N=NC3=CC=C(C=C3)S(=O)(=O)CCOS(=O)(=O)[O-])O.[Na+].[Na+],0
1812,CCCCCCCCCCCC(=O)OC1(C(C(C(C(O1)CO)O)O)O)C2(C(C(C(O2)CO)O)O)CO,0
1815,C1=CC(=CC=C1[N+](=O)[O-])Cl,1
1860,C(C1C2C(C(C(O1)OC3C(OC(C(C3O)O)OC4C(OC(C(C4O)O)OC5C(OC(C(C5O)O)OC6C(OC(C(C6O)O)OC7C(OC(O2)C(C7O)O)CO)CO)CO)CO)CO)O)O)O,0
1874,Cl[In](Cl)Cl,0
1883,[O-]S(=O)(=O)[O-].[O-]S(=O)(=O)[O-].[O-]S(=O)(=O)[O-].[Fe+3].[Fe+3],0
1944,C1=CC(=CC=C1CC2=CC=C(C=C2)N)N,0
1945,C1=CC(=CC=C1N)OC2=CC=C(C=C2)N,1
2144,C1=CC(=CC=C1N=C=O)Cl,0
2204,[O-]S(=O)(=O)[O-].[O-]S(=O)(=O)[O-].[O-]S(=O)(=O)[O-].[Rh+3].[Rh+3],1
2243,[N+](=O)([N+](=O)[O-])[O-],1
2253,[O-][Cr](=O)(=O)O[Cr](=O)(=O)[O-].[Na+].[Na+],1
2282,C1=CC(=O)C=CC1=O,1
2294,CC(=C)C(=O)OCC1CO1,1
2300,C=CC=C,1
2301,COC(=O)NC1=NC2=CC=CC=C2N1,1
2328,CCCC[Sn](CCCC)(OC)OC,1
2338,CCCCN(C1CC(N(C(C1)(C)C)C)(C)C)C2=NC(=NC(=N2)NCCCN(CCN(CCCNC3=NC(=NC(=N3)N(CCCC)C4CC(N(C(C4)(C)C)C)(C)C)N(CCCC)C5CC(N(C(C5)(C)C)C)(C)C)C6=NC(=NC(=N6)N(CCCC)C7CC(N(C(C7)(C)C)C)(C)C)N(CCCC)C8CC(N(C(C8)(C)C)C)(C)C)C9=NC(=NC(=N9)N(CCCC)C1CC(N(C(C1)(C)C)C)(C)C)N(CCCC)C1CC(N(C(C1)(C)C)C)(C)C)N(CCCC)C1CC(N(C(C1)(C)C)C)(C)C,0
2366,CC(CCCC(C)(C)O)CC=O,0
2368,CC(=CC=O)C,0
2374,CC(COC)O,0
2456,C1CCC(=O)CC1,1
2457,C1=CC=C(C=C1)O,1
2466,[Li+].[Li+].[Li+].C1=CC=C(C=C1)N=NC2=C(C3=C(C(=C(C=C3C=C2S(=O)(=O)[O-])S(=O)(=O)[O-])N=NC4=CC(=C(C=C4)NC5=CC=C(C=C5)N=NC6=C(C=C(C=C6)O)N)S(=O)(=O)[O-])N)O,0
2501,C1=CC=C(C=C1)NC(=O)C2=CC3=CC=CC=C3C(=C2[O-])N=NC4=C(C(=CC(=C4)[N+](=O)[O-])[N+](=O)[O-])[O-].C1=CC=C(C=C1)NC(=O)C2=CC3=CC=CC=C3C(=C2[O-])N=NC4=C(C(=CC(=C4)[N+](=O)[O-])[N+](=O)[O-])[O-].[NH4+].[Cr+3],0
2514,C1=COC=C1,1
2516,CC(C)(C)OOC(C)(C)C,1
2523,C=CC(=O)NCNC(=O)C=C,1
2605,CCCCCCC=C,1
2673,CCOCCOCCOC(=O)C,0
2675,CCCCCCCCCCCCN(C)C,0
2687,CCCCCCCCCCC=C,1
2700,CCCCCCCCCCCCCCCCN(C)C,0
2713,C1COS(=O)(=O)C1,1
2751,C1=CC=C(C=C1)C(=O)C2=C(C(=C(C=C2)O)O)O,1
2800,COC(=O)C1=CC2=C(CC(=O)N2C(=O)CCl)C=C1,0
2880,C1=C(C=C(C(=C1Br)O)Br)Br,0
2983,C1=CC=C(C(=C1)O)O,1
2993,[O-2].[O-2].[O-2].[Al+3].[La+3],0
3003,B([O-])([O-])[O-].B([O-])([O-])[O-].B([O-])([O-])[O-].B([O-])([O-])[O-].B([O-])([O-])[O-].[Na+],0
3112,[N+](=O)([O-])[O-].[OH-].[OH-].[OH-].[Cu+2].[Cu+2],0
3221,CC(=O)C(C(=O)NC1=CC=CC=C1)N=NC2=C(C=C(C=C2)S(=O)(=O)[O-])[N+](=O)[O-].CC(=O)C(C(=O)NC1=CC=CC=C1)N=NC2=C(C=C(C=C2)S(=O)(=O)[O-])[N+](=O)[O-].[Ca+2],0
3242,C1=CC(=CC=C1N)O,1
3243,C1=CC(=CC=C1O)O,1
3397,CN(C)C=NC1=CC(=C(C=C1C#N)[N+](=O)[O-])OC,1
3481,CCCCCCCCCCCCCOP(OCCCCCCCCCCCCC)OC1=C(C=C(C(=C1)C)C(CCC)C2=CC(=C(C=C2C)OP(OCCCCCCCCCCCCC)OCCCCCCCCCCCCC)C(C)(C)C)C(C)(C)C,0
3592,O=[Cu],0
3606,O[Al]=O,0
3623,COC(C(C(F)(F)F)(C(F)(F)F)F)(C(C(F)(F)F)(F)F)F,0
3628,C1C(O1)COCC(COCC2CO2)OCC3CO3,1
3631,C1=CC=C(C=C1)NC2=CC=C(C=C2)C(=C3C=CC(=NC4=CC=CC=C4)C=C3)C5=CC=C(C=C5)NC6=CC=CC=C6.OS(=O)(=O)O,0
3632,CC1C(C(C(C(O1)OC2C(C(C(OC2OC3=CC(=C4C(=O)CC(OC4=C3)C5=CC(=C(C=C5)OC)O)O)CO)O)O)O)O)O,0
3728,CC1=CC=C(C=C1)C(=O)C2=CC=CC=C2,0
3865,CCOC(=O)NC1=CC(=CC=C1)OC(=O)NC2=CC=CC=C2,0
3956,F[Al-](F)(F)F.[Cs+],0
4033,C(CN(CC(=O)[O-])CC(=O)[O-])N(CC(=O)[O-])CC(=O)[O-].[Na+].[Na+].[Cu+2],0
4068,CCOC(=O)C,0
4189,CC(C)(C)OC(=O)NC(CC1=CC=CC=C1)CC(C(CC2=CC=CC=C2)N)O,0
4339,C(O)S(=O)[O-].[Na+],1
4360,CN(C)C(=O)NC1=CC=C(C=C1)Cl,1
4368,CC1CC(C2=C(C1(C)C)C=C(C(=C2)C(=O)C)C)(C)C,0
4387,CC(C)(C)C1=CC2=C(C(=C1)C(C)(C)C)OP(=O)(OC3=C(C2)C=C(C=C3C(C)(C)C)C(C)(C)C)O[Al]OP4(=O)OC5=C(CC6=C(O4)C(=CC(=C6)C(C)(C)C)C(C)(C)C)C=C(C=C5C(C)(C)C)C(C)(C)C.O,0
4410,[Li+].[O-]P(=O)([O-])[O-].[Fe+2],0
4449,CCCC[Sn](CCCC)(OC(=O)C=CC(=O)OC)OC(=O)C=CC(=O)OC,1
4469,CC(=C)CS(=O)(=O)[O-].[Na+],0
4507,CCN(CC)CCCNC1=NC(=NC(=N1)NC2=C3C(=C(C=C2)C4=C5C(=C(C=C4)NC6=NC(=NC(=N6)NCCCN(CC)CC)NCCCN(CC)CC)C(=O)C7=CC=CC=C7C5=O)C(=O)C8=CC=CC=C8C3=O)NCCCN(CC)CC,0
4527,CCCCC(=O)OCC(COC(=O)CCCC)(COC(=O)CCCC)COC(=O)CCCC,0
4538,C1=CC=C2C(=C1)C(=O)OC23C4=CC(=C(C(=C4OC5=C(C(=C(C=C35)Br)[O-])Br)Br)[O-])Br.C1=CC=C2C(=C1)C(=O)OC23C4=CC(=C(C(=C4OC5=C(C(=C(C=C35)Br)[O-])Br)Br)[O-])Br.C1=CC=C2C(=C1)C(=O)OC23C4=CC(=C(C(=C4OC5=C(C(=C(C=C35)Br)[O-])Br)Br)[O-])Br.[Al+3].[Al+3],0
4541,C1=C2C(=C3C=C(C(=O)C(=C3OC2=C(C(=C1Br)[O-])Br)Br)Br)C4=C(C(=C(C(=C4Cl)Cl)Cl)Cl)C(=O)[O-].C1=C2C(=C3C=C(C(=O)C(=C3OC2=C(C(=C1Br)[O-])Br)Br)Br)C4=C(C(=C(C(=C4Cl)Cl)Cl)Cl)C(=O)[O-].C1=C2C(=C3C=C(C(=O)C(=C3OC2=C(C(=C1Br)[O-])Br)Br)Br)C4=C(C(=C(C(=C4Cl)Cl)Cl)Cl)C(=O)[O-].[Al+3].[Al+3],0
4556,[H+].[H+].CCN(CC)CCCNC1=NC(=NC(=N1)NC2=CC3=CC(=C(C(=C3C=C2)[O-])N=NC4=C(C=C(C=C4)C5=CC(=C(C=C5)N=NC6=C(C=C7C=C(C=CC7=C6[O-])NC8=NC(=NC(=N8)NCCCN(CC)CC)NCCCN(CC)CC)S(=O)(=O)[O-])[O-])[O-])S(=O)(=O)[O-])NCCCN(CC)CC.CC(C(=O)O)O.CC(=O)O.[Cu+2].[Cu+2],0
4635,[Li+].CC(CNC1=C(C2=C(C=C1)NC3=C(O2)C(=C4C(=C3Cl)OC5=C(N4)C=CC(=C5S(=O)(=O)O)NCC(C)NC6=NC(=NC(=N6)NC7=CC=CC=C7S(=O)(=O)O)F)Cl)S(=O)(=O)O)NC8=NC(=NC(=N8)NC9=CC=CC=C9S(=O)(=O)O)F.[Na+],0
4720,CCOC(=O)CC(C(=O)OCC)NCCCC(C)CNC(CC(=O)OCC)C(=O)OCC,0
4760,CCCCCCCCCCCCCOC(=O)CCCCC(=O)OCCCCCCCCCCCCC,0
4835,[H+].[H+].[F-].[F-].[F-].[F-].[F-].[F-].[Ti+4],0
4844,C(C1C2C(C(C(O1)OC3C(OC(C(C3O)O)OC4C(OC(C(C4O)O)OC5C(OC(C(C5O)O)OC6C(OC(C(C6O)O)OC7C(OC(C(C7O)O)OC8C(OC(C(C8O)O)OC9C(OC(O2)C(C9O)O)CO)CO)CO)CO)CO)CO)CO)O)O)O,0
4852,CC(=O)NC(COC)C(=O)NCC1=CC=CC=C1,0
4854,C(=N)(N)S(=O)O,0
4985,C1=CC(=CC=C1NC(=NC(=NCCCCCCN=C(N)N=C(N)NC2=CC=C(C=C2)Cl)N)N)Cl.C(C(C(C(C(C(=O)O)O)O)O)O)O.C(C(C(C(C(C(=O)O)O)O)O)O)O,0
4998,CC(=C)C(=O)OCCC[Si](C)(C)O[Si](C)(C)CCCOC(=O)C(=C)C,0
5017,C(C(=O)O)C(CC(=O)[O-])(C(=O)[O-])O.[Ni+2],1
5020,CCCCC(CC)COC1=CC(=C(C=C1)C2=NC(=NC(=N2)C3=CC=C(C=C3)OC)C4=C(C=C(C=C4)OCC(CC)CCCC)O)O,0
5137,CCCCC(CC)C(=O)[O-].CCCCC(CC)C(=O)[O-].[Fe+2],0
5230,CCCCCOC(=O)C1=CC=CC=C1O,0
5259,O.O.O.Cl[Rh](Cl)Cl,1
5261,CC(C)(C(=O)Br)Br,1
5398,C1C=CS(=O)(=O)O1,1
5445,C1C(O1)COCCOCC2CO2,1
5478,CCOC(=O)C1C(CCCC1(C)C)C,0
5490,C(C(=O)[O-])C(CC(=O)[O-])(C(=O)[O-])O.[Ni+3],1
5540,CC(CNCCN)C[Si](C)(OC)OC,0
5563,CCCC[O-].[Na+],0
5621,CCN(CC)C1=CC(=C(C=C1)N=NC2=C(C=C(C=C2[N+](=O)[O-])[N+](=O)[O-])C#N)NC(=O)C,1
5674,CCCCC(CC)C(=O)[O-].CCCCC(CC)C(=O)[O-].CCCCC(CC)C(=O)[O-].[Ce+3],0
5740,CCCC=CC,1
5747,CO[Si](CCCOCC1CO1)(OC)OC,1
5755,CC(CO)OCC(C)O,0
5853,C1=CC=C(C=C1)C(=O)NC2=CC3=CC(=C(C(=C3C=C2)O)N=NC4=CC=C(C=C4)N=NC5=CC=C(C=C5)S(=O)(=O)[O-])S(=O)(=O)[O-].[Na+].[Na+],0
5882,CCCCCCCCC=CCCCCCCCC(=O)OCC(CC)CCCC,0
5915,CC(C)(C)C1=CC(=C(C=C1)OP2OCC3(CO2)COP(OC3)OC4=C(C=C(C=C4)C(C)(C)C)C(C)(C)C)C(C)(C)C,0
5919,CCC(=C)C,1
5936,C1N(CN(CN(CN1[N+](=O)[O-])[N+](=O)[O-])[N+](=O)[O-])[N+](=O)[O-],0
5940,CC1=CC(=C(C=C1)N)N.CC1=C(C(=CC=C1)N)N,1
5949,CCCCCCCCCCCCCCCCC=C,1
5967,CCCCCCCCOC1=CC(=C(C=C1)C2=NC(=NC(=N2)C3=C(C=C(C=C3)C)C)C4=C(C=C(C=C4)C)C)O,0
5997,C1C(O1)COC2=CC3=C(C=C2)C(=CC=C3)OCC4CO4,1
6008,C(N(CP(=O)([O-])[O-])CP(=O)([O-])[O-])P(=O)([O-])[O-].[K+].[K+].[K+].[K+].[K+].[K+],0
6010,CCCCC(CC)C(=O)O[Sn](CCCC)(CCCC)OC(=O)C(CC)CCCC,1
6063,CC(=O)NC1=C(C=CC(=C1)N(CCC#N)CCOC(=O)C)N=NC2=C(C=C(C=C2)[N+](=O)[O-])Cl,0
6079,CC(=C)C(=O)OCCN(C)C,0
6085,C1C(O1)CN(CC2CO2)C3=CC=C(C=C3)CC4=CC=C(C=C4)N(CC5CO5)CC6CO6,1
6117,CCCCC(CC)COC(=O)CCC(=O)OCC(CC)CCCC,0
6121,CCOP(=S)(OCC)OC1=NC(=C(C=C1Cl)Cl)Cl,0
6218,C[N+](C)(C)CC1CO1.[Cl-],1
6238,C12(C(C(C(C(C1(F)F)(F)F)(F)F)(F)F)(C(C(C(C2(F)F)(F)F)(F)F)(F)F)F)F,0
6319,CCCCCCCCCCCCCCCCCC(=O)OCC(CO)O,0
6341,C[Si]([O-])([O-])[O-].[K+].[K+].[K+],0
6357,C#CCOCCOCCOCCOCCOCCOCCOCCOCCOCCOCCOCCOCCOCCO,0
6383,CSCCC=O,1
6398,CN(C1CCCCC1)S(=O)(=O)C2=CC=CC=C2N=NC3=C(C=CC4=CC(=CC(=C43)O)S(=O)(=O)[O-])N.[Na+],0
6487,CCCCC(CC)COP(=O)(O)OCC(CC)CCCC.CCCCC(CC)COP(=O)(O)OCC(CC)CCCC.CCCCC(CC)COP(=O)(O)OCC(CC)CCCC.[Nd],0
6547,CC1=NN(C(=O)C1N=NC2=C(C=C(C=C2)C3=CC(=C(C=C3)N=NC4C(=NN(C4=O)C5=CC=CC=C5)C)Cl)Cl)C6=CC=CC=C6,0
6581,C1=CC=C(C=C1)N=NC2=C(C3=C(C=C(C=C3C=C2S(=O)(=O)[O-])S(=O)(=O)[O-])N)O.[Na+].[Na+],0
6596,CC(CCC=C(C)C)CC#N,0
6611,CC(=O)NC1=CC(=C(C=C1N=NC2=C(C=C(C=C2Br)[N+](=O)[O-])[N+](=O)[O-])OC)N(CCOC(=O)C)CCOC(=O)C,0
6640,CC1C(=O)C(=C(O1)C)O,1
6672,CC(CN(CC(C)O)C1=NC(=NC(=N1)NC2=C(C=CC(=C2)S(=O)(=O)[O-])S(=O)(=O)[O-])NC3=CC(=C(C=C3)C=CC4=C(C=C(C=C4)NC5=NC(=NC(=N5)N(CC(C)O)CC(C)O)NC6=C(C=CC(=C6)S(=O)(=O)[O-])S(=O)(=O)[O-])S(=O)(=O)[O-])S(=O)(=O)[O-])O.[Na+].[Na+].[Na+].[Na+].[Na+].[Na+],0
6777,CC1=CC(=C(C(=C1)N2N=C3C=CC(=CC3=N2)Cl)O)C(C)(C)C,0
6794,C(C(=O)[O-])Cl.[Na+],1
6906,C1(=NC(=NC(=N1)N)N)N.OP(=O)(O)O,0
6918,C1=CC=C(C=C1)NC2=NC(=NC(=N2)N(CCO)CCO)NC3=CC(=C(C=C3)C=CC4=C(C=C(C=C4)NC5=NC(=NC(=N5)NC6=CC=CC=C6)N(CCO)CCO)S(=O)(=O)[O-])S(=O)(=O)[O-].[Na+].[Na+],0
7137,CN(CCS(=O)(=O)CCOS(=O)(=O)[O-])C1=NC(=NC(=N1)NC2=C(C3=CC(=C(C(=C3C=C2)[O-])N=NC4=CC(=C(C=C4N=NC5=C(C=CC(=C5)S(=O)(=O)[O-])[O-])OC)OC)S(=O)(=O)[O-])S(=O)(=O)[O-])F.[Na+].[Na+].[Na+].[Na+].[Cu+2],0
7171,CC1=CC(=C(C=C1)C(=O)N)O,0
7265,C(CN(CC(=O)O)CC(=O)O)N(CCO)CC(=O)O.[Na+].[Fe],0
7267,CC1(COCN1)C,0
7277,CC=C(C)C,1
7287,CC(C)OC(=O)C(C)(C)Br,1
7292,CC(=CCCC(=CC#N)C)C,1
7340,CCC(COC(=O)CCN1CC1)(COC(=O)CCN2CC2)COC(=O)CCN3CC3,1
7433,CCCCCC(CCC)COC(=O)C1=CC=CC=C1C(=O)OCC(CCC)CCCCC,0
7461,CCOC(=O)C1=NN(C2=C1CCN(C2=O)C3=CC=C(C=C3)[N+](=O)[O-])C4=CC=C(C=C4)OC,0
7471,C1CCC(CC1)N=C=NC2CCCCC2,1
7503,C[Si]1(O[Si](O[Si](O[Si](O[Si](O1)(C)C)(C)C)(C)C)(C)C)C,0
7534,C1=CC(=CC=C1N)N(CCO)CCO.OS(=O)(=O)O,0
7621,CC(=O)[O-].CC(=O)[O-].CC(=O)[O-].CC(=O)[O-].CC(=O)[O-].CC(=O)[O-].CC(=O)[O-].[Ru+3].[Ru+3].[Ru+3],0
7660,C(CN)CNCCCN,1
7668,C(CC(=O)O)C(C(=O)O)N,0
7751,C1=CC=C2C(=C1)C3=NC4=NC(=NC5=C6C=CC=CC6=C(N5)N=C7C8=CC=CC=C8C(=N7)N=C2N3)C9=CC=CC=C94,0
7753,CC(COCC(C)OC(=O)C=C)OC(=O)C=C,0
7755,CCCCC(CC)COC(=O)CS[Sn](C)(SCC(=O)OCC(CC)CCCC)SCC(=O)OCC(CC)CCCC,1
7857,CCCCC=C,1
7884,C1C(O1)CN2C(=O)N(C(=O)N(C2=O)CC3CO3)CC4CO4,1
7914,C1=CC=C(C=C1)N=NC2=CC=C(C=C2)N,1
7923,CCOC(=O)C(C)(C)Br,1
7933,CCCC1COC(O1)(CN2C=NC=N2)C3=C(C=C(C=C3)Cl)Cl,0
7971,CC1CCC23CCC(=O)C2C1(C(CC(C(C3C)O)(C)C=C)OC(=O)COS(=O)(=O)C)C,0
7991,C(C=CCO)O,0
8100,CCOC1=CC=C(C=C1)NC(=O)C,1
8144,COC(=O)C=CC(=O)OC,0
8204,C[C@]12CCC(=O)C=C1CC[C@@H]3[C@@H]2CC[C@]4([C@H]3CCC4=O)C,0
8246,CC(C)CC1CC(CCO1)(C)O,0
8249,C1=C(C=C(C(=C1N)O)Cl)[N+](=O)[O-],0
8296,CCOS(=O)(=O)OCC,1
8324,C1COCCN1CCOCCN2CCOCC2,0
8347,C(C1C(C(C(C(O1)OCC(C(C(C(CO)O)O)O)O)O)O)O)O,0
8357,CC1=C2C(=CC=C1)[N-]N=N2.[Na+],0
8503,[OH-].[OH-].[OH-].[OH-].[OH-].[O-2].[O-2].[O-2].[O-2].[O-2].[O-]P(=O)([O-])[O-].[O-]P(=O)([O-])[O-].[O-]P(=O)([O-])[O-].[O-]P(=O)([O-])[O-].[O-]P(=O)([O-])[O-].[V].[V].[V].[V].[V].[V],0
8558,C1CNCCN1.OP(=O)(O)OP(=O)(O)O,0
8575,CC1=CC(=CC(=C1)C(=O)Cl)C,0
8593,C1=CC(=C(C=C1N)N)OCCO.Cl.Cl,0
8594,CCCCCCCCOC(=O)C(C)OC1=C(C=C(C=C1)Cl)C,0
8615,CC(C)(C)C1=CC(=CC(=C1O)C(C)(C)C)CCC(=O)OCC(COC(=O)CCC2=CC(=C(C(=C2)C(C)(C)C)O)C(C)(C)C)(COC(=O)CCC3=CC(=C(C(=C3)C(C)(C)C)O)C(C)(C)C)COC(=O)CCC4=CC(=C(C(=C4)C(C)(C)C)O)C(C)(C)C,0
8718,C(CN(CC(=O)[O-])CC(=O)[O-])N(CC(=O)[O-])CC(=O)[O-].[NH4+].[NH4+].[Zn+2],0
8726,[Li+].C1(=O)C(=O)OP2(O1)(OC(=O)C(=O)O2)F.[F-],0
8729,CC(=O)N1CCN(CC1)C2=CC=C(C=C2)O,1
8878,CCCC[Sn](CCCC)(Cl)Cl,1
8936,C(CN(CC(=O)O)CC(=O)O)N(CC(=O)O)CC(=O)O.N.N.O.[Fe],0
9141,CC1=CC(=C(C=C1)NC(=O)C(C(=O)C)N=NC2=C(C=C(C=C2)C3=CC(=C(C=C3)N=NC(C(=O)C)C(=O)NC4=CC=CC=C4OC)Cl)Cl)C,0
9312,CC[N+]1(CCCC1)C.[Br-],1
9379,CC1=C(C(=O)N([N-]1)C2=CC=CC=C2)N=NC3=C(C=CC(=C3)[N+](=O)[O-])[O-].C1=CC=C2C(=C1)C=CC(=C2N=NC3=C4C=CC(=CC4=C(C=C3[O-])S(=O)(=O)[O-])[N+](=O)[O-])[O-].[Na+].[Na+].[Cr+3],0
9415,CCCCCCCCCCCCCCCCCC[N+](C)(C)CCCCCCCCCCCCCCCCCC.C1=CC=C2C(=C1)C3=NC4=NC(=NC5=C6C=CC(=CC6=C([N-]5)N=C7C8=CC=CC=C8C(=N7)N=C2[N-]3)S(=O)(=O)[O-])C9=CC=CC=C94.[Cu+2],0
9440,CCCCCCCCCCCCCCCCCC(=O)OCC(COCC(COC(=O)CCCCCCCCCCCCCCCCC)(COC(=O)CCCCCCCCCCCCCCCCC)COC(=O)CCCCCCCCCCCCCCCCC)(COC(=O)CCCCCCCCCCCCCCCCC)COC(=O)CCCCCCCCCCCCCCCCC,0
9449,C1=CC=CC=C1,1
9481,CC1=C(C=C(C=C1)C(=O)OC(C)C)N=NC2=C(C(=CC3=CC=CC=C32)C(=O)NC4=CC(=C(C=C4Cl)NC(=O)C5=CC6=CC=CC=C6C(=C5O)N=NC7=C(C=CC(=C7)C(=O)OC(C)C)C)Cl)O,0
9533,CC1=CC2=C(C=C1N=NC3C(=O)NC(=O)NC3=O)NC(=O)N2,0
9557,CC(=C(C(=O)NC1=CC=CC=C1Cl)N=NC2=C(C=CC(=C2)[N+](=O)[O-])O)O.C1=CC=C2C(=C1)C=CC(=C2N=NC3=C4C=CC(=CC4=C(C=C3O)S(=O)(=O)O)[N+](=O)[O-])O.[Na+].[Na+].[Cr],0
9774,C=CCl,1
9775,C=CF,1
9785,C1CO1,1
9822,CC1C(=C(N=N1)O)N=NC2=C(C=C(C=C2)[N+](=O)[O-])O.CC1=CC=C(C=C1)N2C(=C(C(=N2)C)N=NC3=C(C(=CC(=C3)S(=O)(=O)O)[N+](=O)[O-])O)O.[Na+].[Na+].[Cr],0
9923,[O-]Cl.[Na+],0
9944,CCCCCCCCCCCC(=O)O[Sn](CCCC)(CCCC)OC(=O)CCCCCCCCCCC,1
10007,[O-]S(=O)(=O)[O-].[Ca+2],0
10060,[O-]Br(=O)=O.[Na+],1
10075,CCCC[Sn]1(OC(=O)C=CC(=O)O1)CCCC,1
10090,CC(=C)C=C,1
10097,CC(CCl)Cl,0
10107,[NH4+].[O-][V](=O)=O,1
10131,C1=CC(=CC(=C1)S(=O)(=O)[O-])NC2=NC(=NC(=N2)Cl)NC3=C4C(=CC(=C3)S(=O)(=O)[O-])C=C(C(=C4O)N=NC5=CC=C(C=C5)S(=O)(=O)CCOS(=O)(=O)[O-])S(=O)(=O)[O-].[Na+].[Na+].[Na+].[Na+],0
10140,C(C(=O)O)Cl,1
10182,C1=CC(=C(C=C1[N+](=O)[O-])N=NC2=C(C3=C(C=C(C=C3C=C2S(=O)(=O)[O-])S(=O)(=O)[O-])NC4=NC(=NC(=N4)N)Cl)[O-])[O-].C1=CC(=C(C=C1[N+](=O)[O-])N=NC2=C(C3=C(C=C(C=C3C=C2S(=O)(=O)[O-])S(=O)(=O)[O-])NC4=NC(=NC(=N4)N)Cl)[O-])[O-].[Na+].[Na+].[Na+].[Na+].[Na+].[Cr+3],0
10231,C1=CC(=CC=C1NC2=NC(=NC(=N2)Cl)NC3=CC(=C(C=C3)N=NC4=CC5=C(C=C(C=C5C=C4S(=O)(=O)O)S(=O)(=O)O)S(=O)(=O)O)NC(=O)N)S(=O)(=O)CCOS(=O)(=O)O.[Na+].[Na+].[Na+].[Na+],0
10235,C(CNC(=S)[S-])NC(=S)[S-].C(CNC(=S)[S-])NC(=S)[S-].C(CNC(=S)[S-])NC(=S)[S-].C(CNC(=S)[S-])NC(=S)[S-].C(CNC(=S)[S-])NC(=S)[S-].C(CNC(=S)[S-])NC(=S)[S-].C(CNC(=S)[S-])NC(=S)[S-].C(CNC(=S)[S-])NC(=S)[S-].C(CNC(=S)[S-])NC(=S)[S-].C(CNC(=S)[S-])NC(=S)[S-].[Mn+2].[Mn+2].[Mn+2].[Mn+2].[Mn+2].[Mn+2].[Mn+2].[Mn+2].[Mn+2].[Zn+2],0
10265,C(CCC(=O)O)CCNC1=NC(=NC(=N1)NCCCCCC(=O)O)NCCCCCC(=O)O.C(CO)N(CCO)CCO.C(CO)N(CCO)CCO.C(CO)N(CCO)CCO,0
10280,CC1=CC=C(C=C1)NC2=C3C4=C(C=C2)N(C(=O)C=C4C5=CC=CC=C5C3=O)C,0
10314,CC1=NC(=NC(=N1)OC)NC(=O)NS(=O)(=O)C2=CC=CC=C2OCCCl,0
10523,C1CC1NC2=C3C(=NC(=N2)N)N(C=N3)C4CC(C=C4)CO.C(CC(=O)O)CC(=O)O,0
10542,CCN(CC)C1=CC(=C(C=C1)N=NC2=C(C=C(C=C2C#N)[N+](=O)[O-])C#N)C,0
10544,CCCC[Sn](CCCC)(SCCC(=O)OCCCCCCCCCCC(C)C)SCCC(=O)OCCCCCCCCCCC(C)C,1
10601,CC1CN1P(=O)(NC)N2CC2C,1
10760,CC1(CC(CC(N1)(C)C)N2CCCCCCN(C3=NC(=NC(=N3)NC(C)(C)CC(C)(C)C)N(CCCCCCN(C4=NC(=NC2=N4)NC(C)(C)CC(C)(C)C)C5CC(NC(C5)(C)C)(C)C)C6CC(NC(C6)(C)C)(C)C)C7CC(NC(C7)(C)C)(C)C)C,0
10790,C(C(C(=O)[O-])O)(C(=O)O)O.[K+],0
10810,C1=CC(=C(C(=C1)O)O)O,1
10911,CC1C=CC2(O1)C=C(CCC2C(C)C)C,0
10930,CC1=CC(=O)[N+](C(=C1N=NC2=CC=C(C=C2)N=NC3=C(C=C4C=CC(=CC4=C3O)N=NC5=C([NH+](C(=O)C(=C5C)C)C6=C[NH+]=CC=C6)O)S(=O)(=O)O)O)(CCCN(C)C)C7=C[NH+]=CC=C7.CC(C(=O)O)O.CC(C(=O)O)O,0
11130,[Tb].[Tb].[Tb].[Tb].[Tb].[Tb].[Tb].[Tb].[Tb].[Tb].[Tb].[Tb].[Tb].[Tb].[Tb].[Tb].[Tb].[Tb].[Tb].[Tb].[Tb].[Tb].[Tb].[Tb].[Tb].[Tb].[Tb].[Tb].[Tb].[Tb].[Tb].[Tb].[Tb].[Tb].[Tb].[Tb].[Tb].[Tb].[Tb].[Tb].[Tb].[Tb].[Tb].[Tb].[Tb].[Tb].[Tb].[Tb].[Tb].[Tb].[Tb].[Tb].[Tb].[Tb].[Tb].[Tb].[Tb].[Tb].[Tb].[Tb].[Tb].[Tb].[Tb].[Tb].[Tb].[Tb].[Tb].[Tb].[Tb].[Tb].[Tb].[Tb].[Tb].[Tb].[Tb].[Tb].[Tb].[Tb].[Tb].[Tb].[Tb].[Tb].[Tb].[Tb].[Tb].[Tb].[Tb].[Tb].[Tb].[Tb].[Tb].[Tb].[Tb].[Tb].[Tb].[Tb].[Tb].[Tb],0
11134,C(=O)(C(OC(C(OC(C(F)(F)F)(F)F)(F)F)(F)F)(F)F)[O-].[NH4+],0
11350,CC(=O)N(CC(CN(C1=C(C(=C(C(=C1I)C(=O)NCC(CO)O)I)C(=O)NCC(CO)O)I)C(=O)C)O)C2=C(C(=C(C(=C2I)C(=O)NCC(CO)O)I)C(=O)NCC(CO)O)I,0
11459,CC(C)CCCCCC(=O)OCC(COC(=O)CCCCCC(C)C)(COC(=O)CCCCCC(C)C)COC(=O)CCCCCC(C)C,0
11473,C1=CC(=CC(=C1)S(=O)(=O)CCOS(=O)(=O)[O-])NC2=NC(=NC(=N2)Cl)NC3=CC(=C(C=C3)S(=O)(=O)[O-])N=NC4=C(C=C5C=C(C(=C(C5=C4N)O)N=NC6=C(C7=C(C=C6)C(=CC=C7)S(=O)(=O)[O-])S(=O)(=O)[O-])S(=O)(=O)[O-])S(=O)(=O)[O-].[Na+].[Na+].[Na+].[Na+].[Na+].[Na+],0
11505,C1=CC=C(C=C1)C(=O)OCCOC(=O)C2=CC=CC=C2,0
11590,C1=CC=C(C(=C1)N)Cl,1
11593,C1=CC=C(C(=C1)N)N,1
11642,CCCCCCCCCCCCOC(=O)CCCCCCC.CCCCCCCCCCCCOC(=O)CCCCCCCCC,0
11664,CC1=CC(=C(C=C1SC2=CC(=C(C=C2C)O)C(C)(C)C)C(C)(C)C)O,0
11720,CCCCCCCCCCCCCCCCCC(=O)OC(CCCCCC)CCCCCCCCCCC(=O)OCCCCCCCCCCCCCC(C)C,0
11819,CC(C)C1=CC=C(C=C1)N,0
11820,CC(=O)C1=CC=C(C=C1)O,0
11825,CCCCCCCCSC1=NC(=NC(=N1)NC2=CC(=C(C(=C2)C(C)(C)C)O)C(C)(C)C)SCCCCCCCC,0
