feature,positive_median,negative_median,positive_mean,negative_mean,median_diff,test,p_value,n_positive,n_negative
heavy_atom_count,9.0,14.0,11.112676056338028,18.31058570660935,-5.0,mannwhitneyu,4.1303196010415694e-07,71,1861
mw,142.15399999999997,204.35699999999994,177.3561971830986,274.28598549167117,-62.202999999999975,mannwhitneyu,4.220314125031635e-06,71,1861
heteroatom_count,3.0,4.0,2.971830985915493,5.2686727565824825,-1.0,mannwhitneyu,0.00013905909126262365,71,1861
hba,2.0,3.0,2.23943661971831,3.7324019344438475,-1.0,mannwhitneyu,0.0005551697434053625,71,1861
heavy_metal_atom_count,0.0,0.0,0.09859154929577464,0.030091348737238045,0.0,mannwhitneyu,0.0014310016172450336,71,1861
hbd,0.0,1.0,0.5492957746478874,1.2009672219236969,-1.0,mannwhitneyu,0.0014750583209810686,71,1861
logp,1.3921999999999999,2.2888,1.6922797183098592,2.744122412681355,-0.8966000000000003,mannwhitneyu,0.0015405172143992474,71,1861
tpsa,37.3,43.37,35.69450704225352,62.365405695862435,-6.07,mannwhitneyu,0.002954491981732366,71,1861
rot_bonds,2.0,3.0,3.619718309859155,5.571735626007523,-1.0,mannwhitneyu,0.0030604540105284074,71,1861
metal_atom_count,0.0,0.0,0.11267605633802817,0.0445996775926921,0.0,mannwhitneyu,0.007897901555224391,71,1861
aromatic_ring_count,0.0,0.0,0.4225352112676056,0.9596990865126276,0.0,mannwhitneyu,0.007995608006520275,71,1861
formal_charge_total,0.0,0.0,0.18309859154929578,0.0999462654486835,0.0,mannwhitneyu,0.04813853856572638,71,1861
ring_count,1.0,1.0,0.8732394366197183,1.3616335303600215,0.0,mannwhitneyu,0.07082002242063613,71,1861
bb_n_genotox_alerts,1.0,0.0,0.7887323943661971,0.6861902203116604,1.0,mannwhitneyu,0.07371332719525217,71,1861
bb_n_nongenotox_alerts,0.0,0.0,0.14084507042253522,0.21493820526598603,0.0,mannwhitneyu,0.15340754111239208,71,1861
bb_n_alerts,1.0,0.0,0.9295774647887324,0.9011284255776464,1.0,mannwhitneyu,0.4944466612676651,71,1861
fraction_csp3,0.52,0.5,0.5043936591796416,0.49942005143538626,0.020000000000000018,mannwhitneyu,0.9380030050764714,71,1861
fragment_count,1.0,1.0,1.0,1.0,0.0,mannwhitneyu,1.0,71,1861
