group,feature_1,feature_2,spearman_rho,p_value,n
negative,mw,heavy_atom_count,0.9806211423246987,0.0,1302
negative,tpsa,hba,0.86511764014235,0.0,1302
negative,tpsa,heteroatom_count,0.8305873684541849,0.0,1302
negative,hba,heteroatom_count,0.8346071020443011,0.0,1302
negative,bb_n_alerts,bb_n_genotox_alerts,0.8231328707590922,8.5e-322,1302
negative,ring_count,aromatic_ring_count,0.8219227862024883,4.676e-320,1302
negative,logp,heavy_atom_count,0.7626225985746095,3.1731744300864663e-248,1302
negative,mw,logp,0.7531722722245313,1.022790158755853e-238,1302
negative,rot_bonds,heavy_atom_count,0.7123298456207702,4.0302488129260617e-202,1302
negative,mw,rot_bonds,0.69931701483084,8.89163080939684e-192,1302
negative,aromatic_ring_count,fraction_csp3,-0.6703808319038269,1.1384852437569143e-170,1302
negative,mw,heteroatom_count,0.6387071120860901,3.7461794324737065e-150,1302
negative,tpsa,hbd,0.6321147513748372,3.5041341876716834e-146,1302
negative,hba,heavy_atom_count,0.6281791115651486,7.407421873813512e-144,1302
negative,mw,hba,0.624019959797444,1.9528283585502434e-141,1302
negative,heteroatom_count,heavy_atom_count,0.5872010162426845,1.6456048292779427e-121,1302
negative,logp,rot_bonds,0.5628899867956115,1.07448837524213e-109,1302
negative,tpsa,heavy_atom_count,0.5458141252770475,5.76951368171063e-102,1302
negative,bb_n_alerts,bb_n_nongenotox_alerts,0.5410834246713044,6.679581529731284e-100,1302
negative,mw,tpsa,0.5346196321783184,3.906032346040601e-97,1302
negative,ring_count,heavy_atom_count,0.5199353971501451,4.562143013877066e-91,1302
negative,aromatic_ring_count,heavy_atom_count,0.5151747155919829,3.657597519664576e-89,1302
negative,ring_count,fraction_csp3,-0.4903114586160506,1.0754919423774325e-79,1302
negative,mw,aromatic_ring_count,0.4895100246599314,2.108592840689462e-79,1302
negative,mw,ring_count,0.48273593460702824,5.815183178957701e-77,1302
negative,hba,rot_bonds,0.47554777998713815,1.9726045772356826e-74,1302
negative,heteroatom_count,bb_n_alerts,0.47369927332496325,8.63141715773274e-74,1302
negative,mw,bb_n_alerts,0.4648828773635458,8.709184754505118e-71,1302
negative,heteroatom_count,bb_n_genotox_alerts,0.4643779838593498,1.286338775116756e-70,1302
negative,hbd,heteroatom_count,0.4554966181473069,1.1035529333503418e-67,1302
negative,heavy_atom_count,bb_n_alerts,0.45473419572170193,1.9525334043644495e-67,1302
negative,aromatic_ring_count,bb_n_genotox_alerts,0.419829111127824,9.662145143248006e-57,1302
negative,aromatic_ring_count,heteroatom_count,0.401779010540944,1.0989085176236139e-51,1302
negative,hbd,hba,0.39833496646636446,9.349300953823881e-51,1302
negative,ring_count,bb_n_genotox_alerts,0.3895149000509255,2.0062975738117334e-48,1302
negative,tpsa,rot_bonds,0.37925582546841907,8.44016507495311e-46,1302
negative,hba,bb_n_alerts,0.3729724253772247,3.0737151174230486e-44,1302
negative,hba,aromatic_ring_count,0.37107387408150505,8.967666947224886e-44,1302
negative,tpsa,aromatic_ring_count,0.3699100539738455,1.7226670290062381e-43,1302
negative,tpsa,bb_n_alerts,0.36899418220173585,2.8741013412273005e-43,1302
negative,tpsa,bb_n_genotox_alerts,0.3591638368479877,6.303808212370994e-41,1302
negative,aromatic_ring_count,bb_n_alerts,0.3590823657911683,6.586654029266057e-41,1302
negative,hba,bb_n_genotox_alerts,0.35750170414926935,1.539557058118495e-40,1302
negative,mw,bb_n_genotox_alerts,0.3565236508939073,2.5972199264376484e-40,1302
negative,heavy_atom_count,bb_n_genotox_alerts,0.3557921544007434,3.835735785480685e-40,1302
negative,hba,ring_count,0.3554100516789581,4.7003257448418775e-40,1302
negative,logp,aromatic_ring_count,0.3528817948740391,1.7914189960552915e-39,1302
negative,rot_bonds,heteroatom_count,0.3507916913877498,5.365158840120614e-39,1302
negative,logp,ring_count,0.34825122643386747,2.0127433552408315e-38,1302
negative,ring_count,heteroatom_count,0.3445128274498054,1.3777889050172095e-37,1302
negative,ring_count,bb_n_alerts,0.33148411244797016,9.178672163501132e-35,1302
negative,fraction_csp3,bb_n_genotox_alerts,-0.3255317608863612,1.6146880731571223e-33,1302
negative,rot_bonds,fraction_csp3,0.32511623029905107,1.967843916340699e-33,1302
negative,logp,bb_n_alerts,0.3247199050148066,2.3757319275724923e-33,1302
negative,logp,bb_n_nongenotox_alerts,0.3187784528539669,3.8693478932986275e-32,1302
negative,tpsa,ring_count,0.31315554648879423,5.123637368794284e-31,1302
negative,mw,bb_n_nongenotox_alerts,0.30529399760053055,1.7301537284054057e-29,1302
negative,heavy_atom_count,bb_n_nongenotox_alerts,0.2803192260985232,6.183210807804572e-25,1302
negative,rot_bonds,bb_n_alerts,0.26445055114961596,2.8322591999405535e-22,1302
negative,hbd,aromatic_ring_count,0.2476466550945362,1.2018206056954676e-19,1302
negative,heteroatom_count,fraction_csp3,-0.23826569959605223,2.908897326099046e-18,1302
negative,rot_bonds,bb_n_nongenotox_alerts,0.23766194533784551,3.554558499942513e-18,1302
negative,fraction_csp3,bb_n_alerts,-0.23745456292276237,3.807439741152195e-18,1302
negative,tpsa,fraction_csp3,-0.21740234331184088,2.1546585867051083e-15,1302
negative,hbd,bb_n_genotox_alerts,0.20879305528316128,2.7256260034626472e-14,1302
negative,mw,hbd,0.1978753436267655,5.826810831399821e-13,1302
negative,hbd,heavy_atom_count,0.19671323302974306,7.990714528382386e-13,1302
negative,heteroatom_count,bb_n_nongenotox_alerts,0.18754311149934114,9.023662002286725e-12,1302
negative,logp,bb_n_genotox_alerts,0.17721667428656349,1.1991303179655417e-10,1302
negative,hbd,ring_count,0.16833790279204763,9.83849407401661e-10,1302
negative,logp,hbd,-0.16151960494606182,4.59875704757798e-09,1302
negative,hbd,rot_bonds,0.15875521147410157,8.438250498620783e-09,1302
negative,logp,hba,0.1435268051693532,1.9834028833799346e-07,1302
negative,hbd,bb_n_alerts,0.14310237086568706,2.1561418685846784e-07,1302
negative,logp,heteroatom_count,0.1389013412349478,4.863904649653409e-07,1302
negative,hba,bb_n_nongenotox_alerts,0.13427991949978899,1.1583164777185916e-06,1302
negative,rot_bonds,bb_n_genotox_alerts,0.1280031302276381,3.597031434107347e-06,1302
negative,tpsa,bb_n_nongenotox_alerts,0.1269652071342104,4.316619309329928e-06,1302
negative,hba,fraction_csp3,-0.10942629739575349,7.604028497137435e-05,1302
negative,hbd,fraction_csp3,-0.10885608426481296,8.291724086225436e-05,1302
negative,mw,fraction_csp3,-0.06864291529183952,0.013234271199038056,1302
negative,rot_bonds,aromatic_ring_count,0.06468348027198685,0.01958565637150777,1302
negative,fraction_csp3,heavy_atom_count,-0.06388077556576273,0.021157284597523543,1302
negative,rot_bonds,ring_count,-0.058867932196743904,0.03367454012468363,1302
negative,aromatic_ring_count,bb_n_nongenotox_alerts,0.05885336989579299,0.03371858011740189,1302
negative,ring_count,bb_n_nongenotox_alerts,0.056479171292120656,0.041587902830909615,1302
negative,logp,tpsa,0.039012418864017046,0.15946360743955093,1302
negative,hbd,bb_n_nongenotox_alerts,-0.03860026465494546,0.16392134144188222,1302
negative,logp,fraction_csp3,0.03356817748962744,0.2261153786955007,1302
negative,bb_n_genotox_alerts,bb_n_nongenotox_alerts,0.030701358602407865,0.2682933586949408,1302
negative,fraction_csp3,bb_n_nongenotox_alerts,0.02970432832735849,0.28415361237669295,1302
positive,mw,heavy_atom_count,0.9336266503029349,1.1240354128596306e-73,163
positive,bb_n_alerts,bb_n_genotox_alerts,0.9187309001030852,7.341839598971146e-67,163
positive,tpsa,hba,0.8832957572896283,7.62808687724823e-55,163
positive,hba,heteroatom_count,0.8267184535298617,4.606765877892747e-42,163
positive,tpsa,heteroatom_count,0.8086929704931036,6.107742315016263e-39,163
positive,mw,heteroatom_count,0.805336217728601,2.142028472631161e-38,163
positive,hba,heavy_atom_count,0.7724314774490211,1.4641380077177063e-33,163
positive,rot_bonds,heavy_atom_count,0.7683694122760243,5.08334849756557e-33,163
positive,mw,hba,0.7521614527577488,5.72571040448718e-31,163
positive,ring_count,heavy_atom_count,0.74092638382566,1.2283002832163946e-29,163
positive,hba,rot_bonds,0.7339537691064965,7.611994696443476e-29,163
positive,heteroatom_count,heavy_atom_count,0.7299953757800098,2.090388384422217e-28,163
positive,mw,rot_bonds,0.7165407034024025,5.692190095943588e-27,163
positive,ring_count,aromatic_ring_count,0.7144058966319529,9.448224976679507e-27,163
positive,tpsa,heavy_atom_count,0.7007178044365516,2.18774824118244e-25,163
positive,logp,heavy_atom_count,0.680071300549594,1.8109980962913873e-23,163
positive,tpsa,hbd,0.6709012190340954,1.148946118508943e-22,163
positive,mw,ring_count,0.668116516560871,1.9875755414084844e-22,163
positive,mw,tpsa,0.6573563423205738,1.5647107269430386e-21,163
positive,logp,aromatic_ring_count,0.6474829575612483,9.662558706372172e-21,163
positive,mw,logp,0.6354017001836403,8.199737260143813e-20,163
positive,tpsa,rot_bonds,0.6350499202594909,8.714205244064726e-20,163
positive,aromatic_ring_count,heavy_atom_count,0.6288385817036001,2.5195361944855566e-19,163
positive,logp,ring_count,0.6107136655807113,4.889768189516368e-18,163
positive,rot_bonds,heteroatom_count,0.5981483987168119,3.426498809165102e-17,163
positive,mw,aromatic_ring_count,0.5568629657864413,1.1717448158650658e-14,163
positive,hbd,heteroatom_count,0.47197183487154687,2.0178629888789092e-10,163
positive,aromatic_ring_count,bb_n_genotox_alerts,0.4694379844391323,2.595635173593282e-10,163
positive,aromatic_ring_count,bb_n_alerts,0.4690911309902891,2.686229768218423e-10,163
positive,heteroatom_count,bb_n_alerts,0.4593397046053833,6.938652250708744e-10,163
positive,hba,ring_count,0.45908287618527954,7.111403996558252e-10,163
positive,hbd,aromatic_ring_count,0.45240366754968175,1.3385183937559597e-09,163
positive,bb_n_alerts,bb_n_nongenotox_alerts,0.44664054107414985,2.2851093367190648e-09,163
positive,heavy_atom_count,bb_n_alerts,0.43958477883670466,4.339716415567412e-09,163
positive,tpsa,aromatic_ring_count,0.4366123409542043,5.661351808439025e-09,163
positive,heavy_atom_count,bb_n_genotox_alerts,0.43431000790460794,6.94367573959905e-09,163
positive,hbd,hba,0.42892363714841664,1.1129288461838839e-08,163
positive,ring_count,bb_n_alerts,0.4266626328904782,1.353339678690805e-08,163
positive,logp,rot_bonds,0.4229658614000076,1.857579189912999e-08,163
positive,mw,bb_n_alerts,0.4223223032099593,1.9621078192449683e-08,163
positive,aromatic_ring_count,fraction_csp3,-0.4182787088994172,2.7604208083817097e-08,163
positive,ring_count,heteroatom_count,0.41707399328409706,3.053292201638669e-08,163
positive,heteroatom_count,bb_n_genotox_alerts,0.4159990853489377,3.339626470118911e-08,163
positive,ring_count,bb_n_genotox_alerts,0.4053554303727091,7.977934340650697e-08,163
positive,mw,bb_n_genotox_alerts,0.395335473675581,1.762262210465716e-07,163
positive,hba,bb_n_genotox_alerts,0.3933363447995094,2.0577494625491257e-07,163
positive,tpsa,ring_count,0.38901125095363714,2.867687512108235e-07,163
positive,hbd,heavy_atom_count,0.38663453949306137,3.434516978776365e-07,163
positive,aromatic_ring_count,heteroatom_count,0.3828363650739462,4.568520926628112e-07,163
positive,tpsa,bb_n_genotox_alerts,0.38172512030869854,4.962882115299866e-07,163
positive,logp,bb_n_alerts,0.37851872533460906,6.291390015951272e-07,163
positive,hba,aromatic_ring_count,0.37408796284688217,8.695512341385431e-07,163
positive,hba,bb_n_alerts,0.3638386199884845,1.8052372624121245e-06,163
positive,rot_bonds,aromatic_ring_count,0.3614454842969688,2.1332651686106708e-06,163
positive,rot_bonds,bb_n_genotox_alerts,0.35631543105768076,3.0375180571792808e-06,163
positive,mw,hbd,0.35517566995305755,3.2828854630984784e-06,163
positive,logp,bb_n_genotox_alerts,0.350644802953252,4.457410711809795e-06,163
positive,tpsa,bb_n_alerts,0.3492078605069041,4.906605500416076e-06,163
positive,rot_bonds,bb_n_alerts,0.33481268189804386,1.251265813282143e-05,163
positive,hbd,rot_bonds,0.3175556275746018,3.619679690811796e-05,163
positive,hbd,bb_n_genotox_alerts,0.3129585655422186,4.75220209365735e-05,163
positive,hbd,ring_count,0.3070759287885076,6.689246784567837e-05,163
positive,rot_bonds,ring_count,0.2924034369193734,0.00015214284526119656,163
positive,logp,heteroatom_count,0.2870567752188696,0.00020305022090458708,163
positive,hbd,bb_n_alerts,0.27151149909313166,0.0004551656853012475,163
positive,rot_bonds,fraction_csp3,0.2357875996468082,0.002445478207183434,163
positive,logp,hba,0.2356406842309156,0.002461256749311503,163
positive,hbd,fraction_csp3,-0.19588601535135106,0.012211071894975395,163
positive,logp,tpsa,0.18476087063114482,0.01822180382211604,163
positive,hba,fraction_csp3,0.1816710340863207,0.02029125951321041,163
positive,heteroatom_count,bb_n_nongenotox_alerts,0.1763743483523536,0.024312606190432403,163
positive,logp,bb_n_nongenotox_alerts,0.15503114993854789,0.04815064568631469,163
positive,fraction_csp3,heavy_atom_count,0.1467996250934235,0.06149326519764115,163
positive,logp,hbd,0.12999924252278267,0.09813310346992689,163
positive,mw,bb_n_nongenotox_alerts,0.12588112817627026,0.10934369045693344,163
positive,ring_count,bb_n_nongenotox_alerts,0.10727126376326963,0.17290014883781904,163
positive,mw,fraction_csp3,0.10129945732764277,0.19821137172440004,163
positive,bb_n_genotox_alerts,bb_n_nongenotox_alerts,0.097387296596248,0.21618695699920126,163
positive,fraction_csp3,bb_n_genotox_alerts,-0.09193016209420114,0.2431593240071874,163
positive,heteroatom_count,fraction_csp3,0.08903924524842396,0.2583603695491624,163
positive,hbd,bb_n_nongenotox_alerts,-0.082372362119677,0.29586397452407215,163
positive,aromatic_ring_count,bb_n_nongenotox_alerts,0.06973950837834172,0.37637248890919806,163
positive,fraction_csp3,bb_n_nongenotox_alerts,0.06967520231583392,0.3768138091085721,163
positive,heavy_atom_count,bb_n_nongenotox_alerts,0.06613961114494422,0.4015621986193433,163
positive,fraction_csp3,bb_n_alerts,-0.054074884001832094,0.4929839109820344,163
positive,tpsa,bb_n_nongenotox_alerts,-0.04894610523784823,0.5349517551033536,163
positive,hba,bb_n_nongenotox_alerts,-0.04310477635739321,0.5848296834170548,163
positive,rot_bonds,bb_n_nongenotox_alerts,-0.02882101193099863,0.7149575405928591,163
positive,logp,fraction_csp3,-0.020354352578151727,0.7964888805521654,163
positive,ring_count,fraction_csp3,-0.015203601810537454,0.847253526207063,163
positive,tpsa,fraction_csp3,-0.012579165041835441,0.8733770828293717,163
