threshold,tn,fp,fn,tp,sensitivity,specificity,balanced_accuracy,mcc
0.05,18,244,0,33,1.0,0.06870229007633588,0.5343511450381679,0.09046960461544348
0.06,20,242,0,33,1.0,0.07633587786259542,0.5381679389312977,0.09570948408340446
0.07,24,238,0,33,1.0,0.0916030534351145,0.5458015267175572,0.10561541252557564
0.08,28,234,0,33,1.0,0.10687022900763359,0.5534351145038168,0.11492902152940972
0.09,31,231,0,33,1.0,0.1183206106870229,0.5591603053435115,0.12161445775843373
0.1,32,230,0,33,1.0,0.12213740458015267,0.5610687022900763,0.12379509549959157
0.11,35,227,0,33,1.0,0.13358778625954199,0.566793893129771,0.1302127984162978
0.12,37,225,0,33,1.0,0.14122137404580154,0.5706106870229007,0.13439940106212653
0.13,40,222,0,33,1.0,0.15267175572519084,0.5763358778625954,0.14056145036652953
0.14,44,218,0,33,1.0,0.16793893129770993,0.583969465648855,0.14859212781806347
0.15,47,215,0,33,1.0,0.17938931297709923,0.5896946564885496,0.1545003305175016
0.16,49,213,0,33,1.0,0.18702290076335878,0.5935114503816794,0.15839330133335766
0.17,49,213,0,33,1.0,0.18702290076335878,0.5935114503816794,0.15839330133335766
0.18,52,210,0,33,1.0,0.1984732824427481,0.5992366412213741,0.16417418132341244
0.19,54,208,0,33,1.0,0.20610687022900764,0.6030534351145038,0.1679943527696042
0.2,56,206,0,33,1.0,0.21374045801526717,0.6068702290076335,0.171791387484424
0.21,61,201,0,33,1.0,0.23282442748091603,0.616412213740458,0.18120213611302724
0.22,64,198,0,33,1.0,0.24427480916030533,0.6221374045801527,0.18680578499772174
0.23,69,193,0,33,1.0,0.2633587786259542,0.6316793893129771,0.1960995739330153
0.24,74,188,0,33,1.0,0.2824427480916031,0.6412213740458015,0.20536481926331454
0.25,76,186,1,32,0.9696969696969697,0.2900763358778626,0.6298866527874162,0.18643546356743151
0.26,80,182,1,32,0.9696969696969697,0.3053435114503817,0.6375202405736757,0.19424723186479442
0.27,83,179,1,32,0.9696969696969697,0.31679389312977096,0.6432454314133703,0.20009559146704123
0.28,85,177,1,32,0.9696969696969697,0.3244274809160305,0.6470622253065001,0.20399352184562805
0.29,88,174,1,32,0.9696969696969697,0.33587786259541985,0.6527874161461948,0.20984401357066143
0.3,90,172,1,32,0.9696969696969697,0.3435114503816794,0.6566042100393246,0.21374957728908303
0.31,92,170,1,32,0.9696969696969697,0.3511450381679389,0.6604210039324543,0.21766153226605556
0.32,96,166,1,32,0.9696969696969697,0.366412213740458,0.6680545917187138,0.22551193534462544
0.33,97,165,1,32,0.9696969696969697,0.3702290076335878,0.6699629886652787,0.22748136184594153
0.34,98,164,1,32,0.9696969696969697,0.37404580152671757,0.6718713856118437,0.2294539595799876
0.35,102,160,2,31,0.9393939393939394,0.3893129770992366,0.664353458246588,0.2168618232336866
0.36,103,159,2,31,0.9393939393939394,0.3931297709923664,0.666261855193153,0.2189065635767322
0.37,113,149,2,31,0.9393939393939394,0.4312977099236641,0.6853458246588018,0.23957155155030055
0.38,119,143,2,31,0.9393939393939394,0.4541984732824427,0.6967962063381911,0.25222435737418913
0.39,121,141,2,31,0.9393939393939394,0.4618320610687023,0.7006130002313209,0.2564955914785934
0.4,125,137,2,31,0.9393939393939394,0.4770992366412214,0.7082465880175804,0.26513008095759605
0.41,135,127,2,31,0.9393939393939394,0.5152671755725191,0.7273305574832293,0.2873469562350717
0.42,141,121,2,31,0.9393939393939394,0.5381679389312977,0.7387809391626186,0.301194789518682
0.43,146,116,2,31,0.9393939393939394,0.5572519083969466,0.748322923895443,0.31308690211221896
0.44,152,110,3,30,0.9090909090909091,0.5801526717557252,0.7446217904233171,0.30881819827268925
0.45,155,107,4,29,0.8787878787878788,0.5916030534351145,0.7351954661114967,0.2974394302019648
0.46,159,103,4,29,0.8787878787878788,0.6068702290076335,0.7428290538977562,0.3078629958538186
0.47,163,99,4,29,0.8787878787878788,0.6221374045801527,0.7504626416840157,0.3185791489300532
0.48,169,93,4,29,0.8787878787878788,0.6450381679389313,0.761913023363405,0.3352677178095404
0.49,172,90,5,28,0.8484848484848485,0.6564885496183206,0.7524866990515846,0.3248990780271966
0.5,177,85,5,28,0.8484848484848485,0.6755725190839694,0.762028683784409,0.3397907334076246
0.51,182,80,5,28,0.8484848484848485,0.6946564885496184,0.7715706685172334,0.35537575194434234
0.52,191,71,8,25,0.7575757575757576,0.7290076335877863,0.7432916955817719,0.32734276138149837
0.53,197,65,8,25,0.7575757575757576,0.7519083969465649,0.7547420772611613,0.34877079549044365
0.54,200,62,10,23,0.696969696969697,0.7633587786259542,0.7301642377978257,0.3203733232765575
0.55,204,58,11,22,0.6666666666666666,0.7786259541984732,0.72264631043257,0.31571040143994533
0.56,210,52,13,20,0.6060606060606061,0.8015267175572519,0.703793661808929,0.29909531091159
0.57,216,46,14,19,0.5757575757575758,0.8244274809160306,0.7000925283368031,0.3043321869373422
0.58,219,43,16,17,0.5151515151515151,0.8358778625954199,0.6755146888734676,0.27487897549196816
0.59,225,37,16,17,0.5151515151515151,0.8587786259541985,0.6869650705528568,0.30478436728626845
0.6,226,36,16,17,0.5151515151515151,0.8625954198473282,0.6888734674994217,0.3101436880853429
0.61,228,34,18,15,0.45454545454545453,0.8702290076335878,0.6623872310895211,0.27505775519113684
0.62,231,31,20,13,0.3939393939393939,0.8816793893129771,0.6378093916261856,0.24386710784465926
0.63,233,29,21,12,0.36363636363636365,0.8893129770992366,0.6264746703678001,0.23047954120867906
0.64,235,27,22,11,0.3333333333333333,0.8969465648854962,0.6151399491094147,0.21667324344485153
0.65,241,21,22,11,0.3333333333333333,0.9198473282442748,0.6265903307888041,0.25661691671269504
0.66,241,21,23,10,0.30303030303030304,0.9198473282442748,0.611438815637289,0.22908217018621876
0.67,245,17,24,9,0.2727272727272727,0.9351145038167938,0.6039208882720333,0.2310881349511415
0.68,249,13,24,9,0.2727272727272727,0.950381679389313,0.6115544760582928,0.2676898769756657
0.69,252,10,24,9,0.2727272727272727,0.9618320610687023,0.6172796668979875,0.301181986583493
0.7,252,10,24,9,0.2727272727272727,0.9618320610687023,0.6172796668979875,0.301181986583493
0.71,252,10,24,9,0.2727272727272727,0.9618320610687023,0.6172796668979875,0.301181986583493
0.72,252,10,25,8,0.24242424242424243,0.9618320610687023,0.6021281517464724,0.26897192213951715
0.73,255,7,26,7,0.21212121212121213,0.9732824427480916,0.5927018274346518,0.27485821956622447
0.74,255,7,28,5,0.15151515151515152,0.9732824427480916,0.5623987971316216,0.19912692548446914
0.75,256,6,28,5,0.15151515151515152,0.9770992366412213,0.5643071940781864,0.2139644683950097
0.76,258,4,28,5,0.15151515151515152,0.9847328244274809,0.5681239879713162,0.24970854468445977
0.77,258,4,28,5,0.15151515151515152,0.9847328244274809,0.5681239879713162,0.24970854468445977
0.78,258,4,29,4,0.12121212121212122,0.9847328244274809,0.5529724728198011,0.20558996670612245
0.79,258,4,29,4,0.12121212121212122,0.9847328244274809,0.5529724728198011,0.20558996670612245
0.8,258,4,30,3,0.09090909090909091,0.9847328244274809,0.5378209576682859,0.1566480052052395
0.81,258,4,30,3,0.09090909090909091,0.9847328244274809,0.5378209576682859,0.1566480052052395
0.82,258,4,30,3,0.09090909090909091,0.9847328244274809,0.5378209576682859,0.1566480052052395
0.83,260,2,30,3,0.09090909090909091,0.9923664122137404,0.5416377515614157,0.20334845623730605
0.84,261,1,30,3,0.09090909090909091,0.9961832061068703,0.5435461485079806,0.23736182389073807
0.85,261,1,30,3,0.09090909090909091,0.9961832061068703,0.5435461485079806,0.23736182389073807
0.86,261,1,30,3,0.09090909090909091,0.9961832061068703,0.5435461485079806,0.23736182389073807
0.87,261,1,30,3,0.09090909090909091,0.9961832061068703,0.5435461485079806,0.23736182389073807
0.88,261,1,30,3,0.09090909090909091,0.9961832061068703,0.5435461485079806,0.23736182389073807
0.89,261,1,30,3,0.09090909090909091,0.9961832061068703,0.5435461485079806,0.23736182389073807
0.9,261,1,31,2,0.06060606060606061,0.9961832061068703,0.5283946333564654,0.1784110805091932
0.91,261,1,32,1,0.030303030303030304,0.9961832061068703,0.5132431182049503,0.10173703083665958
0.92,261,1,32,1,0.030303030303030304,0.9961832061068703,0.5132431182049503,0.10173703083665958
0.93,262,0,32,1,0.030303030303030304,1.0,0.5151515151515151,0.16433119390564768
0.94,262,0,32,1,0.030303030303030304,1.0,0.5151515151515151,0.16433119390564768
0.95,262,0,33,0,0.0,1.0,0.5,0.0
