No,SMILES,label,fg_epoxide_present,fg_organometal_like_present,fg_fused_ring_like_present,fg_alcohol_present,mw,hbd,logp,heteroatom_count,rot_bonds,contains_heavy_metal,contains_metal,fg_BB_SA16b_aziridine_present,selection,fg_profile
1815,O=[N+]([O-])c1ccc(Cl)cc1,1,0.0,0.0,0.0,0.0,157.55599999999998,0.0,2.2482,4.0,1.0,0,0,0.0,positive,none
1945,Nc1ccc(Oc2ccc(N)cc2)cc1,1,0.0,0.0,0.0,0.0,200.241,2.0,2.643300000000001,3.0,2.0,0,0,0.0,positive,none
2243,O=[N+]([O-])[N+](=O)[O-],1,0.0,0.0,0.0,0.0,92.01,0.0,-0.5452000000000001,6.0,1.0,0,0,0.0,positive,none
2253,[O]=[Cr](=[O])([OH])[O][Cr](=[O])(=[O])[OH],1,0.0,0.0,0.0,0.0,218.001,2.0,-1.6626,9.0,2.0,1,1,0.0,positive,none
2282,O=C1C=CC(=O)C=C1,1,0.0,0.0,0.0,0.0,108.096,0.0,0.2505999999999999,2.0,0.0,0,0,0.0,positive,none
2294,C=C(C)C(=O)OCC1CO1,1,1.0,0.0,0.0,0.0,142.15399999999997,0.0,0.5045,3.0,3.0,0,0,0.0,positive,epoxide
2300,C=CC=C,1,0.0,0.0,0.0,0.0,54.09199999999999,0.0,1.3584,0.0,1.0,0,0,0.0,positive,none
2301,COC(=O)Nc1nc2ccccc2[nH]1,1,0.0,0.0,1.0,0.0,191.19000000000003,2.0,1.7411999999999996,5.0,1.0,0,0,0.0,positive,fused_ring_like
2328,CCC[CH2][Sn]([CH2]CCC)([O]C)[O]C,1,0.0,1.0,0.0,0.0,295.011,0.0,3.321600000000002,3.0,8.0,1,1,0.0,positive,organometal_like
2456,O=C1CCCCC1,1,0.0,0.0,0.0,0.0,98.145,0.0,1.5196,1.0,0.0,0,0,0.0,positive,none
2457,Oc1ccccc1,1,0.0,0.0,0.0,0.0,94.113,1.0,1.3922,1.0,0.0,0,0,0.0,positive,none
2514,c1ccoc1,1,0.0,0.0,0.0,0.0,68.07499999999999,0.0,1.2795999999999998,1.0,0.0,0,0,0.0,positive,none
2516,CC(C)(C)OOC(C)(C)C,1,0.0,0.0,0.0,0.0,146.23,0.0,2.531600000000001,2.0,1.0,0,0,0.0,positive,none
2523,C=CC(=O)NCNC(=O)C=C,1,0.0,0.0,0.0,0.0,154.16899999999998,2.0,-0.4517000000000002,4.0,4.0,0,0,0.0,positive,none
2605,C=CCCCCCC,1,0.0,0.0,0.0,0.0,112.216,0.0,3.142800000000002,0.0,5.0,0,0,0.0,positive,none
2687,C=CCCCCCCCCCC,1,0.0,0.0,0.0,0.0,168.32399999999998,0.0,4.703200000000004,0.0,9.0,0,0,0.0,positive,none
2713,O=S1(=O)CCCO1,1,0.0,0.0,0.0,0.0,122.145,0.0,-0.2634999999999998,4.0,0.0,0,0,0.0,positive,none
2751,O=C(c1ccccc1)c1ccc(O)c(O)c1O,1,0.0,0.0,0.0,0.0,230.219,3.0,2.034400000000001,4.0,2.0,0,0,0.0,positive,none
2983,Oc1ccccc1O,1,0.0,0.0,0.0,0.0,110.11199999999998,2.0,1.0978,2.0,0.0,0,0,0.0,positive,none
3242,Nc1ccc(O)cc1,1,0.0,0.0,0.0,0.0,109.128,2.0,0.9744,2.0,0.0,0,0,0.0,positive,none
3243,Oc1ccc(O)cc1,1,0.0,0.0,0.0,0.0,110.11199999999998,2.0,1.0978,2.0,0.0,0,0,0.0,positive,none
3397,COc1cc(N=CN(C)C)c(C#N)cc1[N+](=O)[O-],1,0.0,0.0,0.0,0.0,248.242,0.0,1.69648,7.0,4.0,0,0,0.0,positive,none
3628,C(OCC1CO1)C(COCC1CO1)OCC1CO1,1,1.0,0.0,0.0,0.0,260.28599999999994,0.0,-0.3987999999999991,6.0,11.0,0,0,0.0,positive,epoxide
4339,O=S(O)CO,1,0.0,0.0,0.0,1.0,96.107,2.0,-0.8420999999999998,4.0,1.0,0,0,0.0,positive,alcohol
4360,CN(C)C(=O)Nc1ccc(Cl)cc1,1,0.0,0.0,0.0,0.0,198.653,1.0,2.4335000000000004,4.0,1.0,0,0,0.0,positive,none
4449,CCC[CH2][Sn]([CH2]CCC)([O]C(=O)C=CC(=O)OC)[O]C(=O)C=CC(=O)OC,1,0.0,1.0,0.0,0.0,491.1250000000003,0.0,2.5736000000000008,9.0,12.0,1,1,0.0,positive,organometal_like
5259,[Cl][Rh]([Cl])[Cl],1,0.0,0.0,0.0,0.0,209.265,0.0,2.066,4.0,0.0,0,1,0.0,positive,none
5261,CC(C)(Br)C(=O)Br,1,0.0,0.0,0.0,0.0,229.899,0.0,2.0814000000000004,3.0,1.0,0,0,0.0,positive,none
5398,O=S1(=O)C=CCO1,1,0.0,0.0,0.0,0.0,120.12899999999998,0.0,-0.1398999999999999,4.0,0.0,0,0,0.0,positive,none
5445,C(COCC1CO1)OCC1CO1,1,1.0,0.0,0.0,0.0,174.19599999999997,0.0,-0.1828,4.0,7.0,0,0,0.0,positive,epoxide
5621,CCN(CC)c1ccc(N=Nc2c(C#N)cc([N+](=O)[O-])cc2[N+](=O)[O-])c(NC(C)=O)c1,1,0.0,0.0,0.0,0.0,425.40500000000014,1.0,4.594680000000004,12.0,8.0,0,0,0.0,positive,none
5740,CC=CCCC,1,0.0,0.0,0.0,0.0,84.162,0.0,2.3626000000000005,0.0,2.0,0,0,0.0,positive,none
5747,CO[Si](CCCOCC1CO1)(OC)OC,1,1.0,0.0,0.0,0.0,236.34,0.0,0.6699999999999997,6.0,9.0,0,0,0.0,positive,epoxide
5919,C=C(C)CC,1,0.0,0.0,0.0,0.0,70.13499999999999,0.0,1.9725,0.0,1.0,0,0,0.0,positive,none
5940,Cc1ccc(N)c(N)c1,1,0.0,0.0,0.0,0.0,122.17100000000002,2.0,1.15942,2.0,0.0,0,0,0.0,positive,none
5997,c1cc(OCC2CO2)c2ccc(OCC3CO3)cc2c1,1,1.0,0.0,1.0,0.0,272.3,0.0,2.3950000000000005,4.0,6.0,0,0,0.0,positive,epoxide|fused_ring_like
6010,CCCCC(CC)C(=O)[O][Sn]([CH2]CCC)([CH2]CCC)[O]C(=O)C(CC)CCCC,1,0.0,1.0,0.0,0.0,519.3550000000006,0.0,7.548000000000009,5.0,18.0,1,1,0.0,positive,organometal_like
6085,c1cc(N(CC2CO2)CC2CO2)ccc1Cc1ccc(N(CC2CO2)CC2CO2)cc1,1,1.0,0.0,0.0,0.0,422.52500000000026,0.0,2.4854000000000003,6.0,12.0,0,0,0.0,positive,epoxide
6218,C[N+](C)(C)CC1CO1,1,1.0,0.0,0.0,0.0,116.18399999999998,0.0,0.0913999999999999,2.0,2.0,0,0,0.0,positive,epoxide
6383,CSCCC=O,1,0.0,0.0,0.0,0.0,104.174,0.0,0.9384,2.0,3.0,0,0,0.0,positive,none
6640,CC1=C(O)C(=O)C(C)O1,1,0.0,0.0,0.0,0.0,128.12699999999998,1.0,0.7637,3.0,0.0,0,0,0.0,positive,none
6794,O=C(O)CCl,1,0.0,0.0,0.0,0.0,94.497,1.0,0.3098,3.0,1.0,0,0,0.0,positive,none
7277,CC=C(C)C,1,0.0,0.0,0.0,0.0,70.13499999999999,0.0,1.9725,0.0,0.0,0,0,0.0,positive,none
7287,CC(C)OC(=O)C(C)(C)Br,1,0.0,0.0,0.0,0.0,209.083,0.0,2.1115000000000004,3.0,2.0,0,0,0.0,positive,none
7292,CC(C)=CCCC(C)=CC#N,1,0.0,0.0,0.0,0.0,149.237,0.0,3.2026800000000017,1.0,3.0,0,0,0.0,positive,none
7340,CCC(COC(=O)CCN1CC1)(COC(=O)CCN1CC1)COC(=O)CCN1CC1,1,0.0,0.0,0.0,0.0,425.5260000000003,0.0,0.1295000000000032,9.0,16.0,0,0,1.0,positive,BB_SA16b_aziridine
7471,C(=NC1CCCCC1)=NC1CCCCC1,1,0.0,0.0,0.0,0.0,206.333,0.0,3.825700000000003,2.0,2.0,0,0,0.0,positive,none
7660,NCCCNCCCN,1,0.0,0.0,0.0,0.0,131.22299999999998,3.0,-0.7263999999999986,3.0,6.0,0,0,0.0,positive,none
7755,CCCCC(CC)COC(=O)C[S][Sn]([CH3])([S]CC(=O)OCC(CC)CCCC)[S]CC(=O)OCC(CC)CCCC,1,0.0,1.0,0.0,0.0,743.7269999999997,0.0,9.033500000000004,10.0,27.0,1,1,0.0,positive,organometal_like
7857,C=CCCCC,1,0.0,0.0,0.0,0.0,84.16199999999999,0.0,2.3626000000000005,0.0,3.0,0,0,0.0,positive,none
7884,O=c1n(CC2CO2)c(=O)n(CC2CO2)c(=O)n1CC1CO1,1,1.0,0.0,0.0,0.0,297.267,0.0,-2.631899999999997,9.0,6.0,0,0,0.0,positive,epoxide
7914,Nc1ccc(N=Nc2ccccc2)cc1,1,0.0,0.0,0.0,0.0,197.24100000000004,1.0,3.6842000000000015,3.0,2.0,0,0,0.0,positive,none
7923,CCOC(=O)C(C)(C)Br,1,0.0,0.0,0.0,0.0,195.056,0.0,1.723,3.0,2.0,0,0,0.0,positive,none
8100,CCOc1ccc(NC(C)=O)cc1,1,0.0,0.0,0.0,0.0,179.219,1.0,2.0437,3.0,3.0,0,0,0.0,positive,none
8296,CCOS(=O)(=O)OCC,1,0.0,0.0,0.0,0.0,154.18699999999998,0.0,0.3042000000000001,5.0,4.0,0,0,0.0,positive,none
8729,CC(=O)N1CCN(c2ccc(O)cc2)CC1,1,0.0,0.0,0.0,0.0,220.272,1.0,1.0607,4.0,1.0,0,0,0.0,positive,none
8878,CCC[CH2][Sn]([Cl])([Cl])[CH2]CCC,1,0.0,1.0,0.0,0.0,303.84900000000016,0.0,4.506400000000004,3.0,6.0,1,1,0.0,positive,organometal_like
9312,CC[N+]1(C)CCCC1,1,0.0,0.0,0.0,0.0,114.212,0.0,1.2467,1.0,1.0,0,0,0.0,positive,none
9449,c1ccccc1,1,0.0,0.0,0.0,0.0,78.11399999999999,0.0,1.6866,0.0,0.0,0,0,0.0,positive,none
9774,C=CCl,1,0.0,0.0,0.0,0.0,62.499,0.0,1.3687,1.0,0.0,0,0,0.0,positive,none
9775,C=CF,1,0.0,0.0,0.0,0.0,46.044,0.0,1.0994,1.0,0.0,0,0,0.0,positive,none
9785,C1CO1,1,1.0,0.0,0.0,0.0,44.053,0.0,0.0166,1.0,0.0,0,0,0.0,positive,epoxide
9944,CCCCCCCCCCCC(=O)[O][Sn]([CH2]CCC)([CH2]CCC)[O]C(=O)CCCCCCCCCCC,1,0.0,1.0,0.0,0.0,631.5709999999999,0.0,10.95699999999999,5.0,28.0,1,1,0.0,positive,organometal_like
10060,[O-][Br+2]([O-])O,1,0.0,0.0,0.0,0.0,128.909,1.0,-2.935,4.0,0.0,0,0,0.0,positive,none
10075,CCC[CH2][Sn]1([CH2]CCC)[O]C(=O)C=CC(=O)[O]1,1,0.0,1.0,0.0,0.0,346.9990000000001,0.0,2.6850000000000005,5.0,6.0,1,1,0.0,positive,organometal_like
10090,C=CC(=C)C,1,0.0,0.0,0.0,0.0,68.119,0.0,1.7485,0.0,1.0,0,0,0.0,positive,none
10544,CCC[CH2][Sn]([CH2]CCC)([S]CCC(=O)OCCCCCCCCCCC(C)C)[S]CCC(=O)OCCCCCCCCCCC(C)C,1,0.0,1.0,0.0,0.0,807.9209999999997,0.0,13.695599999999974,7.0,36.0,1,1,0.0,positive,organometal_like
10601,CNP(=O)(N1CC1C)N1CC1C,1,0.0,0.0,0.0,0.0,189.199,1.0,0.7221,5.0,3.0,0,0,1.0,positive,BB_SA16b_aziridine
10810,Oc1cccc(O)c1O,1,0.0,0.0,0.0,0.0,126.11099999999998,3.0,0.8033999999999997,3.0,0.0,0,0,0.0,positive,none
11590,Nc1ccccc1Cl,1,0.0,0.0,0.0,0.0,127.574,1.0,1.9222,2.0,0.0,0,0,0.0,positive,none
11593,Nc1ccccc1N,1,0.0,0.0,0.0,0.0,108.144,2.0,0.851,2.0,0.0,0,0,0.0,positive,none
77,CCCCC(CC)C(=O)OCCOc1ccc(-c2nc(-c3ccccc3)nc(-c3ccccc3)n2)c(O)c1,0,0.0,0.0,0.0,0.0,511.6220000000001,1.0,6.716600000000008,7.0,12.0,0,0,0.0,negative_representative,none
9590,CSc1nc(NC(C)C)nc(NC(C)C)n1,0,0.0,0.0,0.0,0.0,241.364,2.0,2.2341,6.0,5.0,0,0,0.0,negative_representative,none
259,CC1=NN(c2cccc(S(=O)(=O)O)c2)C(=O)C1N=Nc1cc(Cl)c(C)cc1S(=O)(=O)O,0,0.0,0.0,0.0,0.0,486.9150000000002,2.0,3.016820000000001,14.0,5.0,0,0,0.0,negative_representative,none
296,CC1=NN(c2cc(Cl)c(S(=O)(=O)O)cc2Cl)C(=O)C1N=Nc1cc(Nc2nc(Cl)nc(Nc3ccc(S(=O)(=O)O)cc3)n2)ccc1S(=O)(=O)O,0,0.0,0.0,0.0,0.0,807.0320000000003,5.0,4.934100000000003,25.0,10.0,0,0,0.0,negative_representative,none
9633,CC(C)(ON=C(C(=O)NC1C(=O)N2C(C(=O)[O-])=C(C[n+]3ccccc3)CSC12)c1csc(N)n1)C(=O)O,0,0.0,0.0,1.0,0.0,546.5870000000002,3.0,-1.2991999999999946,15.0,9.0,0,0,0.0,negative_representative,fused_ring_like
6547,CC1=NN(c2ccccc2)C(=O)C1N=Nc1ccc(-c2ccc(N=NC3C(=O)N(c4ccccc4)N=C3C)c(Cl)c2)cc1Cl,0,0.0,0.0,0.0,0.0,623.5040000000001,0.0,8.410400000000005,12.0,7.0,0,0,0.0,negative_representative,none
9642,Cc1nn(-c2cccc(Cl)c2)c(O)c1N=Nc1cc(S(N)(=O)=O)ccc1O,0,0.0,0.0,0.0,0.0,407.8390000000001,3.0,3.308120000000002,11.0,4.0,0,0,0.0,negative_representative,none
9658,CCCCCCCCCC(=O)OCC(CC)(COC(=O)CCCCCCC)COC(=O)CCCCCCC,0,0.0,0.0,0.0,0.0,540.8260000000006,0.0,8.874100000000006,6.0,27.0,0,0,0.0,negative_representative,none
3925,CCCCC(=O)N(Cc1ccc(-c2ccccc2-c2nn[nH]n2)cc1)C(C(=O)OCc1ccccc1)C(C)C,0,0.0,0.0,0.0,0.0,525.6530000000002,1.0,5.820500000000005,8.0,12.0,0,0,0.0,negative_representative,none
663,Cc1cn(C2CC(OP(=O)(O)OCC3OC(n4cnc5c(=O)[nH]c(N)nc54)CC3OP(=O)(O)OCC3OC(n4cnc5c(N)ncnc54)CC3OP(=O)(O)OCC3OC(n4cnc5c(N)ncnc54)CC3OP(=O)(O)OCC3OC(n4cnc5c(N)ncnc54)CC3OP(=O)(O)OCC3OC(n4cnc5c(N)ncnc54)CC3OP(=O)(O)OCC3OC(n4cc(C)c(=O)[nH]c4=O)CC3OP(=O)(O)OCC3OC(n4cnc5c(=O)[nH]c(N)nc54)CC3OP(=O)(O)OCC3OC(n4cnc5c(=O)[nH]c(N)nc54)CC3O)C(COP(=O)(O)OC3CC(n4ccc(N)nc4=O)OC3COP(=O)(O)OC3CC(n4cc(C)c(=O)[nH]c4=O)OC3COP(=O)(O)OC3CC(n4cc(C)c(=O)[nH]c4=O)OC3COP(=O)(O)OC3CC(n4cnc5c(N)ncnc54)OC3COP(=O)(O)OC3CC(n4cnc5c(N)ncnc54)OC3COP(=O)(O)OC3CC(n4ccc(N)nc4=O)OC3COP(=O)(O)OC3CC(n4ccc(N)nc4=O)OC3COP(=O)(O)OC3CC(n4ccc(N)nc4=O)OC3COP(=O)(O)OC3CC(n4cnc5c(N)ncnc54)OC3COP(=O)(O)OC3CC(n4ccc(N)nc4=O)OC3COP(=O)(O)OC3CC(n4cnc5c(N)ncnc54)OC3CO)O2)c(=O)[nH]c1=O,0,0.0,0.0,1.0,1.0,6094.042999999981,44.0,-4.2156199999998805,211.0,116.0,0,0,0.0,negative_representative,fused_ring_like|alcohol
1812,CCCCCCCCCCCC(=O)OC1(C2(CO)OC(CO)C(O)C2O)OC(CO)C(O)C(O)C1O,0,0.0,0.0,0.0,1.0,524.6040000000002,8.0,-1.535399999999997,12.0,15.0,0,0,0.0,negative_representative,alcohol
9639,CC1(C)C2C(=O)OC(O)C21,0,0.0,0.0,1.0,1.0,142.154,1.0,0.1337999999999999,3.0,0.0,0,0,0.0,negative_representative,fused_ring_like|alcohol
6573,FC(F)(F)C1(F)C(F)(F)C(F)(F)C(F)(F)C(F)(F)C1(F)F,0,0.0,0.0,0.0,0.0,350.0489999999999,0.0,4.447100000000001,14.0,0.0,0,0,0.0,negative_representative,none
6574,FC(F)(F)C(F)(F)C(F)(F)C(F)(C(F)(F)F)C(F)(F)F,0,0.0,0.0,0.0,0.0,338.03799999999995,0.0,4.652200000000001,14.0,2.0,0,0,0.0,negative_representative,none
9714,[Ag],0,0.0,0.0,0.0,0.0,107.868,0.0,-0.0025,1.0,0.0,1,1,0.0,negative_representative,none
3970,O=C(O)CN(CC(=O)O)CC(=O)O,0,0.0,0.0,0.0,0.0,191.139,3.0,-1.457799999999999,7.0,6.0,0,0,0.0,negative_representative,none
3971,O=C(O)CN(CCN(CC(=O)O)CC(=O)O)CC(=O)O,0,0.0,0.0,0.0,0.0,292.244,4.0,-2.071199999999996,10.0,11.0,0,0,0.0,negative_representative,none
6605,CCCCC(=O)OCC(=O)C1C(C)CC2C3CC(F)C4=CC(=O)C=CC4(C)C3C(O)CC21C,0,0.0,0.0,1.0,1.0,460.5860000000002,1.0,4.377800000000004,6.0,6.0,0,0,0.0,negative_representative,fused_ring_like|alcohol
1854,CCCCCCCCCC(C)C1OCC2COC(C(C)CCCCCCCCC)N21,0,0.0,0.0,1.0,0.0,423.7260000000004,0.0,7.923200000000009,3.0,18.0,0,0,0.0,negative_representative,fused_ring_like
1877,[Cl][Pt-2]([Cl])([Cl])[Cl],0,0.0,0.0,0.0,0.0,336.89,0.0,2.7555,5.0,0.0,1,1,0.0,negative_representative,none
1883,O=S(=O)(O)O,0,0.0,0.0,0.0,0.0,98.07899999999998,2.0,-0.6527999999999998,5.0,0.0,0,0,0.0,negative_representative,none
4063,CCO,0,0.0,0.0,0.0,1.0,46.069,1.0,-0.0014,1.0,0.0,0,0,0.0,negative_representative,alcohol
1914,C=CS(=O)(=O)c1ccc(N=Nc2c(S(=O)(=O)O)cc3cc(S(=O)(=O)O)c(N=Nc4ccc(S(=O)(=O)C=C)cc4)c(O)c3c2N)cc1,0,0.0,0.0,1.0,0.0,707.7460000000001,4.0,5.2862000000000045,20.0,10.0,0,0,0.0,negative_representative,fused_ring_like
4127,C1CC(COCC2CO2)CCC1COCC1CO1,0,1.0,0.0,0.0,0.0,256.3419999999999,0.0,1.6236,4.0,8.0,0,0,0.0,negative_representative,epoxide
9801,CC(C)(C)O,0,0.0,0.0,0.0,1.0,74.12299999999999,1.0,0.7771999999999999,1.0,0.0,0,0,0.0,negative_representative,alcohol
9824,Cc1ccc[n+](-c2c(C)c(N=Nc3ccc(NC(=O)c4ccc(N=Nc5c(O)[nH]c(=O)c(-[n+]6cccc(C)c6)c5C)cc4)cc3)c(O)[nH]c2=O)c1,0,0.0,0.0,0.0,0.0,683.7290000000003,5.0,6.344580000000007,14.0,8.0,0,0,0.0,negative_representative,none
9825,O=[N+]([O-])c1cc(N=Nc2c(Nc3ccccc3)ccc3ccccc23)c(O)c([N+](=O)[O-])c1,0,0.0,0.0,1.0,0.0,429.3920000000002,2.0,6.520800000000005,10.0,6.0,0,0,0.0,negative_representative,fused_ring_like
9850,O=C(C(F)(F)C(F)(F)F)C(F)(C(F)(F)F)C(F)(F)F,0,0.0,0.0,0.0,0.0,316.04099999999994,0.0,3.586,13.0,2.0,0,0,0.0,negative_representative,none
9860,OCC1OC2OC3C(CO)OC(OC4C(CO)OC(OC5C(CO)OC(OC6C(CO)OC(OC7C(CO)OC(OC8C(CO)OC(OC1C(O)C2O)C(O)C8O)C(O)C7O)C(O)C6O)C(O)C5O)C(O)C4O)C(O)C3O,0,0.0,0.0,1.0,1.0,1134.9870000000014,21.0,-15.23060000000003,35.0,7.0,0,0,0.0,negative_representative,fused_ring_like|alcohol
2026,COc1ccc(OC)c(N)c1,0,0.0,0.0,0.0,0.0,153.18099999999998,1.0,1.286,3.0,2.0,0,0,0.0,negative_representative,none
6760,O=C(NCCCCCCNC(=O)S(=O)(=O)O)S(=O)(=O)O,0,0.0,0.0,0.0,0.0,332.35600000000005,4.0,-0.2583999999999991,12.0,7.0,0,0,0.0,negative_representative,none
4319,O=C(CCCCCCCCCCC(=O)OCCOc1ccc(-c2nc(-c3ccccc3)nc(-c3ccccc3)n2)c(O)c1)OCCOc1ccc(-c2nc(-c3ccccc3)nc(-c3ccccc3)n2)c(O)c1,0,0.0,0.0,0.0,0.0,965.1199999999998,2.0,11.914999999999983,14.0,25.0,0,0,0.0,negative_representative,none
2041,CCO[Si](CCC1CCC2OC2C1)(OCC)OCC,0,1.0,0.0,1.0,0.0,288.46000000000004,0.0,2.9924000000000017,5.0,9.0,0,0,0.0,negative_representative,epoxide|fused_ring_like
4328,CCCCC(CC)COC(=O)OCC(CC)CCCC,0,0.0,0.0,0.0,0.0,286.456,0.0,5.572400000000006,3.0,12.0,0,0,0.0,negative_representative,none
6782,O=C(Nc1ccc(NC(=O)c2cc3ccccc3c(N=Nc3cc(Cl)ccc3Cl)c2O)cc1)c1cc2ccccc2c(N=Nc2cc(Cl)ccc2Cl)c1O,0,0.0,0.0,1.0,0.0,794.482,4.0,13.353199999999983,14.0,8.0,0,0,0.0,negative_representative,fused_ring_like
9892,Cc1cc(N=Nc2c(S(=O)(=O)O)cc3cc(Nc4ccccc4)ccc3c2O)c(O)cc1N=Nc1cc(S(=O)(=O)O)c2cccc(S(=O)(=O)O)c2c1,0,0.0,0.0,1.0,0.0,763.7880000000004,6.0,8.027120000000007,19.0,9.0,0,0,0.0,negative_representative,fused_ring_like
2064,CCOC(=O)c1ccc(N(C)C)cc1,0,0.0,0.0,0.0,0.0,193.246,0.0,1.9293,3.0,3.0,0,0,0.0,negative_representative,none
9899,Br,0,0.0,0.0,0.0,0.0,80.91199999999999,0.0,0.5779000000000001,1.0,0.0,0,0,0.0,negative_representative,none
2107,O=C(NC(=O)c1c(F)cccc1F)Nc1cc(Cl)c(OC(F)(F)C(F)C(F)(F)F)cc1Cl,0,0.0,0.0,0.0,0.0,511.152,2.0,6.105500000000001,15.0,5.0,0,0,0.0,negative_representative,none
2117,NC(CCCCNC(=O)C(F)(F)F)C(=O)N1CCCC1C(=O)O,0,0.0,0.0,0.0,0.0,339.3140000000001,3.0,0.2380999999999994,10.0,7.0,0,0,0.0,negative_representative,none
4362,COc1ccc(OC)cc1,0,0.0,0.0,0.0,0.0,138.166,0.0,1.7038,2.0,2.0,0,0,0.0,negative_representative,none
6849,N#CCCN(CCC#N)c1ccc(N=Nc2ccc([N+](=O)[O-])cc2Cl)cc1,0,0.0,0.0,0.0,0.0,382.81100000000015,0.0,5.297360000000004,9.0,8.0,0,0,0.0,negative_representative,none
4387,CC(C)(C)c1cc2c(c(C(C)(C)C)c1)OP(=O)([O][Al][O]P1(=O)Oc3c(cc(C(C)(C)C)cc3C(C)(C)C)Cc3cc(C(C)(C)C)cc(C(C)(C)C)c3O1)Oc1c(cc(C(C)(C)C)cc1C(C)(C)C)C2,0,0.0,0.0,1.0,0.0,998.2319999999992,0.0,17.27439999999997,11.0,4.0,0,1,0.0,negative_representative,fused_ring_like
9934,CC(=O)Oc1c(C)c(C)c2c(c1C)CCC(C)(CCCC(C)CCCC(C)CCCC(C)C)O2,0,0.0,0.0,1.0,0.0,472.7540000000004,0.0,9.059960000000002,3.0,13.0,0,0,0.0,negative_representative,fused_ring_like
4407,CC(=O)Nc1cc(N(CCOC(C)=O)CCOC(C)=O)ccc1N=Nc1ccc([N+](=O)[O-])cc1Cl,0,0.0,0.0,0.0,0.0,505.9150000000002,1.0,4.554600000000004,13.0,11.0,0,0,0.0,negative_representative,none
6883,CCN(CC)c1nc(Nc2ccc(C=Cc3ccc(Nc4nc(Nc5cc(S(=O)(=O)O)ccc5S(=O)(=O)O)nc(N(CC)CC)n4)cc3S(=O)(=O)O)c(S(=O)(=O)O)c2)nc(Nc2cc(S(=O)(=O)O)ccc2S(=O)(=O)O)n1,0,0.0,0.0,0.0,0.0,1173.2600000000002,10.0,4.374000000000001,36.0,22.0,0,0,0.0,negative_representative,none
4442,CCCCCCCCN(CCO)CCO,0,0.0,0.0,0.0,1.0,217.353,2.0,1.6335,3.0,11.0,0,0,0.0,negative_representative,alcohol
6906,Nc1nc(N)nc(N)n1,0,0.0,0.0,0.0,0.0,126.12300000000002,3.0,-1.3818,6.0,0.0,0,0,0.0,negative_representative,none
6908,CCN(CC)c1ccc(N=Nc2c(C#N)cc([N+](=O)[O-])cc2C#N)c(NC(C)=O)c1,0,0.0,0.0,0.0,0.0,405.4180000000001,1.0,4.558160000000004,10.0,7.0,0,0,0.0,negative_representative,none
10031,[Sr+2],0,0.0,0.0,0.0,0.0,87.62,0.0,-0.3808,1.0,0.0,0,1,0.0,negative_representative,none
2223,CN(CCO)CCO,0,0.0,0.0,0.0,1.0,119.164,2.0,-1.0972000000000002,3.0,4.0,0,0,0.0,negative_representative,alcohol
4457,CCCCCCC[CH2][Sn]([CH2]CCCCCCC)([S]CC(=O)OCC(CC)CCCC)[S]CC(=O)OCC(CC)CCCC,0,0.0,1.0,0.0,0.0,751.813,0.0,12.135199999999983,7.0,32.0,1,1,0.0,negative_representative,organometal_like
6918,O=S(=O)(O)c1cc(Nc2nc(Nc3ccccc3)nc(N(CCO)CCO)n2)ccc1C=Cc1ccc(Nc2nc(Nc3ccccc3)nc(N(CCO)CCO)n2)cc1S(=O)(=O)O,0,0.0,0.0,0.0,1.0,917.0,10.0,3.2768000000000006,24.0,22.0,0,0,0.0,negative_representative,alcohol
2240,Nc1ccc(N=Nc2cccc(N=Nc3ccc(N)cc3N)c2)c(N)c1,0,0.0,0.0,0.0,0.0,346.39800000000014,4.0,4.846200000000002,8.0,4.0,0,0,0.0,negative_representative,none
10086,C=CC(C)(O)CCC=C(C)C,0,0.0,0.0,0.0,1.0,154.253,1.0,2.6698000000000013,1.0,4.0,0,0,0.0,negative_representative,alcohol
2259,O=C1CCCCCCCCCCCCCCO1,0,0.0,0.0,0.0,0.0,240.38699999999992,0.0,4.614500000000004,2.0,0.0,0,0,0.0,negative_representative,none
6973,CCCCCCCCCCCC(=O)NCCC[N+](C)(C)CC(=O)[O-],0,0.0,0.0,0.0,0.0,342.5240000000001,1.0,2.2399000000000004,5.0,16.0,0,0,0.0,negative_representative,none
4556,CCN(CC)CCCNc1nc(NCCCN(CC)CC)nc(Nc2ccc3c(O)c(N=Nc4ccc(-c5ccc(N=Nc6c(S(=O)(=O)O)cc7cc(Nc8nc(NCCCN(CC)CC)nc(NCCCN(CC)CC)n8)ccc7c6O)c(O)c5)cc4O)c(S(=O)(=O)O)cc3c2)n1,0,0.0,0.0,1.0,0.0,1387.7099999999994,12.0,12.238999999999985,32.0,39.0,0,0,0.0,negative_representative,fused_ring_like
4557,O=C(O)c1ccccc1C(=O)O,0,0.0,0.0,0.0,0.0,166.13199999999998,2.0,1.083,4.0,2.0,0,0,0.0,negative_representative,none
4572,CCO[Si](CC[Si](OCC)(OCC)OCC)(OCC)OCC,0,0.0,0.0,0.0,0.0,354.5920000000001,0.0,3.083200000000001,8.0,15.0,0,0,0.0,negative_representative,none
2281,Nc1ccc(N)cc1,0,0.0,0.0,0.0,0.0,108.144,2.0,0.8510000000000002,2.0,0.0,0,0,0.0,negative_representative,none
4575,O=S(=O)(O)c1cc(Nc2nc(Nc3ccccc3)nc(N3CCOCC3)n2)ccc1C=Cc1ccc(Nc2nc(Nc3ccccc3)nc(N3CCOCC3)n2)cc1S(=O)(=O)O,0,0.0,0.0,0.0,0.0,880.9699999999999,6.0,5.368000000000004,22.0,14.0,0,0,0.0,negative_representative,none
10116,CC(=O)C(N=Nc1ccc(-c2ccc(N=NC(C(C)=O)C(=O)Nc3ccc4[nH]c(=O)[nH]c4c3)c(Cl)c2)cc1Cl)C(=O)Nc1ccc2[nH]c(=O)[nH]c2c1,0,0.0,0.0,1.0,0.0,741.552,6.0,6.359600000000005,18.0,11.0,0,0,0.0,negative_representative,fused_ring_like
7022,Cc1ccc(Nc2ccc(O)c3c2C(=O)c2ccccc2C3=O)c(S(=O)(=O)O)c1,0,0.0,0.0,1.0,0.0,409.41900000000015,3.0,3.4663200000000014,8.0,3.0,0,0,0.0,negative_representative,fused_ring_like
10125,CCCCCC(C=O)=Cc1ccccc1,0,0.0,0.0,0.0,0.0,202.297,0.0,3.8492000000000033,1.0,6.0,0,0,0.0,negative_representative,none
2298,CCCC,0,0.0,0.0,0.0,0.0,58.124,0.0,1.8064,0.0,1.0,0,0,0.0,negative_representative,none
10141,O=C(O)CO,0,0.0,0.0,0.0,1.0,76.051,2.0,-0.9367,3.0,1.0,0,0,0.0,negative_representative,alcohol
10143,COC(C)=O,0,0.0,0.0,0.0,0.0,74.079,0.0,0.1793,2.0,0.0,0,0,0.0,negative_representative,none
4673,Cc1cc(Cl)ccc1OC(C)C(=O)O,0,0.0,0.0,0.0,0.0,214.648,1.0,2.5003199999999994,4.0,3.0,0,0,0.0,negative_representative,none
2321,CC(=O)O,0,0.0,0.0,0.0,0.0,60.05200000000001,1.0,0.0908999999999999,2.0,0.0,0,0,0.0,negative_representative,none
10157,CC(=O)C=CC1=C(C)CCCC1(C)C,0,0.0,0.0,0.0,0.0,192.302,0.0,3.6582000000000026,1.0,2.0,0,0,0.0,negative_representative,none
2338,CCCCN(c1nc(NCCCN(CCN(CCCNc2nc(N(CCCC)C3CC(C)(C)N(C)C(C)(C)C3)nc(N(CCCC)C3CC(C)(C)N(C)C(C)(C)C3)n2)c2nc(N(CCCC)C3CC(C)(C)N(C)C(C)(C)C3)nc(N(CCCC)C3CC(C)(C)N(C)C(C)(C)C3)n2)c2nc(N(CCCC)C3CC(C)(C)N(C)C(C)(C)C3)nc(N(CCCC)C3CC(C)(C)N(C)C(C)(C)C3)n2)nc(N(CCCC)C2CC(C)(C)N(C)C(C)(C)C2)n1)C1CC(C)(C)N(C)C(C)(C)C1,0,0.0,0.0,0.0,0.0,2285.675999999996,2.0,25.80720000000005,32.0,55.0,0,0,0.0,negative_representative,none
7121,CC(C)(O)C(=O)c1ccc(Cc2ccc(C(=O)C(C)(C)O)cc2)cc1,0,0.0,0.0,0.0,1.0,340.419,2.0,3.1846000000000023,4.0,6.0,0,0,0.0,negative_representative,alcohol
7133,CCn1c(O)c(CS(=O)(=O)O)c(C)c(N=Nc2cc(Nc3nc(F)nc(Nc4ccc(S(=O)(=O)CCOS(=O)(=O)O)cc4)n3)ccc2S(=O)(=O)O)c1=O,0,0.0,0.0,0.0,0.0,822.8100000000003,6.0,2.33652,27.0,15.0,0,0,0.0,negative_representative,none
2364,CCCCOP(=O)(O)OCCCC,0,0.0,0.0,0.0,0.0,210.20999999999995,1.0,2.720200000000001,5.0,8.0,0,0,0.0,negative_representative,none
2376,C=CC(=O)OCCCCOC(=O)C=C,0,0.0,0.0,0.0,0.0,198.218,0.0,1.225,4.0,7.0,0,0,0.0,negative_representative,none
10264,O=C(O)CCCCCNc1nc(NCCCCCC(=O)O)nc(NCCCCCC(=O)O)n1,0,0.0,0.0,0.0,0.0,468.5550000000003,6.0,3.0423,12.0,21.0,0,0,0.0,negative_representative,none
2392,Cn1cc(C(=O)Nc2cccc3c2C2CCC3C2=C(Cl)Cl)c(C(F)F)n1,0,0.0,0.0,1.0,0.0,398.24,1.0,5.273800000000002,8.0,3.0,0,0,0.0,negative_representative,fused_ring_like
10314,COc1nc(C)nc(NC(=O)NS(=O)(=O)c2ccccc2OCCCl)n1,0,0.0,0.0,0.0,0.0,401.83200000000016,2.0,1.3166199999999997,12.0,7.0,0,0,0.0,negative_representative,none
4827,C=CC(=O)OCCCOc1ccc(C(=O)Oc2ccc(OC(=O)c3ccc(OCCCOC(=O)C=C)cc3)c(C)c2)cc1,0,0.0,0.0,0.0,0.0,588.6090000000004,0.0,5.429620000000005,10.0,16.0,0,0,0.0,negative_representative,none
4843,O=[N+]([O-])c1cc(Cl)c(N=Nc2ccc(N(CCO)CCO)cc2Cl)c(Br)c1,0,0.0,0.0,0.0,1.0,478.13000000000017,2.0,4.870500000000003,11.0,8.0,0,0,0.0,negative_representative,alcohol
7256,CN1C2CC(OC(=O)C(CO)c3ccccc3)CC1C1OC12,0,1.0,0.0,1.0,1.0,303.358,1.0,0.9180999999999996,5.0,4.0,0,0,0.0,negative_representative,epoxide|fused_ring_like|alcohol
10357,CO[Si](CCCNCCC[Si](OC)(OC)OC)(OC)OC,0,0.0,0.0,0.0,0.0,341.5530000000001,1.0,1.112400000000001,9.0,14.0,0,0,0.0,negative_representative,none
7268,COc1ccc(C=C2N=C(c3ccc(C4=NC(=Cc5ccc(OC)cc5)C(=O)O4)cc3)OC2=O)cc1,0,0.0,0.0,0.0,0.0,480.4760000000002,0.0,4.392800000000003,8.0,6.0,0,0,0.0,negative_representative,none
2440,Cc1cc(C)cc(C)c1,0,0.0,0.0,0.0,0.0,120.19499999999998,0.0,2.611860000000001,0.0,0.0,0,0,0.0,negative_representative,none
4857,CO[Si](CCCNCCN)(OC)OC,0,0.0,0.0,0.0,0.0,222.361,2.0,-0.1970999999999985,6.0,9.0,0,0,0.0,negative_representative,none
7323,CS,0,0.0,0.0,0.0,0.0,48.11000000000001,1.0,0.546,1.0,0.0,0,0,0.0,negative_representative,none
10416,CCCCOC(=O)c1ccccc1C(=O)OCCCC,0,0.0,0.0,0.0,0.0,278.348,0.0,3.600400000000003,4.0,8.0,0,0,0.0,negative_representative,none
4929,c1ccc(CN2CCN(Cc3ccccc3)CCN(Cc3ccccc3)CCN(Cc3ccccc3)CC2)cc1,0,0.0,0.0,0.0,0.0,532.7760000000004,0.0,6.008800000000007,4.0,8.0,0,0,0.0,negative_representative,none
10417,COC(=O)c1ccc2cc(C(=O)OC)ccc2c1,0,0.0,0.0,1.0,0.0,244.246,0.0,2.4130000000000003,4.0,2.0,0,0,0.0,negative_representative,fused_ring_like
7344,CCN(CCC(=O)OC)c1ccc(N=Nc2snc3ccc([N+](=O)[O-])cc23)cc1,0,0.0,0.0,1.0,0.0,413.4590000000001,0.0,5.009300000000004,10.0,8.0,0,0,0.0,negative_representative,fused_ring_like
4964,Cc1ccc(COC(=O)C(=O)OCc2ccc(C)cc2)cc1,0,0.0,0.0,0.0,0.0,298.338,0.0,3.090040000000002,4.0,4.0,0,0,0.0,negative_representative,none
7366,O=c1n(CC(Br)CBr)c(=O)n(CC(Br)CBr)c(=O)n1CC(Br)CBr,0,0.0,0.0,0.0,0.0,728.6939999999998,0.0,2.6469000000000014,12.0,9.0,0,0,0.0,negative_representative,none
7381,CC(=O)OCCN(CCC#N)c1ccc(N=Nc2c(Cl)cc([N+](=O)[O-])cc2Cl)cc1,0,0.0,0.0,0.0,0.0,450.28200000000015,0.0,5.600180000000004,11.0,9.0,0,0,0.0,negative_representative,none
2527,CCCCCCOC(=O)CCCCC(=O)OCCCCCC,0,0.0,0.0,0.0,0.0,314.46600000000007,0.0,4.7938000000000045,4.0,15.0,0,0,0.0,negative_representative,none
2538,ClCCCCCl,0,0.0,0.0,0.0,0.0,127.014,0.0,2.2442,2.0,3.0,0,0,0.0,negative_representative,none
7401,CC1(C)CC(OC(=O)CCCCCCCCC(=O)OC2CC(C)(C)NC(C)(C)C2)CC(C)(C)N1,0,0.0,0.0,0.0,0.0,480.7340000000002,2.0,5.812000000000006,6.0,11.0,0,0,0.0,negative_representative,none
10670,C=CCN(CC=C)c1cc(NC(C)=O)c(N=Nc2c(Cl)cc([N+](=O)[O-])cc2[N+](=O)[O-])cc1OC,0,0.0,0.0,0.0,0.0,488.88800000000026,1.0,5.717200000000005,13.0,11.0,0,0,0.0,negative_representative,none
5048,CC(O)C(=O)[O][Al]([O]C(=O)C(C)O)[O]C(=O)C(C)O,0,0.0,0.0,0.0,1.0,294.192,3.0,-2.256699999999999,10.0,6.0,0,1,0.0,negative_representative,alcohol
10679,CC(=O)Nc1ccc2c(O)c(N=Nc3ccc(S(=O)(=O)CCOS(=O)(=O)O)cc3)c(S(=O)(=O)O)cc2c1,0,0.0,0.0,1.0,0.0,573.5830000000003,4.0,2.7590000000000003,17.0,9.0,0,0,0.0,negative_representative,fused_ring_like
5060,CON=C(C(=O)OC)c1ccccc1CCl,0,0.0,0.0,0.0,0.0,241.674,0.0,1.9489000000000003,5.0,4.0,0,0,0.0,negative_representative,none
2554,CC(=O)CCC=C(C)C,0,0.0,0.0,0.0,0.0,126.19899999999998,0.0,2.3218000000000005,1.0,3.0,0,0,0.0,negative_representative,none
2567,CCCCCCCCSCc1cc(C)c(O)c(CSCCCCCCCC)c1,0,0.0,0.0,0.0,0.0,424.76000000000033,1.0,8.888020000000003,3.0,18.0,0,0,0.0,negative_representative,none
5113,CCN(CCC(=O)OCCOC(=O)CCl)c1ccc(N=Nc2cc(Cl)c(S(=O)(=O)F)cc2Cl)c(C)c1,0,0.0,0.0,0.0,0.0,582.8650000000001,0.0,5.917020000000004,14.0,12.0,0,0,0.0,negative_representative,none
10760,CC(C)(C)CC(C)(C)Nc1nc2nc(n1)N(C1CC(C)(C)NC(C)(C)C1)CCCCCCN(C1CC(C)(C)NC(C)(C)C1)c1nc(NC(C)(C)CC(C)(C)C)nc(n1)N(C1CC(C)(C)NC(C)(C)C1)CCCCCCN2C1CC(C)(C)NC(C)(C)C1,0,0.0,0.0,1.0,0.0,1197.9379999999987,6.0,14.606999999999974,16.0,10.0,0,0,0.0,negative_representative,fused_ring_like
7500,COc1ccc(N(C)N=CC2=[N+](C)c3ccccc3C2(C)C)cc1,0,0.0,0.0,1.0,0.0,322.4320000000001,0.0,3.823400000000003,4.0,4.0,0,0,0.0,negative_representative,fused_ring_like
7512,CCOC(=O)CCC1(C)OCC(C)O1,0,0.0,0.0,0.0,0.0,202.25,0.0,1.4812,4.0,4.0,0,0,0.0,negative_representative,none
7535,Cc1ccc(NC(=O)Nc2ccc(C)c(NC(=O)Nc3ccc(C)cc3)c2)cc1,0,0.0,0.0,0.0,0.0,388.4710000000001,4.0,5.899860000000004,6.0,4.0,0,0,0.0,negative_representative,none
2598,OCCOCCO,0,0.0,0.0,0.0,1.0,106.121,2.0,-1.0124,3.0,4.0,0,0,0.0,negative_representative,alcohol
10813,CCCCCCC[CH2][Sn](=[O])[CH2]CCCCCCC,0,0.0,1.0,0.0,0.0,361.1580000000003,0.0,6.129400000000007,2.0,14.0,1,1,0.0,negative_representative,organometal_like
2617,CCCCCCCCC,0,0.0,0.0,0.0,0.0,128.259,0.0,3.7569000000000026,0.0,6.0,0,0,0.0,negative_representative,none
5203,CCCCCCCCCCCC(=O)OCC(CC)CCCC,0,0.0,0.0,0.0,0.0,312.53800000000007,0.0,6.666900000000007,2.0,16.0,0,0,0.0,negative_representative,none
7573,Nc1ccc(C(c2ccc(N)cc2)c2ccc(N)cc2)cc1,0,0.0,0.0,0.0,0.0,289.382,3.0,3.613400000000001,3.0,3.0,0,0,0.0,negative_representative,none
2620,CCCCCCCCO,0,0.0,0.0,0.0,1.0,130.23100000000002,1.0,2.3392000000000013,1.0,6.0,0,0,0.0,negative_representative,alcohol
5245,O=P(O)(O)CN(CP(=O)(O)O)CP(=O)(O)O,0,0.0,0.0,0.0,0.0,299.049,6.0,-1.3060000000000005,13.0,6.0,0,0,0.0,negative_representative,none
10847,CC(=C(O)C(O)C(O)C(O)C(O)C(O)=C(C)c1ccccc1)c1ccccc1,0,0.0,0.0,0.0,1.0,386.4440000000001,6.0,2.4084000000000003,6.0,7.0,0,0,0.0,negative_representative,alcohol
7566,O=C1N=C(c2ccccc2)c2c(O)[nH]c(-c3ccccc3)c21,0,0.0,0.0,1.0,0.0,288.306,2.0,3.3785000000000016,4.0,2.0,0,0,0.0,negative_representative,fused_ring_like
5312,CCOC(=O)CCN(C(=O)c1ccc(NC)c(N)c1)c1ccccn1,0,0.0,0.0,0.0,0.0,342.39900000000006,2.0,2.3055000000000003,7.0,7.0,0,0,0.0,negative_representative,none
7633,OCC1CO1,0,1.0,0.0,0.0,1.0,74.07900000000001,1.0,-0.6225,2.0,1.0,0,0,0.0,negative_representative,epoxide|alcohol
2658,CCC(C)c1cc(N=Nc2ccc([N+](=O)[O-])cc2)cc(C(C)CC)c1O,0,0.0,0.0,0.0,0.0,355.43800000000016,1.0,6.742800000000007,6.0,7.0,0,0,0.0,negative_representative,none
10912,O=S(=O)(O)OCCS(=O)(=O)c1ccc(Nc2nc(Cl)nc(Nc3cc(S(=O)(=O)O)cc4cc(S(=O)(=O)O)c(N=Nc5ccc6c(S(=O)(=O)O)cccc6c5S(=O)(=O)O)c(O)c34)n2)cc1,0,0.0,0.0,1.0,0.0,1026.4180000000003,8.0,4.019500000000002,33.0,15.0,0,0,0.0,negative_representative,fused_ring_like
7661,ClC(Cl)(Cl)Cl,0,0.0,0.0,0.0,0.0,153.823,0.0,2.5529,4.0,0.0,0,0,0.0,negative_representative,none
2689,COCCOCCOCCOC,0,0.0,0.0,0.0,0.0,178.22799999999998,0.0,0.3124,4.0,9.0,0,0,0.0,negative_representative,none
5418,CC(=O)C(N=Nc1cc(Cl)c(-c2cc(Cl)c(N=NC(C(C)=O)C(=O)Nc3ccc(C)cc3C)cc2Cl)cc1Cl)C(=O)Nc1ccc(C)cc1C,0,0.0,0.0,0.0,0.0,754.5020000000001,2.0,10.560879999999992,14.0,11.0,0,0,0.0,negative_representative,none
7706,CC(C)CC1(C)OCC(CO)O1,0,0.0,0.0,0.0,1.0,174.23999999999998,1.0,1.1564,3.0,3.0,0,0,0.0,negative_representative,alcohol
7709,CCCCCCC(=O)Oc1c(Br)cc(C#N)cc1Br,0,0.0,0.0,0.0,0.0,389.0870000000001,0.0,4.959080000000003,5.0,6.0,0,0,0.0,negative_representative,none
10990,CCCCCCCCCCCCCCCCCC(=O)OC(CCCCCC)CCCCCCCCCCC(=O)OCC(CCCCCCCC)CCCCCCCCCC,0,0.0,0.0,0.0,0.0,847.4919999999993,0.0,19.471899999999987,4.0,51.0,0,0,0.0,negative_representative,none
11131,CCC=CCCC=CCCC=CC(O)C(COC1OC(CO)C(O)C(O)C1O)NC(=O)CCCCCCCCC=CC=CCCCCCOC(=O)CCCCCCCC=CCC=CCCCCC,0,0.0,0.0,0.0,1.0,956.399999999999,6.0,11.437899999999992,11.0,44.0,0,0,0.0,negative_representative,alcohol
7751,c1ccc2c(c1)-c1nc-2nc2[nH]c(nc3nc(nc4[nH]c(n1)c1ccccc41)-c1ccccc1-3)c1ccccc21,0,0.0,0.0,1.0,0.0,514.5520000000001,2.0,6.869200000000004,8.0,0.0,0,0,0.0,negative_representative,fused_ring_like
11145,c1ccc2ccccc2c1,0,0.0,0.0,1.0,0.0,128.17399999999995,0.0,2.839800000000001,0.0,0.0,0,0,0.0,negative_representative,fused_ring_like
7756,Cc1cccc(C)c1O,0,0.0,0.0,0.0,0.0,122.167,1.0,2.00904,1.0,0.0,0,0,0.0,negative_representative,none
7783,C=C[Si](ON=C(C)CCC)(ON=C(C)CCC)ON=C(C)CCC,0,0.0,0.0,0.0,0.0,355.5550000000001,0.0,5.228300000000005,7.0,13.0,0,0,0.0,negative_representative,none
2876,CCCCC(CC)COC(=O)c1ccccc1O,0,0.0,0.0,0.0,0.0,250.338,1.0,3.765400000000004,3.0,7.0,0,0,0.0,negative_representative,none
7834,O=C(O)c1cccnc1,0,0.0,0.0,0.0,0.0,123.11099999999998,1.0,0.7797999999999999,3.0,1.0,0,0,0.0,negative_representative,none
11350,CC(=O)N(CC(O)CN(C(C)=O)c1c(I)c(C(=O)NCC(O)CO)c(I)c(C(=O)NCC(O)CO)c1I)c1c(I)c(C(=O)NCC(O)CO)c(I)c(C(=O)NCC(O)CO)c1I,0,0.0,0.0,0.0,1.0,1550.1880000000006,13.0,-1.5868999999999964,27.0,22.0,0,0,0.0,negative_representative,alcohol
2930,O=C(c1ccccc1)c1ccccc1,0,0.0,0.0,0.0,0.0,182.222,0.0,2.917600000000001,1.0,2.0,0,0,0.0,negative_representative,none
7865,CCCCCCCCCCCCCCCCCC,0,0.0,0.0,0.0,0.0,254.5019999999999,0.0,7.267800000000007,0.0,15.0,0,0,0.0,negative_representative,none
2932,O=C(O)c1ccccc1SSc1ccccc1C(=O)O,0,0.0,0.0,0.0,0.0,306.36400000000003,2.0,3.8824000000000014,6.0,5.0,0,0,0.0,negative_representative,none
7868,N=C(N)N,0,0.0,0.0,0.0,0.0,59.072,3.0,-1.1614300000000002,3.0,0.0,0,0,0.0,negative_representative,none
7869,Cc1c(C#N)c(O)n(C)c(=O)c1N=Nc1cccc(OS(=O)(=O)c2ccccc2)c1,0,0.0,0.0,0.0,0.0,424.4380000000001,1.0,3.454100000000002,10.0,5.0,0,0,0.0,negative_representative,none
7877,CC(C)(c1ccc(OP(=O)(Oc2ccccc2)Oc2ccccc2)cc1)c1ccc(OP(=O)(Oc2ccccc2)Oc2ccccc2)cc1,0,0.0,0.0,0.0,0.0,692.6410000000003,0.0,11.302299999999986,10.0,14.0,0,0,0.0,negative_representative,none
5706,C=C(C)C(=O)OCCCCCCCCCCCCCCCC,0,0.0,0.0,0.0,0.0,310.522,0.0,6.587000000000008,2.0,16.0,0,0,0.0,negative_representative,none
3011,[F][Zr]([F])([F])[F],0,0.0,0.0,0.0,0.0,167.21599999999998,0.0,1.6783,5.0,0.0,0,1,0.0,negative_representative,none
3018,[O]=[Mo](=[O])([OH])[OH],0,0.0,0.0,0.0,0.0,161.952,2.0,-1.3541,5.0,0.0,1,1,0.0,negative_representative,none
7979,Nc1ccc(O)cc1[N+](=O)[O-],0,0.0,0.0,0.0,0.0,154.125,2.0,0.8825999999999998,5.0,1.0,0,0,0.0,negative_representative,none
11589,Clc1ccccc1Cl,0,0.0,0.0,0.0,0.0,147.00399999999996,0.0,2.9934000000000003,2.0,0.0,0,0,0.0,negative_representative,none
7995,CCCCCC1CCC(=O)CC1,0,0.0,0.0,0.0,0.0,168.27999999999997,0.0,3.3260000000000023,1.0,4.0,0,0,0.0,negative_representative,none
3086,O=[N+]([O-])N1CN([N+](=O)[O-])CN([N+](=O)[O-])C1,0,0.0,0.0,0.0,0.0,222.117,0.0,-1.6463999999999996,12.0,3.0,0,0,0.0,negative_representative,none
8080,CCC(C)=CCCC(C)=CC#N,0,0.0,0.0,0.0,0.0,163.26399999999998,0.0,3.592780000000002,1.0,4.0,0,0,0.0,negative_representative,none
11643,CCCCCCCCCCCCCCCCOC(=O)CCCCCCCCCCCCCCC,0,0.0,0.0,0.0,0.0,480.8620000000005,0.0,11.492199999999986,2.0,29.0,0,0,0.0,negative_representative,none
8098,O=C(O)c1ccc([N+](=O)[O-])cc1,0,0.0,0.0,0.0,0.0,167.12,1.0,1.293,5.0,2.0,0,0,0.0,negative_representative,none
3099,CC(C)CCC(C)Nc1ccc(Nc2nc(Nc3ccc(NC(C)CCC(C)C)cc3)nc(Nc3ccc(NC(C)CCC(C)C)cc3)n2)cc1,0,0.0,0.0,0.0,0.0,694.029,6.0,11.812199999999986,9.0,21.0,0,0,0.0,negative_representative,none
3144,c1ccc(Nc2ccccc2)cc1,0,0.0,0.0,0.0,0.0,169.227,1.0,3.430200000000001,1.0,2.0,0,0,0.0,negative_representative,none
11665,CC(C)(C)c1ccc(O)c(C(C)(C)C)c1,0,0.0,0.0,0.0,0.0,206.32899999999995,1.0,3.987200000000003,1.0,0.0,0,0,0.0,negative_representative,none
3147,c1ccc(OCC2CO2)cc1,0,1.0,0.0,0.0,0.0,150.177,0.0,1.4641999999999995,2.0,3.0,0,0,0.0,negative_representative,epoxide
11676,C=C(Cl)C(=O)OCCC(F)(F)C(F)(F)C(F)(F)C(F)(F)C(F)(F)C(F)(F)F,0,0.0,0.0,0.0,0.0,452.594,0.0,5.411000000000001,16.0,8.0,0,0,0.0,negative_representative,none
8171,COC(=O)CCCCC(=O)OC,0,0.0,0.0,0.0,0.0,174.196,0.0,0.8927999999999998,4.0,5.0,0,0,0.0,negative_representative,none
11695,C=CCc1ccc(O)c(OC)c1,0,0.0,0.0,0.0,0.0,164.20399999999995,1.0,2.1293,2.0,3.0,0,0,0.0,negative_representative,none
8196,CCCCCCCCCCCCCCCCCCCCO,0,0.0,0.0,0.0,1.0,298.55499999999995,1.0,7.020400000000008,1.0,18.0,0,0,0.0,negative_representative,alcohol
3222,CC(=O)C(N=Nc1ccc(S(=O)(=O)O)cc1[N+](=O)[O-])C(=O)Nc1ccccc1C,0,0.0,0.0,0.0,0.0,420.4030000000001,2.0,2.8299200000000013,12.0,7.0,0,0,0.0,negative_representative,none
3228,CNC(=O)c1cc(C#N)cc(C)c1NC(=O)c1cc(Cn2nnc(C(F)(F)F)n2)nn1-c1ncccc1Cl,0,0.0,0.0,0.0,0.0,544.8850000000001,2.0,2.766300000000001,16.0,6.0,0,0,0.0,negative_representative,none
8204,C[C@]12CCC(=O)C=C1CC[C@@H]1[C@@H]2CC[C@]2(C)C(=O)CC[C@@H]12,0,0.0,0.0,1.0,0.0,286.415,0.0,4.087400000000003,2.0,0.0,0,0,0.0,negative_representative,fused_ring_like
11709,C=C(C)C(=O)OCCOC(=O)C(=C)C,0,0.0,0.0,0.0,0.0,198.218,0.0,1.225,4.0,5.0,0,0,0.0,negative_representative,none
5915,CC(C)(C)c1ccc(OP2OCC3(CO2)COP(Oc2ccc(C(C)(C)C)cc2C(C)(C)C)OC3)c(C(C)(C)C)c1,0,0.0,0.0,1.0,0.0,604.705,0.0,9.868199999999998,8.0,4.0,0,0,0.0,negative_representative,fused_ring_like
8252,CC(=O)C(N=Nc1ccc(-c2ccc(N=NC(C(C)=O)C(=O)Nc3ccc(C)cc3)c(Cl)c2)cc1Cl)C(=O)Nc1ccc(C)cc1,0,0.0,0.0,0.0,0.0,657.5580000000001,2.0,8.637240000000002,12.0,11.0,0,0,0.0,negative_representative,none
11770,O=S(=O)(O)c1ccc(O)cc1,0,0.0,0.0,0.0,0.0,174.177,2.0,0.6389,5.0,1.0,0,0,0.0,negative_representative,none
3258,C1CCNC1,0,0.0,0.0,0.0,0.0,71.123,1.0,0.3697999999999999,1.0,0.0,0,0,0.0,negative_representative,none
3262,CCCCOC(C)=O,0,0.0,0.0,0.0,0.0,116.15999999999998,0.0,1.3496,2.0,3.0,0,0,0.0,negative_representative,none
8265,CC1(C)Nc2cccc3cccc(c23)N1,0,0.0,0.0,1.0,0.0,198.269,2.0,3.4133000000000013,2.0,0.0,0,0,0.0,negative_representative,fused_ring_like
3273,CC1=NNC(=O)N(N=Cc2cccnc2)C1,0,0.0,0.0,0.0,0.0,217.232,1.0,0.8166,6.0,2.0,0,0,0.0,negative_representative,none
3287,O=S(=O)(O)c1cc(O)c(N=Nc2c(O)ccc3ccccc23)c2ccccc12,0,0.0,0.0,1.0,0.0,394.4080000000001,3.0,5.066300000000003,8.0,3.0,0,0,0.0,negative_representative,fused_ring_like
5956,CC(C)CCCCCCCOC(=O)CCCCC(=O)OCCCCCCCC(C)C,0,0.0,0.0,0.0,0.0,426.6820000000003,0.0,7.62640000000001,4.0,21.0,0,0,0.0,negative_representative,none
3293,NCCCCCCN,0,0.0,0.0,0.0,0.0,116.208,2.0,0.4642,2.0,5.0,0,0,0.0,negative_representative,none
11794,CCCCCCCCCCCCCCCC=C1OC(=O)C1CCCCCCCCCCCCCCC,0,0.0,0.0,0.0,0.0,504.8840000000006,0.0,12.005899999999984,2.0,28.0,0,0,0.0,negative_representative,none
8288,CC(C)(C)c1cc(-c2cc(C(C)(C)C)cc(C(C)(C)C)c2O)c(O)c(C(C)(C)C)c1,0,0.0,0.0,0.0,0.0,410.64200000000017,2.0,7.954800000000008,2.0,1.0,0,0,0.0,negative_representative,none
5969,CC(C)CCCCCCCCCCOC(=O)c1ccccc1C(=O)OCCCCCCCCCCC(C)C,0,0.0,0.0,0.0,0.0,530.8340000000004,0.0,10.333999999999994,4.0,24.0,0,0,0.0,negative_representative,none
8326,Nc1ccc(N=Nc2ccc(N=Nc3c(S(=O)(=O)O)cc4cc(S(=O)(=O)O)c(N=Nc5ccc(N=Nc6ccc(N)cc6N)cc5)c(O)c4c3N)cc2)c(N)c1,0,0.0,0.0,1.0,0.0,795.8239999999997,8.0,8.611400000000003,22.0,10.0,0,0,0.0,negative_representative,fused_ring_like
11821,Cc1ccc(C(=O)O)cc1,0,0.0,0.0,0.0,0.0,136.15,1.0,1.69322,2.0,1.0,0,0,0.0,negative_representative,none
11824,Cc1ccc([N+](=O)[O-])cc1,0,0.0,0.0,0.0,0.0,137.138,0.0,1.90322,3.0,1.0,0,0,0.0,negative_representative,none
11825,CCCCCCCCSc1nc(Nc2cc(C(C)(C)C)c(O)c(C(C)(C)C)c2)nc(SCCCCCCCC)n1,0,0.0,0.0,0.0,0.0,588.9720000000001,2.0,10.82099999999999,7.0,18.0,0,0,0.0,negative_representative,none
3326,Oc1ccccc1-c1nc(Nc2ccccc2)nc(-c2ccccc2O)n1,0,0.0,0.0,0.0,0.0,356.3850000000001,3.0,4.360400000000003,6.0,4.0,0,0,0.0,negative_representative,none
6028,CC(c1ccc(O)cc1)(c1ccc(O)cc1)c1ccc(O)cc1,0,0.0,0.0,0.0,0.0,306.36100000000005,3.0,4.157700000000002,3.0,3.0,0,0,0.0,negative_representative,none
8526,CC(CC(=O)OCC(COCC(COC(=O)CC(C)CC(C)(C)C)(COC(=O)CC(C)CC(C)(C)C)COC(=O)CC(C)CC(C)(C)C)(COC(=O)CC(C)CC(C)(C)C)COC(=O)CC(C)CC(C)(C)C)CC(C)(C)C,0,0.0,0.0,0.0,0.0,1095.6349999999989,0.0,15.009399999999973,13.0,34.0,0,0,0.0,negative_representative,none
6061,CNC(=O)c1cc(Oc2ccc(NC(=O)Nc3ccc(Cl)c(C(F)(F)F)c3)cc2)ccn1,0,0.0,0.0,0.0,0.0,464.8310000000001,3.0,5.549700000000003,11.0,5.0,0,0,0.0,negative_representative,none
6079,C=C(C)C(=O)OCCN(C)C,0,0.0,0.0,0.0,0.0,157.213,0.0,0.6673,3.0,4.0,0,0,0.0,negative_representative,none
6081,C1CCCC1,0,0.0,0.0,0.0,0.0,70.135,0.0,1.9505,0.0,0.0,0,0,0.0,negative_representative,none
6083,Nc1ccc(NCCO)c([N+](=O)[O-])c1,0,0.0,0.0,0.0,1.0,197.194,3.0,0.5811999999999999,6.0,4.0,0,0,0.0,negative_representative,alcohol
8610,FC(F)(F)C=CC(F)(F)F,0,0.0,0.0,0.0,0.0,164.04799999999997,0.0,2.6672,6.0,0.0,0,0,0.0,negative_representative,none
3453,CCN(CC)c1ccc(C(=C2C=CC(=[N+](CC)CC)C=C2)c2ccc(S(=O)(=O)O)cc2S(=O)(=O)[O-])cc1,0,0.0,0.0,0.0,0.0,544.6950000000002,1.0,4.104800000000004,10.0,9.0,0,0,0.0,negative_representative,none
6106,C=CC(=O)OCCOCC(CC)(COCCOC(=O)C=C)COCCOC(=O)C=C,0,0.0,0.0,0.0,0.0,428.4780000000003,0.0,1.6202,9.0,19.0,0,0,0.0,negative_representative,none
3481,CCCCCCCCCCCCCOP(OCCCCCCCCCCCCC)Oc1cc(C)c(C(CCC)c2cc(C(C)(C)C)c(OP(OCCCCCCCCCCCCC)OCCCCCCCCCCCCC)cc2C)cc1C(C)(C)C,0,0.0,0.0,0.0,0.0,1239.9519999999986,0.0,28.35224000000008,8.0,60.0,0,0,0.0,negative_representative,none
6121,CCOP(=S)(OCC)Oc1nc(Cl)c(Cl)cc1Cl,0,0.0,0.0,0.0,0.0,350.591,0.0,4.718100000000002,9.0,6.0,0,0,0.0,negative_representative,none
3483,O=C(O)C(O)C(O)C(O)C(O)C(O)CO,0,0.0,0.0,0.0,1.0,226.181,7.0,-4.132199999999999,8.0,6.0,0,0,0.0,negative_representative,alcohol
3541,C=CCOC(=O)c1ccccc1C(=O)OCC=C,0,0.0,0.0,0.0,0.0,246.262,0.0,2.3722000000000003,4.0,6.0,0,0,0.0,negative_representative,none
8797,O=C(O)c1cc(S(=O)(=O)O)ccc1N=NC(N=Nc1cc(S(=O)(=O)O)cc(Nc2nc(Cl)nc(Nc3cc(S(=O)(=O)O)c(Nc4nc(Cl)nc(Nc5cccc(S(=O)(=O)O)c5)n4)cc3S(=O)(=O)O)n2)c1O)c1ccccc1,0,0.0,0.0,0.0,0.0,1199.963,11.0,6.541500000000004,39.0,19.0,0,0,0.0,negative_representative,none
8855,C=CCOCC(CC)(CO)COCC=C,0,0.0,0.0,0.0,1.0,214.305,1.0,1.7803,3.0,10.0,0,0,0.0,negative_representative,alcohol
3598,CC(C)(C)c1ccc(C(=O)[O][Al][O]C(=O)c2ccc(C(C)(C)C)cc2)cc1,0,0.0,0.0,0.0,0.0,381.4280000000001,0.0,4.829600000000005,5.0,4.0,0,1,0.0,negative_representative,none
9271,O=S(=O)(O)c1ccc(S(=O)(=O)O)c(Nc2nc(Nc3ccc(C=Cc4ccc(Nc5nc(Nc6cc(S(=O)(=O)O)ccc6S(=O)(=O)O)nc(N(CCO)CCO)n5)cc4S(=O)(=O)O)c(S(=O)(=O)O)c3)nc(N(CCO)CCO)n2)c1,0,0.0,0.0,0.0,1.0,1237.2560000000003,14.0,0.2636000000000021,40.0,26.0,0,0,0.0,negative_representative,alcohol
6319,CCCCCCCCCCCCCCCCCC(=O)OCC(O)CO,0,0.0,0.0,0.0,1.0,358.56300000000005,2.0,5.144300000000007,4.0,19.0,0,0,0.0,negative_representative,alcohol
9315,O=C(O)CCCCCCCCCCC(=O)O,0,0.0,0.0,0.0,0.0,230.304,2.0,3.0566000000000013,4.0,11.0,0,0,0.0,negative_representative,none
3672,OB1OB2OB(O)OB(O1)O2,0,0.0,0.0,1.0,0.0,157.25699999999998,2.0,-2.9792000000000005,11.0,0.0,0,0,0.0,negative_representative,fused_ring_like
3680,Cc1cccc(S(=O)(=O)O)c1N=Nc1c(N)nc(N)[nH]c1=O,0,0.0,0.0,0.0,0.0,324.32200000000006,4.0,0.90482,11.0,3.0,0,0,0.0,negative_representative,none
6357,C#CCOCCOCCOCCOCCOCCOCCOCCOCCOCCOCCOCCOCCOCCO,0,0.0,0.0,0.0,1.0,628.7530000000004,1.0,-0.17229999999999,14.0,39.0,0,0,0.0,negative_representative,alcohol
9389,CC(C)(c1ccccc1)c1cc(-n2nc3ccccc3n2)c(O)c(C(C)(C)c2ccccc2)c1,0,0.0,0.0,1.0,0.0,447.58200000000016,1.0,6.777900000000007,4.0,5.0,0,0,0.0,negative_representative,fused_ring_like
6384,CC(C)(C)c1cc(CCC(=O)NNC(=O)CCc2cc(C(C)(C)C)c(O)c(C(C)(C)C)c2)cc(C(C)(C)C)c1O,0,0.0,0.0,0.0,0.0,552.8000000000004,4.0,7.000600000000009,6.0,6.0,0,0,0.0,negative_representative,none
9401,CC(=O)Nc1cccc(Nc2cc(S(=O)(=O)O)c(N)c3c2C(=O)c2ccccc2C3=O)c1,0,0.0,0.0,1.0,0.0,451.4600000000002,4.0,2.992900000000001,10.0,4.0,0,0,0.0,negative_representative,fused_ring_like
6394,FC(F)(F)c1ccc(Cl)c(Cl)c1,0,0.0,0.0,0.0,0.0,215.001,0.0,4.012200000000001,5.0,0.0,0,0,0.0,negative_representative,none
9408,CCC(=O)OCC=C(C)C=CC=C(C)C=CC1=C(C)CCCC1(C)C,0,0.0,0.0,0.0,0.0,342.5230000000002,0.0,6.471200000000007,2.0,7.0,0,0,0.0,negative_representative,none
3733,OC(Cn1cnnn1)(c1ccc(F)cc1F)C(F)(F)c1ccc(-c2ccc(OCC(F)(F)F)cc2)cn1,0,0.0,0.0,0.0,1.0,527.4000000000002,1.0,4.6342000000000025,14.0,8.0,0,0,0.0,negative_representative,alcohol
9440,CCCCCCCCCCCCCCCCCC(=O)OCC(COCC(COC(=O)CCCCCCCCCCCCCCCCC)(COC(=O)CCCCCCCCCCCCCCCCC)COC(=O)CCCCCCCCCCCCCCCCC)(COC(=O)CCCCCCCCCCCCCCCCC)COC(=O)CCCCCCCCCCCCCCCCC,0,0.0,0.0,0.0,0.0,1853.0930000000003,0.0,37.80399999999999,13.0,112.0,0,0,0.0,negative_representative,none
3784,Oc1ccc2ccccc2c1,0,0.0,0.0,1.0,0.0,144.17299999999997,1.0,2.5454,1.0,0.0,0,0,0.0,negative_representative,fused_ring_like
3849,CCOC(=O)CC(NC1CCC(CC2CCC(NC(CC(=O)OCC)C(=O)OCC)C(C)C2)CC1C)C(=O)OCC,0,0.0,0.0,0.0,0.0,582.7790000000003,2.0,3.935100000000004,10.0,16.0,0,0,0.0,negative_representative,none
6471,CCC(C)=NO[Si](ON=C(C)CC)(ON=C(C)CC)ON=C(C)CC,0,0.0,0.0,0.0,0.0,372.54200000000014,0.0,4.632000000000004,9.0,12.0,0,0,0.0,negative_representative,none
